compound_id,target_id,target_family,molecular_weight,alogP,HBD,HBA,rotatable_bonds,TPSA,assay_type,assay_pH,assay_temp_C,data_source,assay_confidence,pKd,interaction,fp_pc1,fp_pc2,fp_pc3,fp_pc4,fp_pc5,fp_pc6,fp_pc7,fp_pc8,fp_pc9,fp_pc10,fp_pc11,fp_pc12,fp_pc13,fp_pc14,fp_pc15,fp_pc16,prot_emb1,prot_emb2,prot_emb3,prot_emb4,prot_emb5,prot_emb6,prot_emb7,prot_emb8
CMPD_10000,TRG_2000,GPCR,364.216,-0.031,0,6,0,171.363,Functional Assay,7.18,24.8,BindingDB,0.293,5.937,0,0.4556,0.0664,1.2137,-0.4645,-0.015,0.4519,-1.1572,0.1285,-0.619,0.6464,-1.5373,0.7983,0.6549,-2.2605,0.6261,-0.5077,0.1678,-1.724,0.5823,0.1698,-1.7235,1.3685,-1.0194,-1.5513
CMPD_10001,TRG_2001,Enzyme,243.172,2.35,1,4,4,6.171,Functional Assay,7.3,29.2,ChEMBL,0.542,7.292,1,3.4711,0.0586,1.22,0.0333,-0.496,0.4682,1.559,-1.6043,0.4513,-1.8755,0.9304,0.182,-1.2052,-0.0864,-0.7991,2.0169,2.4599,-0.1046,0.3039,0.5047,1.4363,-0.417,-2.0595,1.4643
CMPD_10002,TRG_2002,Transporter,380.416,-0.208,0,6,8,36.932,HTS,6.58,28.3,Literature,0.769,5.084,0,-0.0654,0.0858,-1.3876,-1.2194,0.9835,0.5502,-0.1091,0.1701,0.4617,1.298,0.543,1.0472,-0.6518,-0.1392,1.1486,1.2097,-0.7038,0.0054,0.6599,0.5678,0.6013,1.0836,-1.4078,0.3546
CMPD_10003,TRG_2003,IonChannel,398.847,3.868,0,7,3,116.224,Binding Assay,7.45,23.8,InHouse,0.918,7.183,1,1.0238,0.0701,-0.2378,0.8195,-0.1401,0.3404,1.6426,0.122,0.929,1.7002,-0.6639,-1.0498,-0.1339,1.1018,-1.1075,0.7323,-1.3559,-1.0893,-0.0694,0.4214,-0.8251,-0.893,-1.1311,0.9352
CMPD_10004,TRG_2004,Kinase,394.783,2.648,0,3,3,194.899,HTS,7.65,20.1,Literature,0.248,3.669,0,0.118,0.0869,-1.8907,0.7508,0.1245,-1.7613,0.1823,0.6145,1.761,0.2695,-1.7216,-1.2114,-0.2309,0.4525,0.6675,1.5726,-0.6149,0.8191,-0.2503,0.3985,1.7666,1.928,1.4875,-1.2206
CMPD_10005,TRG_2005,Kinase,436.462,-0.124,0,3,7,157.582,Functional Assay,7.63,24.8,BindingDB,0.562,7.29,1,0.5765,0.9158,0.4434,-1.3066,-0.5166,-1.5341,-1.9425,-0.1999,1.327,0.8334,0.8025,-0.2026,1.0627,-0.0177,-1.4799,-0.9207,-0.5323,0.3665,-0.5272,0.1136,-1.1169,0.3469,2.2416,1.0319
CMPD_10006,TRG_2006,Kinase,416.714,1.943,1,5,4,123.699,SPR,6.47,21.5,BindingDB,0.746,8.965,1,0.9655,0.2302,1.4127,2.0874,0.4994,-0.3541,-0.2205,-0.621,2.096,-0.6355,-1.3123,-0.2122,0.1986,1.472,0.9051,-1.5762,-1.9618,-0.3891,-0.6449,-1.6488,-0.8202,-0.6332,0.7171,-0.475
CMPD_10007,TRG_2007,Enzyme,386.734,1.146,0,3,2,97.777,Binding Assay,7.8,25.1,BindingDB,0.661,5.589,0,0.2962,0.4107,1.2461,0.714,-0.9404,0.2503,-0.4764,-0.177,-0.585,0.0998,-0.8927,-1.0181,1.8243,1.2742,-0.8262,-0.5199,-0.4192,0.0024,-0.4722,-0.9058,-0.4481,0.5137,0.075,-0.6759
CMPD_10008,TRG_2008,IonChannel,344.387,3.075,0,2,1,146.403,Functional Assay,6.6,21.8,ChEMBL,0.794,3.193,0,-0.5916,-0.0093,-0.7221,0.4311,0.2033,1.9642,0.4477,0.2694,-2.597,-0.9191,-0.1278,-0.2308,-0.1884,2.6107,0.5767,-0.3898,-0.621,-0.3111,-1.1019,0.6744,1.6565,-0.3574,-0.3556,0.2815
CMPD_10009,TRG_2009,Transporter,217.123,4.913,1,8,7,72.257,HTS,7.18,28.8,InHouse,0.771,5.492,0,-0.832,1.7418,1.0158,-0.0756,-1.3219,-1.9565,0.4721,-0.1054,0.1736,0.5798,1.728,-0.0326,0.7028,-0.3077,-0.3903,1.3761,0.5165,-0.4081,-2.8353,1.9146,-0.4251,1.0398,0.353,0.0462
CMPD_10010,TRG_2010,Kinase,384.369,-0.875,1,2,5,184.581,HTS,6.23,27.1,Literature,0.268,6.691,1,-0.6655,-0.612,0.6836,-0.0817,-0.2899,-0.469,-0.5848,1.475,-0.5492,-0.5801,0.6368,-1.0908,1.4217,-0.0894,0.1296,0.5073,-0.0834,-0.504,-0.1968,-1.6053,1.4011,-0.3416,0.8353,-0.289
CMPD_10011,TRG_2011,Enzyme,366.615,2.707,0,7,2,42.476,Binding Assay,7.09,27.0,ChEMBL,0.489,6.86,1,-0.6414,-2.315,-2.201,-1.0552,0.3254,-0.518,-0.2963,-0.3436,1.7885,-0.8712,0.6397,0.3482,1.2883,-0.3241,0.3476,0.2554,0.9712,0.2165,-0.5055,0.471,0.7682,-0.4313,-0.0176,-0.2479
CMPD_10012,TRG_2012,Enzyme,371.726,2.212,0,7,6,128.464,Binding Assay,6.6,28.2,ChEMBL,0.573,6.199,0,0.5466,0.488,-0.1088,-0.9732,0.9509,-1.4662,0.6345,-1.1597,-0.193,0.892,0.1398,0.3909,-1.5241,-0.1885,0.7446,0.1223,2.1435,1.3337,-0.4949,-0.8744,0.4972,0.7397,0.0208,1.3356
CMPD_10013,TRG_2013,Kinase,247.86,3.708,1,7,3,51.826,Functional Assay,6.93,26.2,InHouse,0.248,9.293,1,1.3094,0.1978,-0.768,0.2312,0.1805,0.6562,-2.6726,0.0651,1.6852,0.0074,0.2886,0.6197,-0.7922,-0.8496,-0.2632,-0.9332,-0.1472,-0.408,-0.7392,1.5237,-0.1473,2.3648,1.8863,0.1769
CMPD_10014,TRG_2014,Kinase,263.515,2.884,2,7,3,95.626,HTS,7.24,26.6,ChEMBL,0.358,5.667,0,-0.1509,-2.4648,1.1539,0.6767,0.497,1.0123,2.046,1.1358,1.5375,0.2405,-0.308,-1.3365,0.9074,-1.0281,-1.7779,-0.2647,0.8257,-0.6344,-0.4582,-0.8497,-0.2471,-2.6751,-0.1283,1.0622
CMPD_10015,TRG_2015,Kinase,434.252,1.146,1,3,1,140.31,Binding Assay,7.7,29.3,BindingDB,0.613,3.965,0,1.0849,0.1158,0.6778,0.0595,0.3315,0.4144,-0.3112,-0.1504,-0.3576,-1.7979,-1.2225,0.2009,-0.4014,-0.8308,-0.4364,0.6317,-1.57,-1.0065,-0.0428,-1.2868,-0.5447,-1.2998,0.0024,-2.0331
CMPD_10016,TRG_2016,GPCR,346.836,1.926,0,6,5,124.437,Functional Assay,7.68,24.6,InHouse,0.936,6.346,0,0.4738,-0.5559,-1.4618,0.8089,-1.1533,0.4737,0.1352,-0.1884,-0.7714,-0.773,-1.7636,-0.0229,1.0074,-0.5665,1.1981,-0.497,1.1058,-0.0736,-1.6121,0.315,-0.6602,-1.4058,0.4947,0.8602
CMPD_10017,TRG_2017,IonChannel,404.52,1.067,1,5,3,160.459,SPR,5.8,26.8,ChEMBL,0.827,5.015,0,-1.079,3.1766,1.3081,0.4017,-0.2545,-0.3074,0.8715,1.9008,-0.0415,-0.446,-0.7989,-2.8928,-0.9041,-0.5911,0.1922,2.7306,1.2427,-0.3168,0.2651,1.2,0.3892,0.7243,-2.4649,-1.2095
CMPD_10018,TRG_2018,GPCR,352.265,4.437,1,5,4,161.271,SPR,7.61,21.8,InHouse,0.73,5.308,0,-0.0761,-0.0388,-0.3844,0.371,0.3906,-0.6917,0.3069,0.7256,0.2086,-0.004,0.536,-0.2689,1.2525,-0.4893,-0.9567,-0.1784,-0.7872,0.2832,0.3617,-0.161,-0.277,1.1276,-0.4096,-0.1669
CMPD_10019,TRG_2019,GPCR,352.38,2.538,1,1,4,183.783,Functional Assay,7.32,25.2,BindingDB,0.193,8.332,1,-1.1434,0.5028,0.4155,0.8388,-0.6549,-1.0353,1.2782,-0.8872,1.3804,-1.5091,1.5659,1.0276,-0.7993,-0.2302,-0.6123,0.4161,-0.1165,-1.2599,-0.9367,0.8949,-0.0459,-0.1118,-0.144,-1.4621
CMPD_10020,TRG_2020,IonChannel,425.063,5.922,1,7,7,128.151,Binding Assay,6.86,31.8,Literature,0.619,4.587,0,-0.3654,0.9693,1.0579,-0.9131,-0.3095,-0.2671,-0.7524,-1.3531,-1.1045,0.4074,0.5268,0.6961,-0.1976,0.841,0.3802,1.3587,-1.4181,0.789,1.6136,-1.8494,-1.8509,0.1824,1.2044,0.1746
CMPD_10021,TRG_2021,Kinase,308.716,2.391,1,8,4,70.921,HTS,6.67,27.4,InHouse,0.822,6.786,1,-0.5594,-0.8924,0.3258,0.8616,1.0085,0.3262,-0.7413,-0.735,-1.142,-0.3325,-0.2681,-0.4461,0.6782,0.9545,-0.4815,1.2052,-1.113,1.4868,-0.6184,-0.6065,-0.3696,0.9612,-0.5515,0.8483
CMPD_10022,TRG_2022,GPCR,357.69,1.225,2,3,3,58.274,Functional Assay,7.16,24.7,Literature,0.17,6.43,0,0.7997,2.9825,-1.9576,0.3325,0.2316,0.0908,-0.0282,2.6061,-1.3314,-0.4308,0.5067,0.9418,0.7815,-0.1667,1.2726,0.28,-1.1244,-0.4167,1.1887,-3.0397,-0.8569,-1.0225,-0.6083,2.0862
CMPD_10023,TRG_2023,GPCR,313.018,-0.225,2,4,2,111.301,SPR,7.34,25.8,ChEMBL,0.199,5.558,0,-0.455,0.0175,-1.3045,1.1619,1.2903,-0.0769,-0.5839,2.1603,-0.0895,1.8368,0.086,-0.3298,-1.0782,0.382,0.9996,1.3903,-1.0453,-0.4333,-1.1296,0.4379,-1.4751,-0.0159,-0.1885,1.0018
CMPD_10024,TRG_2024,GPCR,315.24,-0.746,4,5,2,127.969,Binding Assay,7.43,24.9,ChEMBL,0.979,4.548,0,-0.3781,-1.3273,1.5229,0.899,-0.1265,0.9026,-1.4826,-1.6413,0.6981,0.7497,-1.9392,-0.471,-0.2751,0.984,0.0221,-1.1562,0.7672,-1.0187,-0.9583,-1.1857,0.1742,-0.1056,-0.5016,0.0172
CMPD_10025,TRG_2025,Transporter,325.266,-0.351,0,4,2,43.642,Functional Assay,7.08,25.7,ChEMBL,0.257,6.07,0,0.5247,-0.3011,-1.0519,0.8755,-0.1759,-0.3558,-0.3962,0.5882,-0.5253,-0.1447,-0.9344,0.3345,-0.4795,0.3732,-1.1007,1.4372,0.6283,-1.0816,0.242,-0.2039,0.1944,-0.0132,-0.4721,-1.4102
CMPD_10026,TRG_2026,Kinase,367.771,2.981,2,2,4,156.118,Binding Assay,5.69,23.8,BindingDB,0.937,6.093,0,-0.0914,0.8476,0.0874,2.8324,-0.8963,0.3292,0.9078,-0.5771,-1.1701,-1.533,1.8728,-0.0627,-0.3449,0.3998,-0.0625,0.7162,0.7254,0.0502,2.1066,-0.356,0.3285,-0.0977,-1.789,-0.1714
CMPD_10027,TRG_2027,IonChannel,311.7,3.416,2,8,4,89.456,Binding Assay,6.9,26.5,Literature,0.719,6.728,1,-0.7504,-0.7931,-1.014,-0.4806,0.2675,-1.9734,1.4692,1.4761,-1.151,-2.4448,-1.3666,-0.5327,-0.5032,1.0224,0.7195,1.8378,-0.2832,1.3272,0.3682,-0.1709,0.1958,-0.4625,-0.4566,0.245
CMPD_10028,TRG_2028,IonChannel,450.46,-0.346,2,4,4,84.905,SPR,6.49,26.6,BindingDB,0.765,6.569,1,-1.3525,-0.2117,0.2538,-0.1241,1.2338,0.4311,2.2439,0.6261,0.5525,-1.065,0.336,-0.8847,-0.3982,0.1078,0.4966,1.827,-1.3733,1.1414,-0.7624,-1.3461,0.4441,1.4284,0.7824,0.1527
CMPD_10029,TRG_2029,Kinase,278.431,4.111,2,7,4,49.598,Functional Assay,8.43,25.0,InHouse,0.832,7.74,1,0.8558,0.1693,1.5774,-0.9874,-0.7549,-0.322,-0.2132,-0.8751,-0.2803,-0.3937,0.6971,1.0906,0.3527,1.551,-0.5633,0.9735,-0.342,-0.6659,0.4635,0.8649,-0.2017,0.3295,-0.6796,2.0915
CMPD_10030,TRG_2030,IonChannel,335.05,1.63,0,7,5,62.785,Functional Assay,7.24,25.4,ChEMBL,0.81,7.291,1,-0.6675,-0.7339,-0.4114,0.7403,-1.3619,-0.0431,1.6811,1.2665,1.2323,-1.5914,0.7393,-1.1821,-1.1971,-0.2067,-2.5894,0.2001,-0.6227,0.1986,0.197,0.3406,0.2171,0.0349,0.4147,1.2846
CMPD_10031,TRG_2031,Kinase,314.822,2.764,1,2,3,57.428,Binding Assay,7.64,26.0,ChEMBL,0.886,4.503,0,0.3293,0.4832,0.0991,2.6392,0.2819,-0.4648,-0.0528,0.7087,1.709,-1.5088,-1.375,-0.9295,0.5789,0.3692,1.2173,-0.7011,1.1934,1.0298,0.4294,-0.652,0.2827,-0.8835,-0.1115,-0.1481
CMPD_10032,TRG_2032,Kinase,465.758,5.402,2,6,3,162.524,Functional Assay,7.58,23.4,Literature,0.555,7.191,1,-0.0311,-0.3555,-2.3694,0.6135,-0.4859,0.0798,-0.2456,0.7026,-0.8046,-1.9446,0.7511,0.1974,0.0375,-1.0286,-0.0472,-0.9927,-0.8494,-0.9932,0.1089,0.2125,0.0406,1.245,1.3533,-0.6845
CMPD_10033,TRG_2033,Enzyme,365.724,4.114,1,6,1,144.27,Binding Assay,7.39,26.5,BindingDB,0.548,4.879,0,1.5056,-0.6396,-1.0652,-1.1761,-0.123,0.1555,2.0217,0.8732,-0.5435,1.9142,0.498,-0.2316,1.5245,-1.3307,-0.9283,0.2658,-0.1615,-0.4134,-0.5866,2.723,1.4912,0.1877,-1.1766,0.006
CMPD_10034,TRG_2034,Enzyme,432.548,2.017,1,4,6,197.73,Functional Assay,6.95,27.3,InHouse,0.43,6.688,1,0.3261,-0.7193,0.865,1.4953,-0.5432,-0.9463,0.1771,0.7005,-0.6138,0.7154,1.3057,-0.7172,-1.7873,-1.59,-0.3162,1.9984,0.4651,-0.9819,-0.208,0.9754,0.5653,3.2063,1.0287,0.544
CMPD_10035,TRG_2035,Enzyme,231.155,0.896,1,1,6,41.418,Binding Assay,6.87,29.4,ChEMBL,0.287,4.602,0,0.947,-0.8333,2.1434,-1.5573,0.579,0.39,-0.1952,-0.4152,0.8477,-0.635,0.3194,-1.0386,0.8189,0.9795,0.5931,0.2566,0.189,1.8847,0.5751,-1.3221,2.4002,-0.4691,-0.8053,0.2825
CMPD_10036,TRG_2036,GPCR,371.364,-1.373,1,4,5,125.127,SPR,5.99,26.0,Literature,0.729,6.718,1,-1.0424,-0.4976,0.0728,-0.3791,-0.5849,1.3118,-0.8808,0.9287,-1.0886,-0.9585,-1.3161,0.701,0.4697,-0.5535,-0.2689,-0.4435,-0.5546,-0.6087,1.4495,-0.3488,0.279,0.9627,0.0009,-0.8425
CMPD_10037,TRG_2037,Kinase,421.17,1.206,0,6,4,100.47,SPR,7.29,23.3,BindingDB,0.803,4.589,0,0.3475,-0.5016,0.6058,-0.4269,-0.708,-0.6142,0.6655,0.7454,-0.7686,-0.568,-1.5447,0.4226,-0.4111,-0.7039,-0.1684,0.4755,-0.7039,0.821,1.4983,-0.1219,-1.8131,-0.3695,-1.0431,-0.8801
CMPD_10038,TRG_2038,Transporter,356.583,2.12,0,4,3,107.78,Binding Assay,7.38,24.7,InHouse,0.784,6.446,0,-0.1272,-0.4088,0.4258,0.5256,-0.0272,-0.0591,-0.4136,-0.9698,2.23,-0.1582,-0.6232,0.6362,-0.8266,0.6563,-0.4719,-0.8636,-0.2382,-0.0837,-0.3412,-0.3727,-1.0944,-0.0263,-1.0595,0.9548
CMPD_10039,TRG_2039,GPCR,435.238,0.723,0,8,2,71.356,Binding Assay,7.17,21.6,ChEMBL,0.85,5.157,0,-0.6059,-0.4613,0.1134,0.6125,-1.3029,-0.0438,0.227,0.2906,0.5007,1.3336,0.7442,0.4315,-1.0768,0.2231,0.1177,-0.5134,0.2367,-1.5571,0.1187,-0.0311,0.3457,0.3587,1.3416,-0.866
CMPD_10040,TRG_2040,Kinase,308.617,2.264,1,4,3,47.657,Functional Assay,7.29,27.2,BindingDB,0.759,7.655,1,0.4105,0.1785,-1.2498,0.0257,-0.6082,-0.3845,0.3161,-1.8891,0.6255,0.0233,-1.036,-1.7378,0.4674,1.3207,-1.3657,-0.112,-1.9031,1.175,-0.5376,1.0162,0.2255,-0.6868,-0.6422,-1.4027
CMPD_10041,TRG_2041,GPCR,462.748,2.638,3,10,4,170.947,Functional Assay,6.48,18.8,Literature,0.874,5.689,0,-0.5118,-0.0518,-0.7072,-0.4895,-0.8217,-1.0034,-1.1399,0.8189,-0.2972,1.3687,-2.7693,-0.0229,-2.3974,0.8408,-0.2708,-1.0203,1.513,-0.3887,0.8698,-1.4645,-0.642,-0.3347,-0.5285,-0.5268
CMPD_10042,TRG_2042,Kinase,533.912,2.095,1,5,4,100.835,SPR,7.02,28.1,Literature,0.35,6.553,1,0.2498,0.1034,-0.325,-1.691,0.7346,-1.0669,-0.0857,-1.9324,-0.5414,-0.2779,-1.6111,-1.3966,0.0595,1.3893,0.7755,-0.9223,2.3859,0.3654,1.1849,0.5303,0.457,-0.0731,1.2826,-1.5314
CMPD_10043,TRG_2043,Enzyme,320.973,1.33,1,7,4,120.885,Functional Assay,6.81,28.4,ChEMBL,0.668,6.091,0,0.7559,0.4734,0.4218,0.3801,0.188,0.2464,-0.655,-0.84,-0.033,1.0475,1.4769,-0.769,0.0711,-0.8434,-0.0463,0.4402,-0.3428,1.8959,-0.0631,-0.5202,-0.6912,-0.8178,0.9566,0.9764
CMPD_10044,TRG_2044,GPCR,314.36,2.804,3,3,8,67.262,Binding Assay,7.6,16.2,ChEMBL,0.763,6.229,0,0.0835,0.9889,-1.9388,-0.2248,0.6665,-0.8626,0.4512,-0.3278,-0.8341,-0.4876,0.0704,0.636,0.1088,-1.0956,-0.25,0.1222,1.1369,-0.3011,-0.3838,-1.212,1.5477,-0.9915,0.8573,-1.5659
CMPD_10045,TRG_2045,Transporter,466.271,3.295,1,5,3,62.86,Binding Assay,7.22,28.8,BindingDB,0.729,5.432,0,1.2234,1.9341,0.0058,1.2513,-0.7833,-0.4217,-0.0909,0.2928,-1.5978,0.6167,-1.0173,-0.2532,-0.3895,-0.4308,1.5368,0.7215,-0.3095,-0.8726,1.3176,0.0175,-0.8377,1.7207,-0.6598,0.4511
CMPD_10046,TRG_2046,GPCR,476.366,0.537,0,7,4,41.367,Binding Assay,6.82,28.1,ChEMBL,0.729,5.953,0,1.6764,-1.0904,0.1548,-1.7425,1.5165,0.3402,0.1552,0.2727,-0.895,-0.5436,-0.7608,0.5691,-0.4906,-1.2658,1.3248,-0.1321,1.604,-0.2063,-0.5625,0.925,-0.2003,1.6025,-0.5065,0.4071
CMPD_10047,TRG_2047,IonChannel,308.171,5.04,1,5,3,150.99,Binding Assay,7.1,24.1,InHouse,0.113,3.124,0,-1.1692,1.2803,0.6918,-0.2242,-1.787,0.3707,1.0796,-0.4999,0.597,-0.7847,-0.1088,-0.7086,0.2614,1.5317,-0.1054,-0.0869,-0.9358,1.4156,0.5376,1.6308,0.3835,0.262,0.6259,0.1749
CMPD_10048,TRG_2048,IonChannel,316.385,2.323,0,4,5,18.699,Functional Assay,6.58,21.4,ChEMBL,0.836,5.843,0,0.5672,-0.5091,-0.2042,-0.2728,0.6299,0.6513,0.1439,0.1688,1.3087,0.6667,-0.0598,-0.661,0.9797,0.6297,0.441,0.4243,1.6275,-0.5963,1.4718,-0.7283,-0.2826,-0.1642,0.7751,2.5798
CMPD_10049,TRG_2049,Kinase,327.457,2.534,0,6,6,95.662,Binding Assay,7.0,22.5,ChEMBL,0.956,5.048,0,0.5884,-0.5553,1.5246,0.0889,-0.3803,1.2334,0.2777,0.6629,0.4098,-1.0545,0.9934,-0.7069,-2.0142,0.084,0.442,0.6136,-0.3053,-0.8465,0.9102,-0.1774,-1.0181,0.7592,0.0401,-0.6472
CMPD_10050,TRG_2050,Enzyme,242.444,3.775,4,5,7,86.891,HTS,7.55,22.7,InHouse,0.465,6.195,0,-0.4481,0.5758,0.78,-0.4539,-0.267,1.3671,-0.7354,0.3344,0.1639,1.1446,0.0782,-0.615,0.8745,1.0519,-0.47,-0.489,-0.3902,-1.1428,-0.5922,1.4072,-0.0729,-0.56,0.6083,0.1327
CMPD_10051,TRG_2051,Transporter,276.508,2.92,1,4,7,30.424,SPR,6.4,28.9,BindingDB,0.45,3.197,0,-0.1918,-0.4603,-1.3977,0.2706,-1.5657,0.8288,-0.5627,-2.0075,-1.6272,1.318,-1.1931,0.4607,-0.0976,-1.5025,-0.6096,-0.0244,-0.4864,-0.7554,0.1107,-0.0313,0.6633,-0.6039,-0.384,0.0342
CMPD_10052,TRG_2052,Enzyme,269.669,4.216,0,3,3,58.76,HTS,7.16,23.7,InHouse,0.522,7.115,1,0.5782,0.3566,2.7068,0.7921,1.4309,0.7377,0.1932,-0.9203,0.4831,-0.1866,0.2568,-0.2939,0.7597,0.0981,0.902,-0.7524,-0.2901,0.2817,-0.103,-0.8468,1.4649,-2.1432,1.0402,0.2902
CMPD_10053,TRG_2053,Enzyme,288.576,3.017,2,5,3,105.726,HTS,6.75,27.7,Literature,0.588,7.153,1,1.0924,1.5755,0.2952,-0.5267,1.3013,1.4078,-1.0304,-0.1906,0.0512,1.5369,0.2318,-0.1923,0.9647,1.2447,1.5652,0.1032,0.7458,-1.3783,1.1312,-1.1921,-3.1635,-0.2151,-0.547,0.3276
CMPD_10054,TRG_2054,IonChannel,347.225,1.398,0,4,3,115.9,Binding Assay,6.4,24.6,ChEMBL,0.641,5.302,0,-0.1271,1.6368,0.6432,0.4556,-0.8527,0.3027,1.5667,-1.5334,-0.9741,-1.4375,0.9387,0.2826,-0.0608,-1.3748,0.2682,1.1359,-0.9389,2.3222,-2.0287,0.1654,-0.3146,-1.0825,1.2653,-1.3963
CMPD_10055,TRG_2055,Enzyme,368.737,3.151,0,3,3,92.198,SPR,8.32,25.2,InHouse,0.569,7.773,1,-2.2876,-0.1497,-0.0286,0.1733,-1.0313,-1.2632,1.0105,1.4275,-0.4032,-0.4784,-1.3145,-2.0158,-0.0791,0.0498,0.8907,0.2382,-1.0075,0.7063,1.412,-2.1918,-0.7398,-1.0379,-1.9849,-0.7235
CMPD_10056,TRG_2056,Kinase,474.04,0.441,0,7,7,151.688,Binding Assay,7.95,20.3,ChEMBL,0.475,8.996,1,-1.7869,-1.0641,2.2609,0.8475,-0.4039,-0.8226,-0.813,0.3175,-1.2242,0.9722,0.4661,0.7636,-0.1598,-1.5162,-0.6717,-0.6554,0.6272,-0.2991,1.1974,0.8191,0.4017,0.3719,0.3653,1.8144
CMPD_10057,TRG_2057,Kinase,270.132,2.695,2,7,4,76.95,Binding Assay,6.84,21.6,BindingDB,0.873,8.01,1,-0.9652,-0.6054,1.5787,-0.1609,-2.4459,-0.4666,-2.2602,0.8991,-0.231,-2.7589,0.9668,-0.2005,0.1663,-1.4235,0.2131,-0.889,-1.4226,-0.1594,-0.0507,-0.499,-1.7197,0.2055,-0.6936,0.8115
CMPD_10058,TRG_2058,Kinase,428.746,2.44,1,8,5,89.807,SPR,7.03,28.9,ChEMBL,0.94,6.433,0,1.3662,-0.3107,1.1721,0.9102,0.9372,0.6488,0.1854,0.1019,0.6794,-1.2465,0.4706,1.0867,0.3209,0.046,0.7436,1.1955,-1.154,-1.336,2.963,0.9437,0.7398,0.7692,0.6635,-0.2935
CMPD_10059,TRG_2059,GPCR,332.881,2.125,1,3,2,147.884,Binding Assay,5.99,24.5,ChEMBL,0.908,7.123,1,1.4006,-0.5689,-0.5774,0.0112,-1.573,-1.3402,0.33,-1.4892,-0.0923,-0.0339,-0.5365,-1.6021,-0.7272,-0.8846,-0.4191,0.4408,-0.3762,0.8687,0.0522,-0.9298,-0.0685,0.0035,-0.5212,0.3564
CMPD_10060,TRG_2060,GPCR,346.043,2.269,3,4,5,112.11,HTS,6.24,25.9,ChEMBL,0.779,6.872,1,-0.7631,2.5873,0.1177,-0.4845,1.6665,-1.1183,1.501,0.48,-1.5596,0.4616,-2.262,-0.193,0.8444,-1.829,0.2485,-1.1507,0.4949,-1.1444,-0.324,0.5189,0.0983,-2.2406,0.0145,1.289
CMPD_10061,TRG_2061,GPCR,403.986,-0.887,1,4,6,47.514,Functional Assay,6.52,30.4,ChEMBL,0.556,5.913,0,0.8918,-0.8217,0.5919,0.8493,-0.2178,0.0828,-0.5327,0.0675,0.9462,-0.5365,-1.4354,-2.4455,1.1483,0.3204,-0.9392,1.1799,-0.7541,0.3255,-0.1497,0.8238,-0.0501,-0.554,-0.0345,-0.9881
CMPD_10062,TRG_2062,Enzyme,260.182,1.512,0,1,10,98.922,SPR,7.18,24.6,Literature,0.597,9.969,1,2.777,0.9348,-1.4702,-0.4947,-0.511,-0.0903,-1.0452,0.9794,-0.1557,-0.1978,-2.2519,0.9599,0.3566,-0.3274,-0.3017,0.1416,1.014,1.4165,-1.2379,-0.1925,1.4871,0.7938,0.0809,-0.0217
CMPD_10063,TRG_2063,GPCR,380.593,2.667,0,5,2,89.557,Binding Assay,7.13,24.4,InHouse,0.695,6.309,0,-1.3454,1.9305,-1.0521,0.6031,1.1557,-0.6144,0.0579,1.3362,-0.5391,0.3416,0.0201,-0.6139,0.3012,0.2795,-1.3484,-1.7563,-1.4263,-2.2189,-0.1916,0.0843,-0.7062,0.3436,-1.4762,0.3042
CMPD_10064,TRG_2064,GPCR,363.316,2.788,1,4,6,97.417,Functional Assay,7.4,28.6,Literature,0.227,4.84,0,0.3133,0.091,-0.324,0.7255,-0.113,0.3844,0.8005,0.5329,-0.9531,-0.8078,-3.3859,0.6503,-0.0977,0.3529,0.6446,-1.6439,1.2127,-0.762,0.8383,1.359,2.8387,-0.5251,-0.4361,0.1234
CMPD_10065,TRG_2065,IonChannel,389.396,0.65,2,5,7,117.147,Binding Assay,7.61,25.0,BindingDB,0.977,6.43,0,2.2025,-0.4338,0.9277,0.0864,0.4368,-0.5137,-1.3635,-0.3675,-0.9119,0.3218,-0.6399,0.43,-1.6516,0.1943,-1.0261,1.1752,1.3595,0.0092,-0.9622,-0.2326,0.0063,-1.2591,0.7761,-0.4714
CMPD_10066,TRG_2066,Kinase,373.133,4.778,1,5,3,80.222,SPR,7.37,26.0,ChEMBL,0.786,6.434,0,-0.4224,1.7567,-1.5555,0.8475,-0.7982,2.3183,0.5608,0.4923,0.352,0.5911,0.7998,-1.1275,1.1786,-0.0199,0.7352,0.9557,-0.0296,-0.3617,-0.2729,0.8166,-0.3166,0.7403,0.7414,-0.4858
CMPD_10067,TRG_2067,Enzyme,546.424,0.941,0,5,5,236.049,Binding Assay,6.55,28.0,ChEMBL,0.485,6.189,0,1.288,-0.0716,0.5289,-1.5878,-0.1278,-2.1726,-1.3438,0.7438,1.4889,0.6658,0.803,1.6176,0.7468,0.7186,-1.6843,0.1307,-0.2487,-0.5854,0.7715,0.8982,-1.2748,-0.8355,1.0,-0.7511
CMPD_10068,TRG_2068,Kinase,298.981,4.245,1,7,2,29.962,Functional Assay,7.39,25.0,ChEMBL,0.287,7.472,1,2.7305,0.972,-0.0891,-0.3179,-0.9703,-1.2625,0.0886,-0.8299,1.8689,-0.4254,0.0198,1.3918,-0.4308,-0.0585,0.5626,-0.8607,0.1293,-1.1345,-0.6921,1.2643,0.1198,-0.6654,-0.5458,0.6953
CMPD_10069,TRG_2069,Enzyme,307.52,3.269,1,4,4,94.524,Binding Assay,7.58,27.4,ChEMBL,0.964,3.587,0,0.9875,0.0394,-0.839,-0.9261,0.783,0.2533,-1.2668,-0.6188,0.4308,0.4555,-2.0041,-0.2402,-1.6389,0.3853,-1.8202,-0.953,0.5182,-0.5815,1.0879,-1.4588,-0.3004,0.0137,0.2818,0.4736
CMPD_10070,TRG_2070,Transporter,300.149,1.337,0,5,3,105.299,Binding Assay,6.94,24.7,InHouse,0.559,5.416,0,-2.9551,-0.8199,0.5325,-2.7543,-0.0563,-0.2213,0.1325,0.8729,1.5978,-0.835,0.1116,1.3557,0.6941,1.1337,0.2773,-0.7302,-0.4097,1.7304,-2.0691,-0.6144,-1.5309,0.2715,-0.4815,1.5969
CMPD_10071,TRG_2071,Kinase,305.562,5.696,1,3,3,93.317,Functional Assay,6.09,27.9,BindingDB,0.809,7.415,1,1.3412,-0.0888,-0.8137,1.3625,0.6185,-1.3403,1.6581,-0.2725,0.9919,0.0406,0.1793,-0.4497,-1.0377,1.0571,-0.2544,-0.4048,-1.6959,-0.105,-0.0568,-0.6079,1.3121,-0.7879,-1.93,-0.8749
CMPD_10072,TRG_2072,Kinase,299.009,0.351,0,4,1,82.063,Binding Assay,7.91,26.3,ChEMBL,0.918,7.763,1,0.2892,-0.7847,-0.8524,0.6818,0.333,0.2507,0.2369,0.7402,0.5048,0.4376,-0.2471,-0.6358,-0.9912,-0.0338,0.1273,-0.4419,0.8964,-0.45,-0.281,-1.0679,-0.1504,0.7211,2.4861,1.9311
CMPD_10073,TRG_2073,Enzyme,445.121,4.154,1,5,6,118.456,SPR,7.25,24.3,ChEMBL,0.67,5.548,0,0.5447,-0.2756,1.4803,-0.831,-1.6742,0.1665,0.4597,-1.7794,0.1828,1.934,-1.9025,0.0235,-0.4397,-1.2458,-0.3346,1.0514,-0.1038,-0.2074,1.5114,0.6148,-0.2057,1.004,-0.0267,0.3453
CMPD_10074,TRG_2074,Transporter,463.64,4.301,1,7,3,106.965,Binding Assay,5.54,25.2,ChEMBL,0.358,5.914,0,1.2881,-0.301,-0.2159,1.4123,0.3896,2.0492,0.7201,-0.4596,1.2513,0.328,0.6395,-0.832,-0.8358,1.6458,2.5244,0.5163,1.2521,-0.6798,-0.1849,-0.8296,1.3004,-2.4387,0.2782,-2.1581
CMPD_10075,TRG_2075,Transporter,304.34,1.293,0,5,7,58.466,Binding Assay,8.44,17.7,ChEMBL,0.622,4.34,0,-1.9643,-0.9417,1.0372,-0.9758,0.5618,0.1277,-1.0213,-1.3162,-1.2635,-1.5996,0.3972,-1.2329,0.2529,0.2743,-0.582,-0.9982,-0.1005,-0.5209,0.0502,0.1537,0.1651,0.7595,-1.9893,-0.5249
CMPD_10076,TRG_2076,Transporter,283.412,5.006,2,9,6,131.365,Functional Assay,6.91,28.6,ChEMBL,0.378,5.825,0,0.3868,0.1501,0.0727,1.9139,0.251,-1.5419,0.1425,-0.2809,0.6348,0.0115,-0.9037,-0.1846,-0.922,0.4798,0.2539,-0.0226,0.4215,2.3055,1.4672,0.4656,-0.0586,0.1482,0.0474,0.4833
CMPD_10077,TRG_2077,Kinase,387.713,2.05,1,6,3,98.644,Binding Assay,8.5,21.2,InHouse,0.757,7.455,1,0.4936,-0.457,0.0828,-1.673,-1.2402,1.2779,-1.6074,-0.3005,0.3248,0.3781,-0.7824,1.9914,0.1994,-0.9046,0.4832,-0.3316,1.5592,1.2084,0.1084,0.3241,-0.7462,0.6061,2.5749,1.3197
CMPD_10078,TRG_2078,GPCR,305.822,3.02,1,5,3,177.034,Binding Assay,7.43,21.8,ChEMBL,0.823,6.255,0,-1.8956,0.2301,-0.1466,0.1496,0.3754,0.3008,1.1075,0.4046,-1.1506,-0.0312,0.9126,-0.0737,-1.0914,2.3126,1.2773,-0.5078,-0.5259,0.9912,1.5785,-1.578,0.2113,0.1233,-0.5871,-0.3375
CMPD_10079,TRG_2079,Kinase,400.635,2.969,3,4,2,146.948,SPR,7.08,23.7,InHouse,0.237,7.076,1,-0.8345,0.6473,0.2993,-0.2593,0.499,-0.1662,0.1425,-0.1515,0.7571,0.6574,0.7881,-0.8098,0.3185,0.4688,-1.6598,0.5662,-1.0163,-0.8732,0.583,0.3013,-0.3599,-1.9158,0.524,-0.4067
CMPD_10080,TRG_2080,Enzyme,366.234,2.258,0,4,4,3.165,Binding Assay,7.31,19.6,ChEMBL,0.71,8.988,1,0.18,-0.076,0.0196,-0.1991,0.6747,-0.0146,-0.568,-0.1283,-0.4555,-0.3102,-0.5727,0.1446,1.8984,0.75,1.8254,-0.4863,-1.015,0.4986,-0.3761,1.8448,-0.5103,0.1158,-1.494,0.6273
CMPD_10081,TRG_2081,IonChannel,228.74,3.959,0,2,5,103.953,Binding Assay,6.77,26.4,ChEMBL,0.772,5.176,0,-0.8443,-0.5948,1.004,-1.2505,-2.5865,-0.6232,-1.2084,1.6975,0.109,-0.7844,-0.9878,0.175,-1.0579,-0.2108,-0.4524,-0.9957,1.2186,0.8112,-1.2313,2.0023,0.7961,-0.0686,0.5935,-0.88
CMPD_10082,TRG_2082,GPCR,473.8,3.928,3,6,6,140.014,Binding Assay,7.24,26.1,InHouse,0.982,6.191,0,-0.1301,-0.3818,1.1776,0.6816,-0.0607,1.6654,-1.7446,0.2047,0.4552,-0.0548,0.2498,0.6805,-0.6978,-1.779,-1.3919,0.4245,-0.8709,1.6674,-0.4447,-0.5698,0.2481,-0.5644,0.4389,1.5715
CMPD_10083,TRG_2083,Kinase,493.67,-0.647,1,5,5,92.503,Binding Assay,8.41,23.5,BindingDB,0.972,8.29,1,0.459,-0.3897,-0.4917,-0.0812,0.4012,-1.2547,-0.5637,1.0447,-0.6489,0.9964,-0.7766,0.829,-1.5568,-0.0651,-0.8169,-0.8017,-2.2975,0.8171,-0.1381,-0.1895,0.3055,0.7122,2.1833,-1.1782
CMPD_10084,TRG_2084,GPCR,300.977,4.848,3,5,1,142.463,Functional Assay,6.66,23.0,ChEMBL,0.959,6.271,0,0.7521,0.8056,-0.0232,-0.0962,1.1047,-1.5518,-0.2994,1.8905,-0.0584,0.6363,-2.5133,1.2012,0.6034,-0.836,0.6061,0.1162,-0.6123,0.0855,0.0994,1.133,0.6335,-0.427,0.642,-0.6331
CMPD_10085,TRG_2085,GPCR,318.984,-0.492,2,5,8,78.258,Binding Assay,7.52,22.9,Literature,0.844,7.561,1,-0.4418,-0.2518,-0.2963,-1.8649,-1.3908,-0.746,-0.6215,0.3312,-1.2349,0.6564,-0.3091,-0.3282,-2.0147,1.1337,1.5059,-0.2034,0.1333,1.1681,-0.4703,0.5841,0.6111,0.7531,0.8308,0.1465
CMPD_10086,TRG_2086,Transporter,372.869,4.359,4,4,8,91.023,SPR,6.77,26.8,ChEMBL,0.679,6.096,0,2.3424,0.5539,-0.8191,-1.2118,2.3335,-1.4134,0.5334,1.4617,-0.52,0.1748,-0.9578,-0.9155,-0.2616,0.4637,0.0204,0.8606,0.4143,-0.4488,-1.7182,0.6692,-1.4433,-0.2033,-0.7066,-0.4903
CMPD_10087,TRG_2087,IonChannel,376.757,4.528,0,6,3,128.035,Binding Assay,7.1,20.2,ChEMBL,0.902,7.194,1,0.2427,-0.1302,1.2895,0.9454,-0.4348,-0.2767,1.0561,0.1159,-0.5856,-0.1965,0.7131,-0.6842,-1.4733,-0.6126,-2.0731,0.8339,0.8785,0.8709,-0.3431,-0.8875,0.6413,-2.3096,0.3608,-1.0074
CMPD_10088,TRG_2088,Enzyme,402.684,0.536,1,4,6,166.518,Binding Assay,8.39,23.8,InHouse,0.243,7.352,1,-1.8523,-0.4198,-1.306,-0.0015,0.723,-0.7464,0.2046,0.3327,-0.7242,1.9673,-0.4354,-0.7797,0.3084,0.001,0.2123,0.1887,2.3687,1.8906,0.8021,-0.1013,0.5706,-1.0097,0.5668,0.1483
CMPD_10089,TRG_2089,GPCR,510.816,1.761,4,8,4,157.782,Binding Assay,7.52,20.4,InHouse,0.144,5.832,0,0.9423,-0.6448,1.8876,-1.2048,0.9318,-0.3121,-0.3812,0.2074,2.1437,0.9634,-0.746,0.4741,-0.0899,0.4157,1.7405,-0.8732,0.7337,0.5787,0.676,-1.8452,-0.4541,-0.0291,0.1773,-0.8412
CMPD_10090,TRG_2090,Kinase,335.844,0.51,1,6,3,102.426,Functional Assay,7.65,27.3,ChEMBL,0.195,3.883,0,0.0834,-1.0752,0.974,-1.3062,-1.325,0.7339,0.3113,-1.429,0.4227,1.2983,-1.4441,-0.5428,-1.3695,-1.912,1.2105,-0.3145,-0.445,0.2983,1.5989,0.6209,-0.2473,-0.0724,-0.9281,0.023
CMPD_10091,TRG_2091,Transporter,286.136,2.113,1,2,7,57.966,HTS,7.24,24.0,ChEMBL,0.318,5.74,0,-0.7212,2.6149,-0.3309,1.0007,-0.2328,-0.672,0.1887,0.5672,-0.5685,-0.3857,-0.5376,2.1321,0.2558,0.8946,1.1319,0.7158,0.7088,0.4272,-2.1847,1.2227,3.1975,1.252,-0.2547,-0.1377
CMPD_10092,TRG_2092,Transporter,239.654,1.946,1,6,3,116.927,Functional Assay,8.5,26.6,Literature,0.863,7.247,1,1.1206,0.4499,-0.8668,-0.7675,1.2618,0.149,1.4754,-0.1852,0.0563,-1.5636,-0.5647,0.8264,1.3762,0.5928,-1.0538,-0.5666,-0.0497,-1.7469,0.1851,-0.3982,-1.4811,-0.1539,0.4163,-1.0516
CMPD_10093,TRG_2093,IonChannel,291.526,3.903,1,5,4,92.38,HTS,6.63,28.7,ChEMBL,0.451,7.701,1,0.1926,-0.8064,-0.6782,1.0813,0.5972,0.3335,-0.6553,0.0958,-0.7019,-1.5188,0.6182,0.346,0.8673,1.5246,0.1377,0.283,-0.1951,-1.7698,-1.2275,0.7713,-0.5852,0.7022,0.4824,-1.4098
CMPD_10094,TRG_2094,Transporter,347.35,4.859,2,1,7,95.187,Binding Assay,6.25,28.8,ChEMBL,0.424,4.904,0,-1.3613,-0.3072,-0.8257,-0.5761,1.4132,2.1065,-1.4498,1.6279,1.5861,0.65,2.6413,-2.1411,-0.1539,-0.1957,-0.2241,1.64,-0.4993,-0.8766,-1.7704,-0.1852,0.4124,1.1203,0.7907,-1.6741
CMPD_10095,TRG_2095,GPCR,493.565,5.012,0,5,4,134.089,Binding Assay,8.21,21.9,BindingDB,0.405,6.448,0,1.2687,0.1049,1.9227,-1.8052,0.8324,-0.8577,-0.9747,-1.1344,-0.4064,0.6077,-0.5764,1.5975,0.3399,-1.0289,2.1527,1.5493,0.4752,0.8704,-1.7012,0.2203,-1.1153,0.4052,-0.9655,-0.1046
CMPD_10096,TRG_2096,IonChannel,308.591,1.488,0,4,6,133.65,Binding Assay,6.97,25.9,Literature,0.655,6.158,0,0.2294,-1.6406,0.1148,-1.2735,-1.1046,1.4119,-1.9124,1.0865,0.4938,-1.643,-0.0106,1.2096,0.5681,0.8051,-0.4158,0.7973,0.315,-0.6751,1.0149,0.6322,-0.4237,-0.595,-1.7288,-1.368
CMPD_10097,TRG_2097,GPCR,367.903,2.123,1,5,5,99.878,Binding Assay,7.45,28.4,ChEMBL,0.821,7.748,1,0.664,0.9436,1.6552,-1.5392,-0.918,-0.6118,-0.5881,-0.9419,-1.8989,0.8201,-0.2313,1.0777,0.2911,-0.394,0.5699,0.1407,0.7201,-1.3682,0.5228,0.1883,0.323,-0.5993,0.1257,0.9807
CMPD_10098,TRG_2098,Kinase,348.686,-0.53,2,5,11,145.782,Binding Assay,8.23,27.1,InHouse,0.667,6.18,0,-0.3513,-0.694,1.0932,1.0881,1.1606,0.1173,-0.9764,0.8497,1.4853,0.4872,0.3835,0.8393,-1.7701,0.2863,3.1459,1.182,0.452,0.6371,0.107,-0.4891,0.6574,0.9636,-0.1652,1.8611
CMPD_10099,TRG_2099,Kinase,445.071,1.049,0,3,3,114.658,Binding Assay,7.45,27.4,BindingDB,0.93,7.977,1,0.4711,1.1328,0.6063,-0.9539,-1.3946,-0.0472,-1.0667,1.8254,1.1109,1.1246,-0.0505,-0.6618,-0.33,-0.5565,-0.2256,-0.0056,0.3465,1.882,-0.8517,0.2874,-0.6408,0.6192,-0.3347,0.7032
CMPD_10100,TRG_2000,Kinase,552.155,4.237,2,3,4,194.539,Binding Assay,8.5,19.7,BindingDB,0.8,6.563,1,0.5086,-1.9751,0.6692,0.0004,0.2257,-1.9186,-0.0999,1.0511,-0.2921,0.2827,0.4661,-1.5874,1.1879,1.0227,0.5067,0.6121,0.1678,-1.724,0.5823,0.1698,-1.7235,1.3685,-1.0194,-1.5513
CMPD_10101,TRG_2001,IonChannel,307.53,5.408,4,4,2,100.543,Binding Assay,7.28,27.0,InHouse,0.329,6.594,1,0.5563,0.6019,-0.6174,-0.142,-0.8255,1.4298,1.3095,-0.2069,-0.4842,0.721,-0.4228,1.3523,0.2439,-0.3549,1.8804,-2.4692,2.4599,-0.1046,0.3039,0.5047,1.4363,-0.417,-2.0595,1.4643
CMPD_10102,TRG_2002,GPCR,310.845,0.278,0,3,3,55.223,Binding Assay,6.78,22.6,Literature,0.953,9.663,1,-0.4983,-2.2802,0.5105,0.2837,0.2548,-0.8466,1.9206,0.4742,-1.5906,0.4721,0.9571,0.101,0.604,2.0171,1.3334,-0.7996,-0.7038,0.0054,0.6599,0.5678,0.6013,1.0836,-1.4078,0.3546
CMPD_10103,TRG_2003,IonChannel,433.533,1.434,0,6,0,126.581,Binding Assay,5.79,27.0,ChEMBL,0.417,6.71,1,-0.5931,1.7708,1.1381,-1.2129,0.5751,-0.6939,0.2894,1.4177,-0.2182,-0.6775,-1.3583,-0.5197,-0.015,-0.0832,-1.6208,-0.1428,-1.3559,-1.0893,-0.0694,0.4214,-0.8251,-0.893,-1.1311,0.9352
CMPD_10104,TRG_2004,Enzyme,404.551,2.452,0,3,5,33.741,HTS,7.38,26.9,ChEMBL,0.976,5.626,0,-0.4637,-1.418,-1.4191,0.4766,-0.8839,0.3771,0.1031,0.4967,0.2701,-0.5446,-1.7735,1.1376,0.636,0.3468,0.306,-0.7453,-0.6149,0.8191,-0.2503,0.3985,1.7666,1.928,1.4875,-1.2206
CMPD_10105,TRG_2005,Kinase,497.737,3.004,1,4,5,119.559,Binding Assay,5.86,26.8,Literature,0.931,7.288,1,-0.5757,0.7055,1.1596,-0.0546,0.7612,-1.7552,1.806,1.1056,-0.7238,0.2732,0.2268,1.091,1.7485,-2.3899,1.6103,0.1152,-0.5323,0.3665,-0.5272,0.1136,-1.1169,0.3469,2.2416,1.0319
CMPD_10106,TRG_2006,GPCR,396.714,1.043,3,4,2,55.902,SPR,7.39,24.7,InHouse,0.314,5.454,0,1.2735,0.1561,-0.7467,0.4152,-1.0281,-0.3061,-0.5731,-0.2233,-0.7547,0.8848,0.6041,1.1507,-0.4364,-1.0782,-0.6875,1.5717,-1.9618,-0.3891,-0.6449,-1.6488,-0.8202,-0.6332,0.7171,-0.475
CMPD_10107,TRG_2007,Transporter,321.257,3.263,1,4,3,176.277,Functional Assay,8.08,28.9,BindingDB,0.479,4.602,0,-0.204,0.6319,0.7891,-0.2525,-1.4392,1.4909,0.7216,-0.9731,-1.0977,-1.6439,0.5064,0.7068,0.2079,0.307,0.3392,-0.6228,-0.4192,0.0024,-0.4722,-0.9058,-0.4481,0.5137,0.075,-0.6759
CMPD_10108,TRG_2008,Kinase,397.252,1.647,0,3,6,56.534,Binding Assay,7.19,26.5,BindingDB,0.515,8.851,1,-0.1386,-0.762,-0.4625,0.3424,-0.0334,0.1285,-2.6514,2.3222,0.5249,0.485,-1.2518,-0.8596,-0.8355,-0.1686,0.655,-0.5601,-0.621,-0.3111,-1.1019,0.6744,1.6565,-0.3574,-0.3556,0.2815
CMPD_10109,TRG_2009,Kinase,438.696,2.474,0,5,3,235.041,Binding Assay,7.31,26.0,InHouse,0.598,5.17,0,-1.6277,0.3451,1.1558,0.9786,-0.171,0.3896,0.9651,-0.5289,0.3333,1.7512,1.3844,-0.8646,-0.8377,-0.154,1.0961,1.6114,0.5165,-0.4081,-2.8353,1.9146,-0.4251,1.0398,0.353,0.0462
CMPD_10110,TRG_2010,GPCR,415.639,3.483,0,8,4,145.263,Binding Assay,7.75,22.2,InHouse,0.489,7.115,1,1.1348,-0.3411,0.0904,0.4161,0.8407,-0.88,-0.4366,-0.7265,0.4237,0.5509,-0.5484,-0.2604,0.2971,-1.5674,0.588,-0.9403,-0.0834,-0.504,-0.1968,-1.6053,1.4011,-0.3416,0.8353,-0.289
CMPD_10111,TRG_2011,Kinase,390.582,2.512,1,4,5,96.42,Functional Assay,7.6,26.2,Literature,0.44,7.25,1,0.625,0.2474,0.283,0.9032,0.6015,-0.1193,0.471,1.0013,0.1841,0.725,0.754,-0.8887,0.7192,-0.3743,-1.3015,-0.4647,0.9712,0.2165,-0.5055,0.471,0.7682,-0.4313,-0.0176,-0.2479
CMPD_10112,TRG_2012,Enzyme,435.334,1.715,1,6,2,162.855,Binding Assay,7.9,30.9,BindingDB,0.982,2.829,0,0.185,0.7351,-0.0814,-0.0901,0.6957,-1.7735,-0.4227,-0.8937,-0.8346,1.9222,0.2693,0.2127,0.7431,1.6384,-0.6482,-1.9302,2.1435,1.3337,-0.4949,-0.8744,0.4972,0.7397,0.0208,1.3356
CMPD_10113,TRG_2013,Enzyme,443.544,2.303,2,6,4,107.283,Binding Assay,7.19,20.8,ChEMBL,0.76,6.378,0,0.2975,1.2955,-0.3495,0.5897,0.2149,0.2949,-0.7707,-1.661,-0.0073,-1.9224,-1.3598,1.7684,-0.2507,-0.273,0.8039,0.4608,-0.1472,-0.408,-0.7392,1.5237,-0.1473,2.3648,1.8863,0.1769
CMPD_10114,TRG_2014,IonChannel,460.573,2.341,1,4,4,81.79,Binding Assay,5.85,27.2,BindingDB,0.162,7.289,1,0.2698,-0.9637,0.625,0.2619,-0.019,-0.2429,-0.2014,1.6394,-0.5981,1.0268,-1.9804,0.7084,-0.6345,1.0328,1.2402,1.6201,0.8257,-0.6344,-0.4582,-0.8497,-0.2471,-2.6751,-0.1283,1.0622
CMPD_10115,TRG_2015,Enzyme,401.897,1.834,1,6,6,123.732,HTS,7.91,27.6,BindingDB,0.636,4.939,0,0.7498,0.4641,0.9924,1.041,-0.5132,-1.8305,-0.2911,0.6992,1.2083,1.0161,0.59,0.7479,-3.1502,-0.1127,-0.3282,-0.6803,-1.57,-1.0065,-0.0428,-1.2868,-0.5447,-1.2998,0.0024,-2.0331
CMPD_10116,TRG_2016,Enzyme,336.631,2.034,0,5,3,128.992,Binding Assay,7.06,30.2,BindingDB,0.817,6.901,1,0.6755,0.5914,-0.1339,-0.1661,0.5452,-0.5493,-1.2072,0.1403,1.5892,1.4055,1.1548,-0.3922,0.5403,0.7623,-1.766,-0.137,1.1058,-0.0736,-1.6121,0.315,-0.6602,-1.4058,0.4947,0.8602
CMPD_10117,TRG_2017,Kinase,361.737,5.378,0,3,3,159.658,Functional Assay,6.67,27.2,BindingDB,0.831,6.142,0,-0.4989,0.685,-1.6946,0.7484,-0.1638,-1.9994,0.0587,0.6972,-0.8053,0.266,0.1326,1.3304,-0.0657,-1.96,-0.0175,0.1561,1.2427,-0.3168,0.2651,1.2,0.3892,0.7243,-2.4649,-1.2095
CMPD_10118,TRG_2018,Enzyme,446.521,3.51,2,6,5,153.865,Functional Assay,7.4,25.0,ChEMBL,0.638,4.816,0,0.0918,0.0283,0.4402,-3.1262,0.354,-0.3533,1.9104,-0.8358,-1.1634,0.8893,-0.0692,2.6273,-1.2353,-1.1804,1.1199,1.8061,-0.7872,0.2832,0.3617,-0.161,-0.277,1.1276,-0.4096,-0.1669
CMPD_10119,TRG_2019,IonChannel,284.645,1.968,4,5,4,64.22,HTS,7.31,26.3,BindingDB,0.738,6.193,0,0.0246,0.3572,-0.5251,0.4648,-1.7897,-0.2762,-1.596,0.2834,0.3305,1.4313,-0.6356,0.7857,0.8648,-0.4417,-1.4345,0.1203,-0.1165,-1.2599,-0.9367,0.8949,-0.0459,-0.1118,-0.144,-1.4621
CMPD_10120,TRG_2020,Enzyme,379.494,3.755,2,6,5,169.299,Functional Assay,6.75,24.2,InHouse,0.347,4.051,0,-0.8688,0.2022,-0.6118,1.12,-1.0626,0.1542,0.3499,1.1596,-0.2267,-1.8324,-0.4227,-1.4577,-0.0652,0.5271,-0.5086,-1.5201,-1.4181,0.789,1.6136,-1.8494,-1.8509,0.1824,1.2044,0.1746
CMPD_10121,TRG_2021,Enzyme,318.533,1.899,1,6,6,142.079,Functional Assay,6.43,28.7,InHouse,0.226,6.584,1,2.6636,-1.4211,0.233,1.4574,-1.2552,0.0347,0.4246,0.5777,-0.1692,0.4363,-1.0238,-0.8141,0.4869,1.423,0.3267,0.4827,-1.113,1.4868,-0.6184,-0.6065,-0.3696,0.9612,-0.5515,0.8483
CMPD_10122,TRG_2022,GPCR,352.3,4.612,2,3,5,116.451,HTS,7.48,20.4,BindingDB,0.585,6.614,1,-0.8359,-0.3889,-0.9496,0.1279,-0.2303,1.6637,-1.1897,-1.8532,1.4782,0.2167,0.2328,0.1224,-0.4375,-0.7187,1.6492,-0.2688,-1.1244,-0.4167,1.1887,-3.0397,-0.8569,-1.0225,-0.6083,2.0862
CMPD_10123,TRG_2023,Kinase,452.276,3.165,1,4,1,184.114,SPR,6.69,23.5,ChEMBL,0.797,5.409,0,-0.7432,-0.9111,1.0255,-0.3236,1.4162,0.8052,-0.3506,0.1717,-1.4854,-0.9673,0.2435,-0.3975,-1.4757,1.2244,-0.992,-0.9899,-1.0453,-0.4333,-1.1296,0.4379,-1.4751,-0.0159,-0.1885,1.0018
CMPD_10124,TRG_2024,Kinase,365.288,2.307,0,6,5,196.979,Binding Assay,7.27,26.3,BindingDB,0.697,6.217,0,0.1401,0.1788,-2.1552,0.4198,-0.6849,-0.5996,0.9718,-1.3343,-0.3775,0.1345,1.0377,1.5697,0.7158,-0.1319,-0.0419,-0.9627,0.7672,-1.0187,-0.9583,-1.1857,0.1742,-0.1056,-0.5016,0.0172
CMPD_10125,TRG_2025,GPCR,353.715,3.306,1,3,4,84.371,Binding Assay,7.42,28.5,InHouse,0.68,5.907,0,0.3987,1.2721,-0.5622,0.9568,2.2822,-0.2821,-1.6799,1.0394,-0.1248,1.2412,-1.0269,-0.5709,-0.3076,0.1751,-0.285,0.7011,0.6283,-1.0816,0.242,-0.2039,0.1944,-0.0132,-0.4721,-1.4102
CMPD_10126,TRG_2026,Enzyme,241.212,-0.328,0,6,0,36.376,SPR,7.78,25.0,BindingDB,0.642,6.451,0,-1.9291,0.2777,-0.021,1.3302,-1.3923,-2.1129,0.5215,0.6913,0.8929,1.7874,0.8755,0.6904,-0.7841,0.3714,0.539,0.4338,0.7254,0.0502,2.1066,-0.356,0.3285,-0.0977,-1.789,-0.1714
CMPD_10127,TRG_2027,Enzyme,409.7,0.472,2,5,5,100.003,SPR,8.47,22.7,InHouse,0.909,6.446,0,0.5447,0.6659,-0.4382,0.2863,-1.4433,0.3828,-1.3914,-1.0818,0.7196,-1.713,-0.0506,-0.5158,0.908,-0.7507,-0.2868,-1.7547,-0.2832,1.3272,0.3682,-0.1709,0.1958,-0.4625,-0.4566,0.245
CMPD_10128,TRG_2028,Kinase,401.639,0.351,2,6,3,66.506,Functional Assay,7.34,24.4,BindingDB,0.144,5.94,0,0.6015,0.1548,1.3419,-0.6943,-0.6564,-0.4376,-0.0052,-0.1678,-1.9092,-0.1738,-0.7858,-0.4149,1.1287,0.7372,0.9598,-0.5441,-1.3733,1.1414,-0.7624,-1.3461,0.4441,1.4284,0.7824,0.1527
CMPD_10129,TRG_2029,IonChannel,523.06,2.757,0,8,4,180.567,Functional Assay,6.94,23.9,ChEMBL,0.65,3.688,0,0.8131,1.0218,1.3559,1.8311,-0.983,0.7886,0.8027,0.1725,1.0603,1.8161,0.1616,-0.092,0.5619,0.4579,-0.8819,-1.5773,-0.342,-0.6659,0.4635,0.8649,-0.2017,0.3295,-0.6796,2.0915
CMPD_10130,TRG_2030,GPCR,325.378,5.619,1,6,4,33.217,Functional Assay,8.2,24.0,InHouse,0.148,5.892,0,0.2889,0.3309,-0.3018,-0.5433,0.4466,-0.8702,-0.9426,0.0067,0.1186,0.4991,1.4764,1.8435,-1.46,-0.5263,1.3256,-0.629,-0.6227,0.1986,0.197,0.3406,0.2171,0.0349,0.4147,1.2846
CMPD_10131,TRG_2031,Kinase,367.532,6.516,3,7,6,160.86,Binding Assay,7.83,23.7,ChEMBL,0.871,7.722,1,1.5377,-1.0397,-0.7024,-0.4669,0.9086,0.6651,0.6664,0.4168,1.1367,1.359,-0.9199,2.8284,0.7248,0.8083,0.0139,-1.0981,1.1934,1.0298,0.4294,-0.652,0.2827,-0.8835,-0.1115,-0.1481
CMPD_10132,TRG_2032,Kinase,369.951,3.648,2,6,5,84.098,Functional Assay,7.3,23.7,BindingDB,0.832,5.004,0,0.2884,0.7511,0.0517,-1.6522,1.6594,-1.093,-0.7753,0.4072,1.2061,0.5163,0.0624,1.2686,-0.7207,-2.6005,-0.54,-0.3785,-0.8494,-0.9932,0.1089,0.2125,0.0406,1.245,1.3533,-0.6845
CMPD_10133,TRG_2033,GPCR,476.196,3.402,0,5,2,197.207,Binding Assay,7.34,19.9,ChEMBL,0.975,6.746,1,-0.1001,-1.3181,0.1785,-0.9067,1.0727,-0.9889,-0.9393,-0.3523,-0.0313,-0.5781,0.2109,0.5559,-0.3399,-0.4759,-0.8816,1.1983,-0.1615,-0.4134,-0.5866,2.723,1.4912,0.1877,-1.1766,0.006
CMPD_10134,TRG_2034,Enzyme,342.376,-0.742,0,6,2,0.431,HTS,7.22,25.9,ChEMBL,0.727,5.626,0,0.2019,0.8228,-1.2117,0.486,-0.0856,1.9837,0.2481,0.7083,1.4874,-0.1975,0.4644,-0.3743,0.427,-0.7955,-1.6763,-0.8358,0.4651,-0.9819,-0.208,0.9754,0.5653,3.2063,1.0287,0.544
CMPD_10135,TRG_2035,GPCR,372.322,1.523,2,6,4,96.289,SPR,7.3,27.0,BindingDB,0.556,7.486,1,-1.2993,-0.087,0.6613,0.6815,1.4471,0.042,-0.111,-0.0605,1.0041,0.6054,0.3915,0.4662,-1.6492,0.473,-0.1173,1.1234,0.189,1.8847,0.5751,-1.3221,2.4002,-0.4691,-0.8053,0.2825
CMPD_10136,TRG_2036,IonChannel,398.632,1.082,1,5,6,67.869,Functional Assay,7.14,29.5,BindingDB,0.11,3.729,0,-1.0842,-0.5542,1.1342,-0.7602,0.2787,-0.3236,0.4119,1.1892,-0.2127,-1.0972,0.6888,1.6861,-0.2721,-0.3309,0.999,-0.0494,-0.5546,-0.6087,1.4495,-0.3488,0.279,0.9627,0.0009,-0.8425
CMPD_10137,TRG_2037,Transporter,364.929,1.382,1,5,5,163.613,Binding Assay,6.62,27.6,InHouse,0.678,4.303,0,-1.0929,0.8128,0.8669,0.6037,1.39,1.7456,-0.1578,1.3405,0.4157,0.6068,0.9594,-1.7354,0.088,1.3895,-2.7118,0.2795,-0.7039,0.821,1.4983,-0.1219,-1.8131,-0.3695,-1.0431,-0.8801
CMPD_10138,TRG_2038,GPCR,314.285,2.197,3,2,5,161.447,Binding Assay,7.21,27.4,InHouse,0.761,5.771,0,-0.2742,0.1883,1.3996,-0.0581,-0.0379,-0.0089,-0.5322,1.8666,-0.6461,-0.0878,-0.8906,-1.2345,1.0462,-0.0358,-2.1404,-0.6283,-0.2382,-0.0837,-0.3412,-0.3727,-1.0944,-0.0263,-1.0595,0.9548
CMPD_10139,TRG_2039,Enzyme,365.527,1.65,1,5,6,15.895,Binding Assay,8.25,25.9,InHouse,0.535,6.622,1,1.1519,0.9052,2.5436,0.1689,-0.8433,-0.9293,-0.2331,0.1592,0.2858,-0.4111,1.7917,-0.7756,0.4229,0.9856,2.0972,1.331,0.2367,-1.5571,0.1187,-0.0311,0.3457,0.3587,1.3416,-0.866
CMPD_10140,TRG_2040,Enzyme,435.891,-1.063,1,4,4,165.402,Functional Assay,6.71,19.7,BindingDB,0.402,6.412,0,0.2131,0.9866,2.1104,1.1684,-0.5952,-2.0168,0.7554,-0.04,-0.0021,-1.1899,-1.1368,0.5415,-0.6772,-0.1886,-0.0954,-2.2009,-1.9031,1.175,-0.5376,1.0162,0.2255,-0.6868,-0.6422,-1.4027
CMPD_10141,TRG_2041,GPCR,267.879,3.846,0,6,3,123.111,Functional Assay,7.04,25.8,BindingDB,0.896,8.49,1,-0.2916,1.7405,1.0263,0.9016,0.4665,0.4871,0.8446,-0.76,1.4476,2.0294,-0.6858,-0.7118,-0.5695,1.018,0.7604,0.4324,1.513,-0.3887,0.8698,-1.4645,-0.642,-0.3347,-0.5285,-0.5268
CMPD_10142,TRG_2042,GPCR,360.638,0.569,1,5,3,121.219,Binding Assay,6.66,25.3,BindingDB,0.276,8.41,1,0.139,0.4572,0.1277,0.8499,-0.1227,0.2887,-0.9849,0.1279,0.5641,0.1679,0.7208,0.0041,-0.4338,1.2114,1.1028,-1.7389,2.3859,0.3654,1.1849,0.5303,0.457,-0.0731,1.2826,-1.5314
CMPD_10143,TRG_2043,GPCR,293.99,2.931,1,2,5,111.724,Functional Assay,7.89,28.1,BindingDB,0.783,5.498,0,0.8821,0.723,0.9566,-0.5411,-1.5423,-0.8462,1.843,-0.51,-0.3585,0.7091,0.5061,-0.2083,1.2525,-0.0055,0.3869,-1.4322,-0.3428,1.8959,-0.0631,-0.5202,-0.6912,-0.8178,0.9566,0.9764
CMPD_10144,TRG_2044,GPCR,445.604,6.233,2,9,4,154.323,SPR,7.7,26.7,BindingDB,0.634,7.301,1,0.947,-0.7216,0.2329,0.3625,0.4985,-0.0191,-0.6758,-0.5133,2.6223,-0.7914,0.0435,0.3088,-0.2602,-1.5822,-0.651,-0.4466,1.1369,-0.3011,-0.3838,-1.212,1.5477,-0.9915,0.8573,-1.5659
CMPD_10145,TRG_2045,Kinase,228.145,0.845,1,4,4,103.224,Binding Assay,6.43,24.6,Literature,0.969,10.485,1,-1.7083,-0.5154,1.1897,-0.9784,-0.7787,-0.0616,-0.8147,1.2853,-0.9373,-0.7498,0.7773,-0.9847,-1.8284,-0.7414,0.1652,-1.8254,-0.3095,-0.8726,1.3176,0.0175,-0.8377,1.7207,-0.6598,0.4511
CMPD_10146,TRG_2046,IonChannel,305.286,-2.055,1,4,3,47.887,Functional Assay,5.99,30.9,ChEMBL,0.822,8.826,1,-1.034,-0.5794,1.4347,-0.8447,-0.335,0.0049,0.7851,1.4962,-0.9457,0.624,1.1044,0.356,0.9392,1.8922,-1.1253,0.4098,1.604,-0.2063,-0.5625,0.925,-0.2003,1.6025,-0.5065,0.4071
CMPD_10147,TRG_2047,IonChannel,380.177,1.985,0,7,3,162.073,SPR,7.72,27.5,Literature,0.537,4.62,0,-1.4505,0.0521,-0.0996,-1.0828,-1.3339,-2.2528,-0.1276,0.7273,-1.6077,-0.382,0.8701,-1.1103,-0.0562,0.2101,0.4565,-0.1272,-0.9358,1.4156,0.5376,1.6308,0.3835,0.262,0.6259,0.1749
CMPD_10148,TRG_2048,Kinase,475.242,4.482,3,8,1,150.946,Functional Assay,6.4,26.0,ChEMBL,0.689,5.74,0,0.7916,-0.6165,-0.363,-0.1542,-0.0625,1.1742,-0.524,0.3488,-0.58,-0.5706,-0.1812,-0.5373,1.3524,-0.4312,0.4772,-0.7241,1.6275,-0.5963,1.4718,-0.7283,-0.2826,-0.1642,0.7751,2.5798
CMPD_10149,TRG_2049,GPCR,344.74,6.025,1,5,2,109.395,Functional Assay,7.7,26.4,ChEMBL,0.921,9.371,1,-0.3514,-0.9274,-2.0466,0.385,-0.9201,-0.8787,1.0093,0.4007,-0.2874,-0.9342,0.0054,0.8153,-0.455,0.7797,0.6306,-0.1064,-0.3053,-0.8465,0.9102,-0.1774,-1.0181,0.7592,0.0401,-0.6472
CMPD_10150,TRG_2050,Enzyme,305.584,0.287,0,3,7,114.34,Functional Assay,6.82,25.2,ChEMBL,0.436,6.142,0,-0.1959,0.7729,0.5972,-0.1508,1.4136,-1.3144,-0.9671,0.8423,0.382,-1.3167,0.9524,-0.8721,-0.842,0.1871,0.0914,0.0145,-0.3902,-1.1428,-0.5922,1.4072,-0.0729,-0.56,0.6083,0.1327
CMPD_10151,TRG_2051,Kinase,500.493,3.394,3,7,2,99.317,HTS,7.62,25.0,BindingDB,0.511,5.935,0,-0.9895,-2.2897,-0.0766,0.3581,0.6609,1.0845,0.5097,-0.4604,-0.1818,0.8058,-1.5739,0.3856,-1.2189,-0.4054,0.0776,1.3656,-0.4864,-0.7554,0.1107,-0.0313,0.6633,-0.6039,-0.384,0.0342
CMPD_10152,TRG_2052,Kinase,234.159,1.662,0,6,4,8.11,Binding Assay,7.47,18.5,ChEMBL,0.498,6.956,1,-0.4679,0.9522,-0.0765,-0.2005,-0.4875,2.0409,-1.3024,1.1168,-0.0109,0.4409,0.803,-2.1935,1.1294,-0.3037,0.5307,-1.2331,-0.2901,0.2817,-0.103,-0.8468,1.4649,-2.1432,1.0402,0.2902
CMPD_10153,TRG_2053,GPCR,174.096,2.309,1,3,3,47.387,Functional Assay,6.88,22.3,Literature,0.954,8.815,1,2.0349,1.0709,-0.3028,0.1999,-1.6731,-0.8344,0.1529,0.1023,-0.1467,-0.2405,1.9333,-1.3515,0.1391,-0.6182,-1.3609,0.3269,0.7458,-1.3783,1.1312,-1.1921,-3.1635,-0.2151,-0.547,0.3276
CMPD_10154,TRG_2054,Enzyme,385.201,7.26,3,4,3,177.302,Binding Assay,6.67,23.4,InHouse,0.411,6.245,0,-1.2141,0.4108,0.5919,-1.2046,1.2888,-0.1401,0.4656,-0.4597,-0.8948,0.9675,1.1324,-1.9121,1.0097,0.6084,-0.0289,-0.0856,-0.9389,2.3222,-2.0287,0.1654,-0.3146,-1.0825,1.2653,-1.3963
CMPD_10155,TRG_2055,Kinase,309.836,-0.205,1,4,7,45.535,Binding Assay,7.55,26.4,InHouse,0.747,8.17,1,-0.7099,0.6095,0.2938,0.3553,1.6868,1.3351,1.142,0.1845,-1.4357,0.0236,2.0257,-2.1848,0.3112,-1.0793,1.2473,2.1957,-1.0075,0.7063,1.412,-2.1918,-0.7398,-1.0379,-1.9849,-0.7235
CMPD_10156,TRG_2056,Transporter,268.301,2.957,2,7,3,87.497,Binding Assay,6.78,20.0,BindingDB,0.426,4.493,0,0.3044,-1.1683,0.2794,1.5626,1.1548,1.6821,-0.9985,-0.14,-0.2223,1.3489,-0.2648,1.1641,-1.8178,0.6147,-0.7191,-0.9961,0.6272,-0.2991,1.1974,0.8191,0.4017,0.3719,0.3653,1.8144
CMPD_10157,TRG_2057,Transporter,406.669,3.342,1,3,2,93.333,Binding Assay,7.87,23.4,Literature,0.905,10.036,1,0.6541,0.7657,-0.9376,-0.7075,0.4192,-0.7043,-0.4334,-0.0854,1.3859,-0.0017,-0.1883,1.9046,0.5258,1.164,-0.7414,-1.343,-1.4226,-0.1594,-0.0507,-0.499,-1.7197,0.2055,-0.6936,0.8115
CMPD_10158,TRG_2058,Kinase,369.504,4.454,0,5,1,76.812,HTS,6.7,23.1,InHouse,0.352,10.848,1,0.2314,0.2108,1.0555,-0.3124,-1.0072,-1.5538,0.3657,0.215,-0.5216,-0.6135,0.1279,1.0664,0.1346,0.473,-1.7541,-0.8882,-1.154,-1.336,2.963,0.9437,0.7398,0.7692,0.6635,-0.2935
CMPD_10159,TRG_2059,Transporter,304.874,2.676,0,9,4,111.492,HTS,7.41,25.4,BindingDB,0.769,6.409,0,1.3104,-1.4531,-1.0489,0.4009,1.5812,-0.9892,-1.4585,-0.5471,-1.1942,1.9447,-0.3429,-0.4927,0.8975,-0.1504,0.3648,0.2718,-0.3762,0.8687,0.0522,-0.9298,-0.0685,0.0035,-0.5212,0.3564
CMPD_10160,TRG_2060,GPCR,247.576,3.054,1,3,2,104.648,Binding Assay,6.97,26.4,InHouse,0.098,6.079,0,-1.6375,-1.761,2.1734,-0.6027,1.0001,-0.8351,-0.3425,-0.626,0.2705,-0.6517,0.1302,0.9213,-1.1775,0.8438,0.073,0.8984,0.4949,-1.1444,-0.324,0.5189,0.0983,-2.2406,0.0145,1.289
CMPD_10161,TRG_2061,IonChannel,419.797,1.795,2,2,4,94.437,Functional Assay,7.2,23.1,BindingDB,0.893,3.874,0,-1.502,-1.7318,-0.7205,-1.5477,0.2549,0.9757,0.0987,0.7388,0.9233,-0.2584,-0.2308,-0.691,-0.4395,0.5931,-0.5136,-0.1424,-0.7541,0.3255,-0.1497,0.8238,-0.0501,-0.554,-0.0345,-0.9881
CMPD_10162,TRG_2062,IonChannel,402.016,2.984,1,3,7,176.095,Functional Assay,6.78,23.3,BindingDB,0.787,7.887,1,-0.4477,-1.6005,1.2969,-1.9516,-1.5452,1.1336,0.167,-0.5989,0.7185,-1.4306,0.7598,-1.559,0.3183,-1.0365,0.9197,0.3224,1.014,1.4165,-1.2379,-0.1925,1.4871,0.7938,0.0809,-0.0217
CMPD_10163,TRG_2063,IonChannel,342.066,1.882,0,5,4,119.52,SPR,7.09,23.0,ChEMBL,0.741,5.824,0,-0.5479,-0.6827,1.9379,-0.638,-0.4629,1.317,-0.6012,0.9593,0.1764,-0.6363,-0.0728,-1.5565,0.7913,1.059,0.4953,-0.0979,-1.4263,-2.2189,-0.1916,0.0843,-0.7062,0.3436,-1.4762,0.3042
CMPD_10164,TRG_2064,Kinase,497.731,3.619,1,8,5,139.652,Functional Assay,5.66,23.8,Literature,0.807,6.48,0,1.4362,-0.719,0.291,0.4849,-0.238,-0.1784,0.1318,-0.6864,0.2429,-0.6701,-0.1102,-0.8889,0.1346,-0.2345,1.2547,0.3669,1.2127,-0.762,0.8383,1.359,2.8387,-0.5251,-0.4361,0.1234
CMPD_10165,TRG_2065,Enzyme,264.393,1.835,1,3,8,93.219,Binding Assay,6.71,24.8,ChEMBL,0.92,7.98,1,-0.1413,0.5946,-1.9103,-0.2061,-0.0507,-0.4056,-0.2467,-0.2275,0.4654,0.5328,0.7107,2.306,-0.2504,2.5727,-0.6011,-2.1647,1.3595,0.0092,-0.9622,-0.2326,0.0063,-1.2591,0.7761,-0.4714
CMPD_10166,TRG_2066,GPCR,227.958,3.179,2,5,4,149.841,SPR,6.85,28.9,ChEMBL,0.496,5.285,0,-0.9281,-0.692,0.1599,-1.3424,-0.0671,0.7688,-0.4701,0.1814,-0.4752,1.7707,1.0307,1.2284,0.0958,-0.5764,0.1485,1.8923,-0.0296,-0.3617,-0.2729,0.8166,-0.3166,0.7403,0.7414,-0.4858
CMPD_10167,TRG_2067,Kinase,294.647,2.447,3,3,3,118.535,SPR,7.16,22.0,InHouse,0.786,5.323,0,0.6897,-0.679,-0.0743,1.0917,-0.1384,-2.218,0.2165,-0.7203,1.2699,0.5207,1.9893,1.1872,0.0064,-0.6945,-0.9608,0.6809,-0.2487,-0.5854,0.7715,0.8982,-1.2748,-0.8355,1.0,-0.7511
CMPD_10168,TRG_2068,Kinase,346.353,4.527,5,5,7,75.958,Functional Assay,7.98,30.3,Literature,0.753,5.669,0,0.0826,1.1681,-0.3853,0.6537,0.9696,-0.8416,2.638,1.2401,-0.0198,0.0739,0.4572,-0.9724,1.3877,0.2721,0.5407,-1.9259,0.1293,-1.1345,-0.6921,1.2643,0.1198,-0.6654,-0.5458,0.6953
CMPD_10169,TRG_2069,IonChannel,369.467,2.407,2,6,4,110.092,HTS,6.78,21.3,Literature,0.881,4.912,0,0.2449,1.2378,0.5155,1.7553,0.0253,-0.7839,0.9419,-1.2971,-1.1929,-0.2786,1.5177,-0.6934,-0.4697,0.3447,0.0758,-0.6215,0.5182,-0.5815,1.0879,-1.4588,-0.3004,0.0137,0.2818,0.4736
CMPD_10170,TRG_2070,Transporter,330.701,-0.691,2,4,5,104.461,HTS,8.05,27.9,BindingDB,0.868,4.474,0,-0.2205,0.881,0.7038,-0.4882,-0.6447,0.6318,-0.4894,-1.637,-1.0172,0.6685,-0.7847,-1.849,-0.0166,-0.1645,1.0577,0.2567,-0.4097,1.7304,-2.0691,-0.6144,-1.5309,0.2715,-0.4815,1.5969
CMPD_10171,TRG_2071,Kinase,378.164,4.771,0,2,8,140.064,Functional Assay,6.68,23.6,BindingDB,0.93,6.971,1,-0.6272,0.6177,1.8541,-0.9843,1.5296,-1.216,1.6387,-1.0623,0.6616,-0.0511,-0.2452,-1.3181,0.4265,1.7096,-1.4905,0.8971,-1.6959,-0.105,-0.0568,-0.6079,1.3121,-0.7879,-1.93,-0.8749
CMPD_10172,TRG_2072,IonChannel,249.877,0.87,3,5,4,84.545,Functional Assay,6.54,22.3,ChEMBL,0.28,6.562,1,1.6144,-2.0691,-0.3883,1.2874,0.2059,2.386,-0.3017,-1.0385,0.9968,-0.5777,-0.2734,-0.6707,-0.5021,-0.7048,-1.1515,0.4389,0.8964,-0.45,-0.281,-1.0679,-0.1504,0.7211,2.4861,1.9311
CMPD_10173,TRG_2073,Kinase,465.501,1.323,2,6,3,215.463,HTS,6.07,29.0,InHouse,0.515,5.491,0,-0.8005,1.1589,1.7708,0.533,-0.0371,-0.4174,0.3914,-0.9949,0.1357,0.9425,0.1837,1.1151,-1.5252,0.4864,0.3397,0.0448,-0.1038,-0.2074,1.5114,0.6148,-0.2057,1.004,-0.0267,0.3453
CMPD_10174,TRG_2074,IonChannel,343.428,1.428,2,4,1,93.961,Binding Assay,7.56,25.2,ChEMBL,0.62,7.455,1,0.1294,-2.0371,-2.3845,0.983,-0.116,-1.4472,-1.0601,0.6906,-0.9705,1.0451,1.0939,0.7027,-0.6044,-0.7857,-1.4014,0.0102,1.2521,-0.6798,-0.1849,-0.8296,1.3004,-2.4387,0.2782,-2.1581
CMPD_10175,TRG_2075,Kinase,439.384,4.974,1,5,1,62.619,Binding Assay,7.25,25.1,ChEMBL,0.316,6.838,1,-1.035,-0.93,-0.5295,-1.0738,-0.5771,0.2849,0.0478,-0.3411,0.5751,1.7929,1.3812,-1.1559,0.3272,1.3275,-0.0416,0.6926,-0.1005,-0.5209,0.0502,0.1537,0.1651,0.7595,-1.9893,-0.5249
CMPD_10176,TRG_2076,Transporter,377.418,-1.344,1,2,8,121.807,Binding Assay,7.53,24.2,InHouse,0.557,6.771,1,1.5479,-0.7161,0.808,-0.4122,0.804,-0.6951,0.7657,0.7845,-1.1422,2.1072,-1.0611,-0.1099,-0.0464,-0.0511,0.0275,0.1417,0.4215,2.3055,1.4672,0.4656,-0.0586,0.1482,0.0474,0.4833
CMPD_10177,TRG_2077,GPCR,386.54,8.0,0,6,5,98.317,HTS,7.28,23.3,ChEMBL,0.76,5.791,0,-0.2923,1.1454,0.046,0.1008,-1.1629,-1.6023,0.9294,0.9061,-0.4777,0.5365,-0.7347,1.7866,-0.2369,1.4054,-1.158,-0.2211,1.5592,1.2084,0.1084,0.3241,-0.7462,0.6061,2.5749,1.3197
CMPD_10178,TRG_2078,Enzyme,395.581,4.401,0,4,3,58.513,SPR,7.19,24.5,ChEMBL,0.68,8.515,1,0.2552,-0.6372,-0.2762,-0.4783,0.2276,0.9162,-1.2223,-1.5616,0.0546,1.3297,-1.5925,-0.2639,-0.9505,0.1665,-0.3416,-1.485,-0.5259,0.9912,1.5785,-1.578,0.2113,0.1233,-0.5871,-0.3375
CMPD_10179,TRG_2079,Kinase,385.817,2.902,3,6,5,87.604,Binding Assay,7.37,15.3,InHouse,0.811,6.396,0,-1.222,-0.3313,0.2615,0.7393,-1.0938,-1.0131,-1.3062,-2.1285,0.7565,-0.4122,0.4315,-0.2187,-0.2928,-0.2294,-0.8593,-1.572,-1.0163,-0.8732,0.583,0.3013,-0.3599,-1.9158,0.524,-0.4067
CMPD_10180,TRG_2080,GPCR,401.418,2.401,1,5,4,106.09,HTS,8.49,19.4,ChEMBL,0.763,4.007,0,-0.1645,-0.2987,-0.3599,0.2167,0.6673,-1.6125,1.1926,2.2238,-0.3868,-0.7787,-0.2097,-0.699,-0.3143,-0.9339,0.9107,-0.1555,-1.015,0.4986,-0.3761,1.8448,-0.5103,0.1158,-1.494,0.6273
CMPD_10181,TRG_2081,Kinase,456.332,3.014,3,4,3,182.492,SPR,6.92,26.2,ChEMBL,0.37,5.864,0,0.4124,1.1836,-0.0975,-0.9999,1.3664,-0.2797,-0.3039,-0.8824,0.1074,1.1057,-0.286,-1.1316,2.5606,-1.8885,-0.9177,-0.8736,1.2186,0.8112,-1.2313,2.0023,0.7961,-0.0686,0.5935,-0.88
CMPD_10182,TRG_2082,Enzyme,365.722,3.438,0,7,1,50.387,HTS,8.43,28.5,ChEMBL,0.919,4.979,0,0.2874,-0.4332,1.2544,-2.0277,0.926,1.4435,1.6926,-2.058,0.3342,-0.3678,-0.9911,-0.4829,0.0363,-0.8615,-1.2252,-0.2416,-0.8709,1.6674,-0.4447,-0.5698,0.2481,-0.5644,0.4389,1.5715
CMPD_10183,TRG_2083,Enzyme,406.72,3.661,1,3,5,136.008,Binding Assay,7.71,29.1,ChEMBL,0.356,6.92,1,-0.5457,-1.0488,0.3992,0.4493,0.0224,0.227,-1.3331,-1.3691,0.1631,0.0806,-0.2543,-0.3412,0.7588,1.5397,1.1609,-0.1091,-2.2975,0.8171,-0.1381,-0.1895,0.3055,0.7122,2.1833,-1.1782
CMPD_10184,TRG_2084,GPCR,342.821,3.5,2,6,3,191.666,Functional Assay,7.42,22.1,ChEMBL,0.857,6.995,1,0.3703,-1.2435,0.3405,0.85,1.2653,-1.0389,1.0896,0.0477,0.3728,2.0593,0.9394,1.4423,1.47,0.0566,-0.9217,0.6107,-0.6123,0.0855,0.0994,1.133,0.6335,-0.427,0.642,-0.6331
CMPD_10185,TRG_2085,Transporter,465.209,2.661,0,5,4,132.568,Functional Assay,7.53,25.6,InHouse,0.895,7.031,1,-0.4896,-0.257,-0.3639,0.5685,-0.7847,-1.0411,1.3841,-0.6236,-0.0281,0.003,-1.3423,-1.1993,-0.0258,-0.9872,1.8323,-0.223,0.1333,1.1681,-0.4703,0.5841,0.6111,0.7531,0.8308,0.1465
CMPD_10186,TRG_2086,Enzyme,295.889,2.145,1,4,9,80.597,Functional Assay,5.28,18.4,ChEMBL,0.429,5.282,0,0.8071,-1.1434,1.6386,3.5867,-0.0058,1.3589,-0.5386,-0.7675,-0.1193,1.0943,-2.2535,-0.3358,0.5428,-0.0213,1.4623,-0.8485,0.4143,-0.4488,-1.7182,0.6692,-1.4433,-0.2033,-0.7066,-0.4903
CMPD_10187,TRG_2087,IonChannel,494.075,2.228,1,5,7,177.014,Functional Assay,7.04,23.9,InHouse,0.444,4.447,0,-1.4186,0.157,-0.0994,0.4857,0.2308,0.2938,-0.367,0.8021,-0.9422,1.1864,-0.4478,-0.5818,-0.5527,-1.8448,-1.6447,-0.0994,0.8785,0.8709,-0.3431,-0.8875,0.6413,-2.3096,0.3608,-1.0074
CMPD_10188,TRG_2088,IonChannel,346.787,2.149,1,4,5,124.923,SPR,6.8,27.5,ChEMBL,0.808,5.898,0,0.6648,0.2521,1.2852,-0.4954,-0.589,-1.2875,1.8549,-0.5357,-0.5124,-0.4423,0.488,-1.2643,0.5098,-0.8545,-0.1108,-0.4292,2.3687,1.8906,0.8021,-0.1013,0.5706,-1.0097,0.5668,0.1483
CMPD_10189,TRG_2089,Kinase,235.538,4.541,1,5,4,127.364,Binding Assay,8.47,24.9,BindingDB,0.892,6.56,1,0.8653,-1.8044,0.7999,-1.7387,-0.314,-0.36,-1.2787,-2.0329,0.2752,-0.8531,-0.0349,0.32,0.5234,0.0031,1.1858,-0.2777,0.7337,0.5787,0.676,-1.8452,-0.4541,-0.0291,0.1773,-0.8412
CMPD_10190,TRG_2090,Kinase,360.248,3.568,0,4,1,101.39,SPR,7.0,24.0,InHouse,0.618,7.194,1,0.2851,0.9613,-1.4933,-0.4069,0.7974,0.5373,2.1876,0.3431,-0.0083,-0.2859,0.699,0.8506,0.0301,0.7313,0.1554,1.1876,-0.445,0.2983,1.5989,0.6209,-0.2473,-0.0724,-0.9281,0.023
CMPD_10191,TRG_2091,Enzyme,295.516,-2.793,2,5,7,116.742,Binding Assay,7.18,25.0,InHouse,0.4,6.743,1,1.1401,-0.334,-0.6825,1.0535,-1.3667,0.086,0.6981,0.6256,-0.8096,0.0351,-0.6759,-1.7458,-0.301,-3.5192,0.7066,-1.0118,0.7088,0.4272,-2.1847,1.2227,3.1975,1.252,-0.2547,-0.1377
CMPD_10192,TRG_2092,Enzyme,417.251,3.681,0,4,2,153.899,Binding Assay,7.17,28.8,BindingDB,0.431,3.862,0,-0.449,-0.2466,-1.5246,-0.7752,-0.6136,-0.4897,-0.3614,-0.6522,0.8565,-0.1679,0.5227,0.5189,-0.0433,-0.8169,-0.6548,-0.2739,-0.0497,-1.7469,0.1851,-0.3982,-1.4811,-0.1539,0.4163,-1.0516
CMPD_10193,TRG_2093,IonChannel,297.79,2.851,1,8,7,75.915,Binding Assay,6.42,24.3,Literature,0.711,6.404,0,0.1293,-0.121,2.0253,-0.5656,1.7608,0.7887,0.2625,1.2398,0.8328,-1.3567,1.0552,-1.5134,1.3366,-1.5333,-2.2287,0.476,-0.1951,-1.7698,-1.2275,0.7713,-0.5852,0.7022,0.4824,-1.4098
CMPD_10194,TRG_2094,GPCR,314.305,2.466,0,3,4,89.732,Binding Assay,6.86,25.2,ChEMBL,0.55,6.168,0,-0.1119,-1.2142,-0.7507,-0.1261,-1.4681,-0.7969,0.2543,0.5996,0.5435,-0.9829,-0.771,1.0866,-0.6837,0.5547,-0.8747,-0.6756,-0.4993,-0.8766,-1.7704,-0.1852,0.4124,1.1203,0.7907,-1.6741
CMPD_10195,TRG_2095,GPCR,198.837,1.801,2,1,6,59.203,Binding Assay,7.69,29.6,BindingDB,0.636,6.495,0,-0.9836,1.7496,2.7335,-0.4353,0.4477,0.139,1.1999,0.3654,-1.1036,0.7278,-0.1122,-1.2934,0.7124,-0.3939,0.7198,-0.2949,0.4752,0.8704,-1.7012,0.2203,-1.1153,0.4052,-0.9655,-0.1046
CMPD_10196,TRG_2096,Transporter,313.815,4.523,0,4,5,44.637,SPR,5.92,24.3,Literature,0.764,5.237,0,-1.4185,-0.4044,1.4119,1.3656,-1.3774,-0.2671,-0.1665,-0.5407,0.5237,-1.2211,-0.6734,-1.4351,0.5742,-0.5877,-1.9417,1.0964,0.315,-0.6751,1.0149,0.6322,-0.4237,-0.595,-1.7288,-1.368
CMPD_10197,TRG_2097,Enzyme,156.09,4.206,0,4,6,31.28,Functional Assay,7.39,20.1,ChEMBL,0.167,6.9,1,-0.442,0.9911,0.0909,0.5071,1.6658,0.6116,0.6367,-0.6154,-0.9126,1.4034,-1.0894,-0.0143,0.5918,-0.2358,-0.5093,0.7854,0.7201,-1.3682,0.5228,0.1883,0.323,-0.5993,0.1257,0.9807
CMPD_10198,TRG_2098,Enzyme,223.288,1.109,2,6,6,126.833,Binding Assay,6.66,29.1,ChEMBL,0.762,7.518,1,0.5599,-1.2391,1.6734,-0.2739,1.6029,0.3804,-0.1829,0.491,-0.1425,-0.2483,0.0994,-0.4948,1.1669,-0.4765,-2.0404,0.8735,0.452,0.6371,0.107,-0.4891,0.6574,0.9636,-0.1652,1.8611
CMPD_10199,TRG_2099,Transporter,410.833,3.233,0,5,2,164.759,Functional Assay,7.98,28.0,Literature,0.236,6.862,1,-0.3553,1.5418,1.1496,-0.5531,-0.5025,0.6934,2.1411,0.2638,0.2924,-0.607,-1.8359,0.1672,-0.8566,-0.6993,-0.8399,0.5027,0.3465,1.882,-0.8517,0.2874,-0.6408,0.6192,-0.3347,0.7032
CMPD_10200,TRG_2000,IonChannel,412.864,0.751,3,7,5,100.662,Binding Assay,7.44,18.4,BindingDB,0.227,5.975,0,0.6752,0.9896,-0.1448,-1.4315,-1.0452,-1.3502,1.3133,0.5913,-0.1007,-0.905,-0.824,-0.2026,-0.299,-1.0914,0.793,0.6951,0.1678,-1.724,0.5823,0.1698,-1.7235,1.3685,-1.0194,-1.5513
CMPD_10201,TRG_2001,Kinase,384.037,0.017,0,2,5,114.581,Binding Assay,6.29,24.6,ChEMBL,0.87,7.581,1,0.427,-1.9538,-1.5729,0.6821,-0.68,0.5762,0.8157,-0.7596,-0.5477,-1.8439,-1.1623,0.4289,0.1296,-0.5478,0.2544,-0.4772,2.4599,-0.1046,0.3039,0.5047,1.4363,-0.417,-2.0595,1.4643
CMPD_10202,TRG_2002,Kinase,272.642,1.372,1,4,7,120.648,Functional Assay,6.95,24.9,ChEMBL,0.574,5.751,0,-1.5598,-0.5793,-0.8415,-1.8854,1.3394,-0.3029,0.499,-0.8819,-1.085,-0.4112,0.675,0.9207,-0.3142,-1.4475,-0.1899,-2.1215,-0.7038,0.0054,0.6599,0.5678,0.6013,1.0836,-1.4078,0.3546
CMPD_10203,TRG_2003,Enzyme,346.183,4.052,0,4,3,121.591,Functional Assay,7.47,29.1,BindingDB,0.596,5.7,0,-0.6585,0.5884,-0.9033,1.3038,-1.3799,0.1015,1.0948,-0.6,-0.9527,-1.3926,-0.2642,-1.0244,-0.2291,0.4964,-1.1683,2.0705,-1.3559,-1.0893,-0.0694,0.4214,-0.8251,-0.893,-1.1311,0.9352
CMPD_10204,TRG_2004,IonChannel,349.712,4.216,1,6,2,136.91,SPR,7.02,25.0,BindingDB,0.581,5.095,0,-0.8942,-0.2036,0.859,-0.457,-0.007,-0.8088,1.0912,-0.0123,-0.4841,1.9076,2.7138,0.8966,1.2053,-0.6295,-0.9064,-0.1289,-0.6149,0.8191,-0.2503,0.3985,1.7666,1.928,1.4875,-1.2206
CMPD_10205,TRG_2005,Kinase,257.331,3.424,1,4,5,98.564,Binding Assay,7.29,25.5,ChEMBL,0.724,1.902,0,-0.9845,-0.2806,0.9517,-0.532,1.2196,0.8431,-0.118,-0.0563,2.8024,-0.1422,-0.5275,0.7361,1.6259,-0.7001,-0.2954,0.4513,-0.5323,0.3665,-0.5272,0.1136,-1.1169,0.3469,2.2416,1.0319
CMPD_10206,TRG_2006,Kinase,470.272,3.805,0,7,7,149.698,SPR,7.19,25.6,ChEMBL,0.456,6.775,1,1.19,0.7017,1.4902,0.0791,0.9991,0.353,0.2168,0.7755,1.3273,1.9203,-0.8143,-0.5655,1.5424,0.7668,0.5797,0.2976,-1.9618,-0.3891,-0.6449,-1.6488,-0.8202,-0.6332,0.7171,-0.475
CMPD_10207,TRG_2007,Transporter,420.189,3.429,1,8,4,119.421,Functional Assay,7.72,23.6,BindingDB,0.357,6.104,0,0.5811,-1.2358,2.188,0.2197,-0.1449,-0.8512,-0.2586,-0.6776,0.5447,-0.4139,-0.8049,0.318,0.2009,-0.6181,0.4474,-1.3948,-0.4192,0.0024,-0.4722,-0.9058,-0.4481,0.5137,0.075,-0.6759
CMPD_10208,TRG_2008,Kinase,332.323,1.345,2,7,5,51.893,HTS,7.46,28.9,Literature,0.722,5.817,0,0.474,-0.6804,0.9807,-0.3537,0.4362,-1.1351,0.6998,1.2122,0.5694,-1.6419,-0.6331,0.0927,-1.0384,0.7343,-0.2777,-1.2486,-0.621,-0.3111,-1.1019,0.6744,1.6565,-0.3574,-0.3556,0.2815
CMPD_10209,TRG_2009,Kinase,352.151,3.277,1,3,4,133.335,Binding Assay,7.17,22.6,Literature,0.598,8.572,1,1.4688,1.3788,1.2513,0.5672,-0.9083,0.3266,0.1152,-0.1439,-0.2339,0.2732,1.3824,0.9396,0.5195,0.3111,-0.1568,0.4673,0.5165,-0.4081,-2.8353,1.9146,-0.4251,1.0398,0.353,0.0462
CMPD_10210,TRG_2010,IonChannel,366.671,3.941,2,3,6,101.131,Functional Assay,7.21,23.5,InHouse,0.413,5.592,0,-0.254,0.3132,-1.4399,-2.1016,0.4491,-0.0621,0.2807,-0.7205,0.2689,-2.2168,1.0506,1.2531,0.3462,0.777,-0.8569,-1.6687,-0.0834,-0.504,-0.1968,-1.6053,1.4011,-0.3416,0.8353,-0.289
CMPD_10211,TRG_2011,Transporter,186.661,3.858,0,3,2,0.0,Functional Assay,6.55,25.0,ChEMBL,0.529,9.037,1,-0.4263,-1.7132,0.8334,-0.0827,1.3015,-0.4562,-2.1025,-1.4996,0.4986,1.9828,-1.9102,-0.5292,0.1611,-0.0686,-1.5525,1.0153,0.9712,0.2165,-0.5055,0.471,0.7682,-0.4313,-0.0176,-0.2479
CMPD_10212,TRG_2012,Transporter,330.226,4.64,2,6,5,77.241,HTS,8.08,21.0,ChEMBL,0.25,7.993,1,1.7671,1.4967,1.0303,-0.3972,-0.1682,-0.5378,-0.5142,-0.2418,0.2238,-0.2765,-0.6681,-1.5409,-0.2567,0.0538,0.5612,-0.0985,2.1435,1.3337,-0.4949,-0.8744,0.4972,0.7397,0.0208,1.3356
CMPD_10213,TRG_2013,Kinase,295.441,3.775,0,4,3,122.724,Binding Assay,8.5,30.3,BindingDB,0.568,5.502,0,-0.4541,0.1435,-1.0667,-0.4486,-1.7177,-0.7347,0.5913,-0.721,0.1535,-1.0002,0.8129,1.1478,0.32,-0.2469,-0.6499,-0.7091,-0.1472,-0.408,-0.7392,1.5237,-0.1473,2.3648,1.8863,0.1769
CMPD_10214,TRG_2014,Transporter,269.87,3.133,0,2,6,4.315,Functional Assay,7.0,25.0,InHouse,0.691,3.359,0,1.2671,-0.2722,-2.2707,1.1335,-0.4122,-1.0677,-1.8214,1.4112,0.1954,-1.6318,-0.9632,0.2597,-0.7818,-0.1548,-0.1946,-0.1469,0.8257,-0.6344,-0.4582,-0.8497,-0.2471,-2.6751,-0.1283,1.0622
CMPD_10215,TRG_2015,Kinase,327.512,4.426,2,6,4,57.073,Binding Assay,7.23,27.5,BindingDB,0.162,6.563,1,-0.3962,0.1642,-1.3545,1.1805,1.8316,-0.7677,-0.2028,0.1597,-0.9322,-0.6687,-2.0957,-0.2961,0.2563,-0.0722,-0.1385,-0.282,-1.57,-1.0065,-0.0428,-1.2868,-0.5447,-1.2998,0.0024,-2.0331
CMPD_10216,TRG_2016,GPCR,493.815,2.452,1,6,4,153.63,Functional Assay,7.81,22.1,InHouse,0.804,6.347,0,-1.0561,-0.783,-0.1189,0.2344,1.3577,1.0142,-0.7238,1.4665,1.5137,-0.7042,-0.5547,-2.0491,-0.2465,1.2243,-0.6079,1.8396,1.1058,-0.0736,-1.6121,0.315,-0.6602,-1.4058,0.4947,0.8602
CMPD_10217,TRG_2017,Transporter,401.267,0.913,1,5,7,176.609,Binding Assay,7.81,27.1,Literature,0.058,4.949,0,-0.8063,-1.9615,-1.4556,3.3497,-0.2101,-0.1632,-0.3404,1.551,-0.5602,-0.3657,-0.5861,-0.0876,-0.2481,-0.2916,-0.0484,1.0375,1.2427,-0.3168,0.2651,1.2,0.3892,0.7243,-2.4649,-1.2095
CMPD_10218,TRG_2018,IonChannel,304.306,2.206,0,7,1,131.291,Binding Assay,7.31,27.4,ChEMBL,0.297,5.349,0,-0.7612,0.4938,-2.0023,2.1668,0.0118,0.8717,0.3388,1.6022,-0.1583,-0.3603,0.1762,0.9201,-2.0562,-0.3456,-0.3282,-0.3259,-0.7872,0.2832,0.3617,-0.161,-0.277,1.1276,-0.4096,-0.1669
CMPD_10219,TRG_2019,Enzyme,395.807,1.159,1,6,2,178.807,Functional Assay,6.61,27.8,ChEMBL,0.4,7.317,1,-1.1217,2.1853,-0.6344,1.0762,2.2491,-0.0411,0.8382,2.295,1.6177,-1.0026,-0.1919,-0.7842,-0.5966,-0.021,-0.3877,1.0253,-0.1165,-1.2599,-0.9367,0.8949,-0.0459,-0.1118,-0.144,-1.4621
CMPD_10220,TRG_2020,Transporter,461.948,1.285,1,9,5,146.896,Binding Assay,8.29,30.7,ChEMBL,0.79,6.017,0,0.9807,-0.4197,-1.2286,0.7981,-0.883,-0.9115,0.5451,0.2436,2.4868,0.9576,-1.4986,-0.0118,1.2886,0.509,-0.5761,-0.9244,-1.4181,0.789,1.6136,-1.8494,-1.8509,0.1824,1.2044,0.1746
CMPD_10221,TRG_2021,IonChannel,423.971,2.24,1,7,2,118.824,Binding Assay,7.61,23.3,ChEMBL,0.661,6.093,0,-0.582,-0.6706,0.4726,-0.9017,-0.6838,-0.1268,0.2504,0.548,-1.0278,-1.1132,1.2798,-0.8205,0.4765,-0.8539,-2.1178,1.5514,-1.113,1.4868,-0.6184,-0.6065,-0.3696,0.9612,-0.5515,0.8483
CMPD_10222,TRG_2022,Kinase,354.77,1.074,1,3,5,140.163,Binding Assay,7.33,24.4,ChEMBL,0.635,8.0,1,0.1109,0.8759,-0.3271,-0.1135,-0.6126,1.1632,-1.3957,-0.737,-0.8698,-0.1476,1.8738,-0.1117,-1.8444,1.1399,0.9915,0.2798,-1.1244,-0.4167,1.1887,-3.0397,-0.8569,-1.0225,-0.6083,2.0862
CMPD_10223,TRG_2023,GPCR,298.245,1.946,3,4,4,53.499,Binding Assay,6.77,22.5,Literature,0.505,7.755,1,-0.818,-1.253,-1.0223,-1.191,0.7903,-0.1784,-0.6753,0.213,0.37,-0.7193,0.94,-0.6874,0.0489,-0.1713,0.1702,0.6221,-1.0453,-0.4333,-1.1296,0.4379,-1.4751,-0.0159,-0.1885,1.0018
CMPD_10224,TRG_2024,GPCR,405.858,-0.909,0,4,0,82.662,HTS,7.23,24.7,ChEMBL,0.659,5.151,0,-1.1278,-0.6197,-0.5672,0.9941,0.8756,1.4907,-0.1136,0.4799,-0.2915,1.1351,-1.3687,-0.0485,-0.8818,0.252,-0.019,-0.7244,0.7672,-1.0187,-0.9583,-1.1857,0.1742,-0.1056,-0.5016,0.0172
CMPD_10225,TRG_2025,Kinase,381.479,2.884,0,5,3,68.24,Functional Assay,6.11,27.0,ChEMBL,0.515,8.388,1,-1.5863,-0.515,-1.1748,-0.2031,-0.3495,-0.1347,1.6251,-1.8099,-0.3653,0.9866,-0.7635,-1.41,2.0147,-0.5386,-1.1532,-0.5997,0.6283,-1.0816,0.242,-0.2039,0.1944,-0.0132,-0.4721,-1.4102
CMPD_10226,TRG_2026,Enzyme,421.615,2.502,1,5,3,170.04,SPR,7.64,26.8,ChEMBL,0.489,6.949,1,0.773,-2.4049,0.0438,-0.8352,-1.0227,-1.9229,0.4346,-0.5058,0.6427,0.6362,0.778,0.4723,2.1737,-0.724,-0.813,1.5209,0.7254,0.0502,2.1066,-0.356,0.3285,-0.0977,-1.789,-0.1714
CMPD_10227,TRG_2027,GPCR,400.814,1.029,1,3,1,86.861,Binding Assay,7.79,29.9,Literature,0.328,6.006,0,-0.5029,-0.9982,-0.0293,0.3112,1.1543,-0.8094,-0.6943,-2.2087,1.0146,1.501,1.2066,0.2427,0.3882,-0.6072,0.0064,1.0746,-0.2832,1.3272,0.3682,-0.1709,0.1958,-0.4625,-0.4566,0.245
CMPD_10228,TRG_2028,Enzyme,433.964,3.687,0,5,3,170.213,HTS,7.34,26.5,InHouse,0.751,3.647,0,0.7171,0.2613,-0.3581,-0.199,-0.4687,-0.694,-0.61,1.5389,-0.0382,0.0863,0.5312,2.623,0.0313,0.6271,-0.0689,-1.7945,-1.3733,1.1414,-0.7624,-1.3461,0.4441,1.4284,0.7824,0.1527
CMPD_10229,TRG_2029,IonChannel,307.181,4.188,1,6,5,98.092,Functional Assay,6.62,25.0,Literature,0.911,8.151,1,2.0088,0.8309,0.1148,0.0646,0.3647,-1.2621,-0.601,2.024,-1.4781,-0.2957,-0.2006,-1.5901,-1.8283,-0.8497,-0.5192,1.288,-0.342,-0.6659,0.4635,0.8649,-0.2017,0.3295,-0.6796,2.0915
CMPD_10230,TRG_2030,Transporter,455.392,-0.394,0,6,6,180.687,Functional Assay,7.47,21.7,Literature,0.952,6.666,1,-1.0291,-0.4385,-0.4745,-1.1151,0.2078,-0.5609,-0.3204,1.1465,-1.159,1.073,0.746,0.3609,0.283,-0.3642,1.2853,0.1516,-0.6227,0.1986,0.197,0.3406,0.2171,0.0349,0.4147,1.2846
CMPD_10231,TRG_2031,IonChannel,365.808,1.127,1,2,2,65.527,Functional Assay,7.67,27.6,BindingDB,0.78,4.988,0,0.6807,-0.6191,-0.8083,0.1463,-0.6713,-0.7766,-0.6124,-0.0972,1.0678,0.3183,1.0033,-0.192,-0.3228,1.3041,1.4892,-0.6665,1.1934,1.0298,0.4294,-0.652,0.2827,-0.8835,-0.1115,-0.1481
CMPD_10232,TRG_2032,IonChannel,516.021,1.116,2,7,3,129.786,SPR,6.75,24.5,ChEMBL,0.105,3.926,0,1.7291,0.7001,1.7476,-1.8067,-1.0571,-1.1086,1.1442,0.2921,-0.8576,1.2548,2.9303,0.5908,0.825,-1.9402,1.0292,1.3487,-0.8494,-0.9932,0.1089,0.2125,0.0406,1.245,1.3533,-0.6845
CMPD_10233,TRG_2033,GPCR,294.865,0.808,0,2,4,106.619,Functional Assay,7.76,27.7,ChEMBL,0.63,4.518,0,-1.2688,-1.1909,-0.7547,-0.5897,-1.8459,1.134,-0.9646,-1.0434,0.3433,0.2921,0.4921,0.7508,0.5071,0.5619,0.0792,-0.1035,-0.1615,-0.4134,-0.5866,2.723,1.4912,0.1877,-1.1766,0.006
CMPD_10234,TRG_2034,Kinase,488.877,3.993,1,8,4,129.425,Binding Assay,7.51,23.7,ChEMBL,0.793,5.69,0,0.3064,1.3865,0.4129,0.1288,-0.0207,-0.8688,1.7742,-0.6791,0.3322,-1.7608,-0.5415,1.5313,-0.7733,-1.3052,0.4629,-0.5108,0.4651,-0.9819,-0.208,0.9754,0.5653,3.2063,1.0287,0.544
CMPD_10235,TRG_2035,Transporter,365.833,2.151,4,4,4,10.016,Binding Assay,7.04,28.6,InHouse,0.307,5.097,0,0.9668,0.1563,1.7462,-1.2033,-0.4861,0.581,-1.7325,-1.5472,0.1689,-0.499,-0.6414,-0.7546,0.6797,-0.8181,-0.9744,0.3941,0.189,1.8847,0.5751,-1.3221,2.4002,-0.4691,-0.8053,0.2825
CMPD_10236,TRG_2036,GPCR,297.887,2.024,0,6,5,34.476,Functional Assay,6.87,26.2,ChEMBL,0.879,7.598,1,0.2437,-1.3161,0.1589,1.1838,0.4373,-1.5797,-2.5587,0.7761,0.0819,-0.8452,-0.7248,0.4859,1.2966,-0.9956,-0.0191,0.7559,-0.5546,-0.6087,1.4495,-0.3488,0.279,0.9627,0.0009,-0.8425
CMPD_10237,TRG_2037,Kinase,311.289,-1.107,1,4,0,48.856,Functional Assay,7.09,28.0,ChEMBL,0.5,6.795,1,-1.3099,0.5955,0.6662,-0.6359,0.0271,1.8534,-0.2103,1.3267,1.3391,-0.3597,0.3562,-1.0133,1.1152,1.9438,0.0247,-0.599,-0.7039,0.821,1.4983,-0.1219,-1.8131,-0.3695,-1.0431,-0.8801
CMPD_10238,TRG_2038,IonChannel,324.372,3.644,1,9,3,55.746,Binding Assay,6.62,26.2,BindingDB,0.844,6.108,0,0.6622,1.554,-1.0423,-0.9022,1.6894,1.4545,-0.8791,-1.6991,0.0236,0.1163,-0.2558,1.2652,-0.1882,1.1355,-0.5344,-1.7023,-0.2382,-0.0837,-0.3412,-0.3727,-1.0944,-0.0263,-1.0595,0.9548
CMPD_10239,TRG_2039,Kinase,383.933,0.269,0,5,5,142.451,Binding Assay,7.36,22.2,BindingDB,0.557,8.672,1,-0.7836,0.4358,1.001,0.5512,0.6926,-1.8345,-0.6418,0.7105,1.108,0.1986,0.8185,-1.1923,-1.2325,0.0841,1.7506,1.4338,0.2367,-1.5571,0.1187,-0.0311,0.3457,0.3587,1.3416,-0.866
CMPD_10240,TRG_2040,Enzyme,391.827,2.608,1,3,6,131.03,Functional Assay,7.54,23.9,InHouse,0.885,6.947,1,0.8437,-0.6491,-2.0955,-0.4828,2.4041,-1.3437,-0.8507,1.2812,-1.0183,0.2707,-0.0389,1.3777,-0.0703,-0.2035,0.8059,-0.9426,-1.9031,1.175,-0.5376,1.0162,0.2255,-0.6868,-0.6422,-1.4027
CMPD_10241,TRG_2041,Enzyme,304.104,2.999,4,2,8,97.72,SPR,7.9,21.2,ChEMBL,0.824,5.526,0,0.0324,-0.2951,-0.019,-0.6652,-0.7455,-1.3531,-0.0569,0.849,-0.8477,0.8509,0.2618,-0.3127,0.7403,0.9302,-0.0659,-0.8375,1.513,-0.3887,0.8698,-1.4645,-0.642,-0.3347,-0.5285,-0.5268
CMPD_10242,TRG_2042,Enzyme,348.052,4.949,1,6,3,184.762,Binding Assay,7.38,25.6,InHouse,0.735,8.348,1,-0.8397,-0.8342,1.8291,1.205,-0.9868,1.8422,0.5064,0.9225,0.3463,0.0324,0.1166,-0.1924,0.6852,-0.6128,-0.0118,0.8628,2.3859,0.3654,1.1849,0.5303,0.457,-0.0731,1.2826,-1.5314
CMPD_10243,TRG_2043,GPCR,521.382,0.144,1,4,4,203.423,Binding Assay,7.43,20.6,BindingDB,0.379,5.693,0,-0.356,-1.3494,0.2735,-1.0846,-1.2906,-1.0862,1.2691,1.3689,-1.3621,-0.6537,-0.1924,-1.937,-0.8979,-0.0118,1.248,1.291,-0.3428,1.8959,-0.0631,-0.5202,-0.6912,-0.8178,0.9566,0.9764
CMPD_10244,TRG_2044,Kinase,488.203,-2.935,1,2,3,178.534,SPR,7.04,25.9,ChEMBL,0.484,5.406,0,0.5523,-1.1356,-0.1343,0.1036,-0.3058,-0.1528,0.9068,-0.7893,-0.0294,-0.0823,0.434,0.0567,1.0022,0.3483,1.5152,-1.1455,1.1369,-0.3011,-0.3838,-1.212,1.5477,-0.9915,0.8573,-1.5659
CMPD_10245,TRG_2045,Enzyme,384.906,2.831,1,4,4,55.661,Functional Assay,6.68,14.1,InHouse,0.764,8.361,1,-0.0878,0.3185,0.5121,-0.9943,0.323,-0.6128,-1.7661,1.1092,-0.217,0.3331,-1.5507,-0.7541,-0.1261,0.37,-2.7576,-0.9154,-0.3095,-0.8726,1.3176,0.0175,-0.8377,1.7207,-0.6598,0.4511
CMPD_10246,TRG_2046,GPCR,353.04,5.741,1,8,4,108.294,Binding Assay,6.94,27.4,Literature,0.776,6.934,1,0.3979,-0.3309,0.2557,0.694,0.8279,-0.8703,0.5769,-1.6302,-0.5941,0.9875,-0.6669,-0.0986,0.3524,-0.8612,-0.3588,0.4538,1.604,-0.2063,-0.5625,0.925,-0.2003,1.6025,-0.5065,0.4071
CMPD_10247,TRG_2047,Enzyme,359.603,4.73,3,4,5,119.829,SPR,8.06,21.7,ChEMBL,0.783,4.051,0,1.775,2.2827,-0.863,-1.3355,0.5926,-1.5372,-0.3309,1.7575,1.6196,-0.0206,-1.0116,-0.6165,1.7046,1.6739,-0.0816,0.8122,-0.9358,1.4156,0.5376,1.6308,0.3835,0.262,0.6259,0.1749
CMPD_10248,TRG_2048,Enzyme,399.081,2.877,1,4,3,103.115,Functional Assay,7.58,22.1,ChEMBL,0.517,7.668,1,-0.5407,0.5464,-0.67,0.7851,0.9759,1.0167,0.1672,0.476,1.0142,-0.0248,-0.3199,-0.1634,-0.7245,-0.2906,0.3723,-1.506,1.6275,-0.5963,1.4718,-0.7283,-0.2826,-0.1642,0.7751,2.5798
CMPD_10249,TRG_2049,Enzyme,268.177,1.615,1,5,2,148.708,Functional Assay,7.44,29.1,BindingDB,0.959,7.662,1,-2.2269,-1.3442,-0.533,0.9073,0.612,0.9688,-0.546,-1.124,0.4862,-0.6338,-0.8447,-1.156,1.2057,0.7007,-1.1376,0.7798,-0.3053,-0.8465,0.9102,-0.1774,-1.0181,0.7592,0.0401,-0.6472
CMPD_10250,TRG_2050,GPCR,329.41,3.953,2,4,5,100.871,HTS,6.11,26.0,ChEMBL,0.13,4.698,0,1.5764,-1.9872,0.5054,0.4673,0.0736,-2.9996,-1.0036,-0.944,1.4254,-0.4514,-0.6351,-0.8905,1.3567,1.6446,-0.9574,0.458,-0.3902,-1.1428,-0.5922,1.4072,-0.0729,-0.56,0.6083,0.1327
CMPD_10251,TRG_2051,GPCR,216.513,0.748,0,2,6,15.82,HTS,7.39,27.5,Literature,0.218,2.707,0,-0.3336,-0.5386,-2.0764,-2.4496,-0.1332,-0.0054,-1.6127,0.5246,-0.2348,0.0011,0.9084,0.4918,-0.35,-0.652,-0.8706,-0.6652,-0.4864,-0.7554,0.1107,-0.0313,0.6633,-0.6039,-0.384,0.0342
CMPD_10252,TRG_2052,Enzyme,381.938,3.357,1,5,1,74.686,Binding Assay,6.4,22.0,Literature,0.749,8.36,1,-0.5254,-0.8295,-0.5048,1.3256,0.0592,0.4151,-0.5147,-1.0137,0.1455,-1.7022,-0.0363,-2.6819,1.2711,0.2178,-0.8085,0.7981,-0.2901,0.2817,-0.103,-0.8468,1.4649,-2.1432,1.0402,0.2902
CMPD_10253,TRG_2053,GPCR,401.776,3.41,1,3,6,211.826,Binding Assay,6.44,27.9,InHouse,0.828,7.487,1,0.0341,-1.4493,-0.2195,-0.8933,1.1249,-0.0986,-2.444,-0.9251,-0.7054,1.3672,0.6819,1.5173,-0.2431,0.2911,-0.0407,-0.8029,0.7458,-1.3783,1.1312,-1.1921,-3.1635,-0.2151,-0.547,0.3276
CMPD_10254,TRG_2054,Kinase,311.345,4.408,0,4,6,76.599,Binding Assay,6.51,24.6,InHouse,0.49,7.532,1,0.4646,-0.6139,-0.6441,-0.7238,0.4604,0.3715,-0.1865,-0.5469,-0.2572,-0.1879,-0.6971,0.6827,-0.1192,0.9304,0.37,0.5437,-0.9389,2.3222,-2.0287,0.1654,-0.3146,-1.0825,1.2653,-1.3963
CMPD_10255,TRG_2055,IonChannel,475.919,7.467,3,7,5,59.635,Binding Assay,6.74,25.4,BindingDB,0.309,7.507,1,0.6834,0.4531,0.8816,-0.4391,0.27,-0.6525,0.4869,1.3017,-0.993,0.1082,-0.0096,0.4368,-1.5023,0.602,1.2312,-0.8605,-1.0075,0.7063,1.412,-2.1918,-0.7398,-1.0379,-1.9849,-0.7235
CMPD_10256,TRG_2056,Enzyme,251.939,3.206,2,5,3,51.608,Binding Assay,7.7,29.5,ChEMBL,0.146,4.801,0,1.0338,0.1431,0.2628,0.7058,1.7083,-0.1042,0.0133,-0.2708,-0.4354,-0.1627,-0.4549,1.0578,1.3363,-0.7719,-0.191,0.9508,0.6272,-0.2991,1.1974,0.8191,0.4017,0.3719,0.3653,1.8144
CMPD_10257,TRG_2057,Transporter,232.85,1.584,2,5,3,0.0,Binding Assay,7.34,21.5,ChEMBL,0.2,9.417,1,-0.5542,1.7998,-0.257,0.0651,1.4082,0.2384,-0.9947,0.8825,-1.6654,0.142,0.1676,-1.443,-1.6625,-0.5407,0.69,-0.1966,-1.4226,-0.1594,-0.0507,-0.499,-1.7197,0.2055,-0.6936,0.8115
CMPD_10258,TRG_2058,IonChannel,367.956,2.454,0,3,4,147.079,HTS,6.63,27.7,ChEMBL,0.719,5.051,0,0.0551,0.0273,-1.3357,0.5635,1.0863,0.7274,1.0982,1.3007,0.2935,0.2741,0.0889,0.5463,-3.0185,0.0523,1.3013,1.655,-1.154,-1.336,2.963,0.9437,0.7398,0.7692,0.6635,-0.2935
CMPD_10259,TRG_2059,Kinase,433.768,-0.684,1,5,3,51.936,HTS,6.85,26.2,ChEMBL,0.912,5.578,0,2.0886,-0.518,-0.5727,1.4325,-1.3796,0.8042,1.6593,-1.2063,-0.2575,-0.8829,0.4421,1.6358,-1.7365,0.0991,1.0945,1.3786,-0.3762,0.8687,0.0522,-0.9298,-0.0685,0.0035,-0.5212,0.3564
CMPD_10260,TRG_2060,IonChannel,484.714,1.25,1,6,3,89.326,Functional Assay,7.5,24.4,ChEMBL,0.21,5.365,0,-0.4896,0.8821,-0.5453,2.4084,-0.7064,1.8311,-0.6716,-0.7799,0.188,-1.3015,1.3343,0.8288,-0.1156,0.86,-0.7777,1.3671,0.4949,-1.1444,-0.324,0.5189,0.0983,-2.2406,0.0145,1.289
CMPD_10261,TRG_2061,Enzyme,313.289,1.763,2,6,1,94.146,Functional Assay,7.62,21.7,InHouse,0.241,6.516,1,-0.8507,-0.2588,-1.4014,-0.8626,-0.7724,-0.6921,0.0386,-2.4606,-1.337,-0.0837,0.1889,-0.357,-0.2469,1.1708,-0.0074,1.1661,-0.7541,0.3255,-0.1497,0.8238,-0.0501,-0.554,-0.0345,-0.9881
CMPD_10262,TRG_2062,Kinase,436.294,1.557,0,9,6,175.264,Binding Assay,7.28,24.3,ChEMBL,0.684,5.827,0,1.9628,-1.7851,-1.4135,1.1242,0.3012,-0.1594,-0.6836,0.1632,-0.0944,-1.5357,2.9362,-0.0598,0.9167,0.6883,0.0129,-1.2854,1.014,1.4165,-1.2379,-0.1925,1.4871,0.7938,0.0809,-0.0217
CMPD_10263,TRG_2063,IonChannel,346.919,2.774,0,1,5,101.298,Binding Assay,6.51,22.5,InHouse,0.507,6.045,0,1.7362,-1.984,-0.3708,-1.6533,-1.5284,0.6258,-0.0162,-1.0096,-0.4094,-0.3742,0.7517,1.7552,-1.1653,1.466,0.6311,-0.6489,-1.4263,-2.2189,-0.1916,0.0843,-0.7062,0.3436,-1.4762,0.3042
CMPD_10264,TRG_2064,Enzyme,336.19,1.02,2,4,6,50.551,Binding Assay,6.95,28.6,BindingDB,0.375,4.01,0,-0.7135,1.3016,-1.3627,-0.7569,-0.2246,-1.9413,1.4157,-0.381,-0.2854,-0.4813,0.8479,-0.6264,-1.6823,0.5283,-1.453,0.5678,1.2127,-0.762,0.8383,1.359,2.8387,-0.5251,-0.4361,0.1234
CMPD_10265,TRG_2065,Transporter,420.693,4.518,1,3,4,133.51,SPR,8.5,25.3,InHouse,0.97,6.287,0,-1.1573,2.0314,-1.0909,-0.2423,-0.0469,0.6084,0.5683,-0.0695,1.1827,-0.8127,0.64,0.7157,-0.1378,0.8339,-0.7921,-0.9768,1.3595,0.0092,-0.9622,-0.2326,0.0063,-1.2591,0.7761,-0.4714
CMPD_10266,TRG_2066,Transporter,402.186,2.5,2,3,6,101.944,Binding Assay,6.47,23.0,Literature,0.747,3.924,0,-0.1366,-1.5529,0.369,0.1334,-0.3823,-1.1819,-2.526,0.0369,0.218,-0.1861,-0.7477,-1.5986,-1.3174,-0.5982,0.8943,1.5778,-0.0296,-0.3617,-0.2729,0.8166,-0.3166,0.7403,0.7414,-0.4858
CMPD_10267,TRG_2067,Transporter,223.889,2.483,1,7,5,112.475,HTS,7.42,20.7,ChEMBL,0.401,8.451,1,0.9849,-0.6872,-1.6129,0.8752,1.5393,2.8862,0.0554,-0.201,1.3895,-0.1043,0.0224,0.6527,-0.748,-0.2613,-0.1291,-1.6248,-0.2487,-0.5854,0.7715,0.8982,-1.2748,-0.8355,1.0,-0.7511
CMPD_10268,TRG_2068,GPCR,468.123,1.91,0,4,3,174.628,Functional Assay,8.47,23.6,Literature,0.371,6.607,1,-0.7081,0.5181,-0.5021,0.6353,-0.0029,-0.1045,-1.4874,-0.6894,0.2006,0.2247,-0.6805,-2.7202,-0.4948,-1.322,0.4157,-0.2227,0.1293,-1.1345,-0.6921,1.2643,0.1198,-0.6654,-0.5458,0.6953
CMPD_10269,TRG_2069,GPCR,460.407,2.779,0,7,4,116.636,Binding Assay,7.04,28.7,BindingDB,0.606,7.175,1,0.6768,-0.5576,0.1182,0.7718,0.6289,0.7096,-1.5803,1.0597,-0.5919,0.5239,-0.0047,0.1274,-0.2025,1.0057,-0.1903,-0.45,0.5182,-0.5815,1.0879,-1.4588,-0.3004,0.0137,0.2818,0.4736
CMPD_10270,TRG_2070,Enzyme,299.955,3.985,0,4,2,121.177,Binding Assay,8.3,25.3,InHouse,0.356,7.652,1,-1.7301,-0.0728,-1.9913,-0.0885,-1.3098,0.2575,-0.5157,-0.6914,0.0701,-0.3413,1.9796,1.023,0.2325,-0.7449,1.1559,-1.43,-0.4097,1.7304,-2.0691,-0.6144,-1.5309,0.2715,-0.4815,1.5969
CMPD_10271,TRG_2071,Enzyme,381.664,0.939,1,6,1,125.348,Functional Assay,6.79,24.5,InHouse,0.705,5.033,0,-0.769,2.1668,0.9618,1.4319,2.3441,-0.9983,-2.1823,-0.0382,2.0711,0.2542,-1.1118,1.065,-1.8015,1.1116,0.8291,-0.9693,-1.6959,-0.105,-0.0568,-0.6079,1.3121,-0.7879,-1.93,-0.8749
CMPD_10272,TRG_2072,Enzyme,389.522,1.315,1,4,5,171.529,HTS,6.02,30.1,BindingDB,0.671,8.154,1,0.2307,1.0526,0.1919,-0.4066,-1.4447,-1.7125,-0.1877,-0.17,-0.4907,-0.3938,-2.045,1.3191,-0.949,-0.4019,0.2878,-0.7069,0.8964,-0.45,-0.281,-1.0679,-0.1504,0.7211,2.4861,1.9311
CMPD_10273,TRG_2073,Enzyme,370.854,1.953,0,6,3,140.743,SPR,6.85,23.8,ChEMBL,0.796,6.606,1,1.8077,1.1676,0.3876,0.8733,-0.0426,-0.981,0.2798,0.8808,-0.5478,-0.3023,-0.6153,0.4765,0.486,-1.4467,-1.9869,0.1284,-0.1038,-0.2074,1.5114,0.6148,-0.2057,1.004,-0.0267,0.3453
CMPD_10274,TRG_2074,IonChannel,305.976,0.077,2,3,7,113.673,Binding Assay,6.75,22.6,ChEMBL,0.887,7.427,1,-1.4058,0.7268,1.2251,-0.509,1.3954,0.4793,0.1112,1.9557,1.0062,0.3827,-0.1242,1.4277,0.9981,0.4563,1.4659,0.2216,1.2521,-0.6798,-0.1849,-0.8296,1.3004,-2.4387,0.2782,-2.1581
CMPD_10275,TRG_2075,IonChannel,296.27,1.025,2,3,8,141.999,Functional Assay,6.2,26.2,BindingDB,0.318,6.938,1,-0.4901,-0.6036,-0.2447,-1.7815,-0.068,-0.3361,1.2931,0.8361,-0.3709,1.4647,1.0075,-0.3252,0.0539,0.7314,0.7992,1.0527,-0.1005,-0.5209,0.0502,0.1537,0.1651,0.7595,-1.9893,-0.5249
CMPD_10276,TRG_2076,Transporter,347.956,1.643,1,2,7,105.003,Binding Assay,6.95,26.3,Literature,0.581,7.453,1,-0.8735,-0.4946,-0.6418,-0.1155,-1.0836,1.7783,-0.2711,-1.618,-1.2883,-1.4032,-0.3357,0.4932,0.2458,-1.8408,-0.2034,0.7395,0.4215,2.3055,1.4672,0.4656,-0.0586,0.1482,0.0474,0.4833
CMPD_10277,TRG_2077,IonChannel,443.818,4.074,0,5,6,102.221,HTS,7.79,23.2,InHouse,0.479,4.956,0,-2.5328,-0.3423,0.9404,0.1945,2.2558,1.7604,0.3338,-1.4436,0.7136,-1.0706,-0.5789,0.1081,0.5398,-0.341,-0.9127,1.0629,1.5592,1.2084,0.1084,0.3241,-0.7462,0.6061,2.5749,1.3197
CMPD_10278,TRG_2078,Transporter,393.488,2.973,1,8,0,126.08,SPR,6.84,22.6,ChEMBL,0.833,3.966,0,-0.0484,-0.193,-1.1438,-1.302,-0.5544,-1.1216,-1.819,-0.2167,-0.8184,-0.2581,-0.9234,-0.8036,0.1481,-0.9447,1.6363,-1.4723,-0.5259,0.9912,1.5785,-1.578,0.2113,0.1233,-0.5871,-0.3375
CMPD_10279,TRG_2079,Transporter,320.351,2.848,2,4,3,81.889,Functional Assay,6.97,29.3,InHouse,0.672,11.179,1,-0.4775,-0.0135,0.8738,-0.3897,-1.7215,-0.2649,0.1776,0.1054,-0.639,1.5492,0.0724,-0.4405,0.1686,-1.5017,1.0322,-0.9673,-1.0163,-0.8732,0.583,0.3013,-0.3599,-1.9158,0.524,-0.4067
CMPD_10280,TRG_2080,Enzyme,411.736,4.032,1,6,2,147.689,Binding Assay,8.02,23.7,InHouse,0.39,4.533,0,-0.7834,0.6262,-0.11,-0.6306,0.6183,1.2928,0.2712,0.1168,0.2918,0.541,-0.2788,-0.5049,-0.567,0.0932,-0.4082,1.1095,-1.015,0.4986,-0.3761,1.8448,-0.5103,0.1158,-1.494,0.6273
CMPD_10281,TRG_2081,GPCR,122.117,2.253,3,2,6,39.113,Functional Assay,6.75,20.6,ChEMBL,0.86,5.289,0,0.4195,-0.4497,-0.7231,-0.827,-0.0733,-1.3812,0.2439,0.9458,-0.4609,-1.2568,-0.7233,0.1583,0.7991,-0.0847,2.207,-1.0761,1.2186,0.8112,-1.2313,2.0023,0.7961,-0.0686,0.5935,-0.88
CMPD_10282,TRG_2082,GPCR,441.901,3.203,3,7,6,148.688,Binding Assay,7.57,25.6,ChEMBL,0.388,3.148,0,0.1844,-0.2364,0.7285,0.7103,-1.1426,0.0474,-1.0356,-0.869,0.0754,-0.6012,0.7736,-0.2083,2.1326,1.2297,-0.2906,-0.0862,-0.8709,1.6674,-0.4447,-0.5698,0.2481,-0.5644,0.4389,1.5715
CMPD_10283,TRG_2083,Kinase,210.823,2.314,0,6,7,15.082,Binding Assay,6.18,27.7,ChEMBL,0.227,6.822,1,0.1261,0.1063,-1.8097,1.4042,1.9059,-0.1125,0.3823,1.064,0.0646,2.1691,-0.265,1.2502,0.0842,-0.9606,0.5351,-0.5797,-2.2975,0.8171,-0.1381,-0.1895,0.3055,0.7122,2.1833,-1.1782
CMPD_10284,TRG_2084,IonChannel,321.005,2.978,0,4,2,116.633,Binding Assay,6.62,24.4,Literature,0.155,4.619,0,-0.1416,-0.7873,0.958,-0.2471,-0.0715,0.4202,1.1451,-0.3338,0.4351,-0.5305,-2.6191,0.2124,0.7018,2.4035,-2.0912,-0.4631,-0.6123,0.0855,0.0994,1.133,0.6335,-0.427,0.642,-0.6331
CMPD_10285,TRG_2085,Kinase,260.426,1.451,0,4,7,26.719,HTS,7.07,26.6,InHouse,0.711,4.789,0,-1.3161,0.4719,1.556,0.1509,-1.0559,1.7978,0.1525,2.4123,-0.7087,1.0033,0.8952,0.0909,0.0379,0.5377,-1.0266,0.2863,0.1333,1.1681,-0.4703,0.5841,0.6111,0.7531,0.8308,0.1465
CMPD_10286,TRG_2086,GPCR,246.425,-1.89,2,7,1,112.398,Functional Assay,7.93,21.9,ChEMBL,0.949,4.323,0,-0.1331,1.2166,-0.729,-1.4882,0.2221,-0.9061,-0.0235,-1.0558,1.1154,-1.1707,1.0567,-0.0639,2.29,0.7976,-0.7682,-0.7184,0.4143,-0.4488,-1.7182,0.6692,-1.4433,-0.2033,-0.7066,-0.4903
CMPD_10287,TRG_2087,IonChannel,442.866,2.258,0,6,3,171.39,Binding Assay,6.65,26.9,ChEMBL,0.456,6.991,1,0.9173,0.5139,0.7141,2.1679,1.3587,-0.5199,0.066,-1.2608,-0.1717,-0.5383,1.5306,0.3132,0.1599,0.5008,0.3221,-2.0215,0.8785,0.8709,-0.3431,-0.8875,0.6413,-2.3096,0.3608,-1.0074
CMPD_10288,TRG_2088,GPCR,312.584,5.061,1,2,3,107.693,HTS,6.65,22.1,InHouse,0.587,7.181,1,-0.9242,0.0929,-0.2867,-0.7215,-2.0093,0.8082,-0.0523,0.4267,-0.6198,0.7,-1.8454,0.7022,0.6752,1.2298,-0.6179,-1.0259,2.3687,1.8906,0.8021,-0.1013,0.5706,-1.0097,0.5668,0.1483
CMPD_10289,TRG_2089,IonChannel,377.72,4.167,2,3,2,125.72,Binding Assay,7.36,25.9,Literature,0.674,6.004,0,-0.731,0.666,-0.1549,-0.8256,0.2929,0.5348,1.2003,1.5794,-1.9694,0.6002,-0.4699,-1.2277,-0.0745,0.0374,1.0192,-0.4887,0.7337,0.5787,0.676,-1.8452,-0.4541,-0.0291,0.1773,-0.8412
CMPD_10290,TRG_2090,Kinase,346.246,4.238,0,4,2,94.928,Binding Assay,7.46,27.3,InHouse,0.956,6.233,0,-0.8056,-0.0213,1.6389,0.8322,-0.7736,-0.3683,0.4492,-0.7665,1.0214,0.2072,0.3882,0.5899,1.8256,-1.2592,0.0391,-0.3252,-0.445,0.2983,1.5989,0.6209,-0.2473,-0.0724,-0.9281,0.023
CMPD_10291,TRG_2091,Kinase,388.163,4.725,0,3,1,92.32,Binding Assay,6.58,25.3,BindingDB,0.984,8.7,1,-0.1137,1.0111,-1.4501,0.6862,1.3009,-0.3004,-1.0581,2.0997,-0.9889,-0.7318,0.363,0.8888,-0.5815,0.9845,0.2464,0.8523,0.7088,0.4272,-2.1847,1.2227,3.1975,1.252,-0.2547,-0.1377
CMPD_10292,TRG_2092,Enzyme,356.146,2.66,3,8,3,106.245,Functional Assay,6.89,21.3,ChEMBL,0.506,6.432,0,-1.0143,-0.3173,0.2799,0.7316,-0.6471,0.5791,1.357,-0.0924,-0.4325,-1.2629,-0.1726,0.7203,0.3812,1.5718,-0.4531,-0.8065,-0.0497,-1.7469,0.1851,-0.3982,-1.4811,-0.1539,0.4163,-1.0516
CMPD_10293,TRG_2093,GPCR,247.361,2.855,1,3,7,153.516,Functional Assay,7.85,21.4,BindingDB,0.527,5.076,0,-0.2976,-0.1162,-1.2317,-1.1892,0.539,-0.6261,0.2262,0.5915,0.8861,-0.7946,0.0207,1.6521,-0.3027,-0.2785,1.0913,-0.544,-0.1951,-1.7698,-1.2275,0.7713,-0.5852,0.7022,0.4824,-1.4098
CMPD_10294,TRG_2094,Kinase,429.701,1.388,1,4,7,138.083,Functional Assay,6.49,29.8,ChEMBL,0.544,7.074,1,0.2897,-1.004,0.3195,-0.7168,-1.3284,0.4409,-0.8811,0.3443,-1.8961,-0.5258,-1.1366,-0.3354,1.7746,0.9751,-0.9172,-1.7604,-0.4993,-0.8766,-1.7704,-0.1852,0.4124,1.1203,0.7907,-1.6741
CMPD_10295,TRG_2095,IonChannel,310.499,1.931,0,6,2,39.32,SPR,7.4,22.7,InHouse,0.532,6.846,1,-1.0914,0.3591,0.3328,0.4606,-0.4335,1.1312,0.9866,-0.0645,-0.2723,-1.1861,0.3501,-0.2563,0.4018,0.1009,-1.0885,0.0137,0.4752,0.8704,-1.7012,0.2203,-1.1153,0.4052,-0.9655,-0.1046
CMPD_10296,TRG_2096,Transporter,225.473,3.608,1,6,0,0.0,Binding Assay,6.89,27.3,ChEMBL,0.808,4.544,0,2.6181,-1.1419,-0.3975,-0.5117,1.2187,-0.3579,1.4474,1.1435,1.6414,-0.9883,-1.6591,-1.8315,1.351,0.0173,-0.3005,0.0827,0.315,-0.6751,1.0149,0.6322,-0.4237,-0.595,-1.7288,-1.368
CMPD_10297,TRG_2097,Kinase,315.751,4.667,0,4,3,37.202,SPR,8.04,25.4,InHouse,0.433,6.635,1,-1.1202,-0.6185,-0.5927,0.6882,-0.7617,0.6704,1.2083,1.4593,0.455,-0.552,-2.0797,0.0233,-0.7409,-0.3254,0.112,0.8194,0.7201,-1.3682,0.5228,0.1883,0.323,-0.5993,0.1257,0.9807
CMPD_10298,TRG_2098,IonChannel,470.061,2.249,0,7,6,125.914,Binding Assay,7.55,22.0,ChEMBL,0.924,4.664,0,0.5808,-0.0694,-0.0643,1.4464,0.1247,-0.015,-0.4519,-1.4591,1.274,-1.9078,-1.2899,-0.7205,0.0752,0.0678,0.628,-0.67,0.452,0.6371,0.107,-0.4891,0.6574,0.9636,-0.1652,1.8611
CMPD_10299,TRG_2099,Kinase,418.018,1.69,3,5,9,176.037,SPR,7.73,23.4,InHouse,0.679,6.401,0,0.7828,1.5719,0.7613,-0.6201,0.3635,-0.7958,-0.912,1.0448,-0.5027,-0.2766,-0.3614,-0.6393,-1.1754,-0.6385,1.831,0.7107,0.3465,1.882,-0.8517,0.2874,-0.6408,0.6192,-0.3347,0.7032
CMPD_10300,TRG_2000,Kinase,322.108,2.501,1,7,2,55.693,Functional Assay,6.88,30.1,ChEMBL,0.867,8.415,1,1.2088,-2.1189,-0.2029,0.0586,-0.4123,2.1975,-0.6386,1.3064,-0.6556,0.3358,-0.6959,0.727,-0.1013,-0.4651,2.0457,1.0698,0.1678,-1.724,0.5823,0.1698,-1.7235,1.3685,-1.0194,-1.5513
CMPD_10301,TRG_2001,IonChannel,322.059,3.582,1,2,2,153.488,Functional Assay,7.69,35.5,BindingDB,0.869,6.216,0,0.1222,-0.8433,-0.949,-0.1539,0.5535,0.8268,-0.4274,0.6812,0.7142,-0.5639,-0.6384,0.1059,1.5681,0.1953,-1.0441,-2.2244,2.4599,-0.1046,0.3039,0.5047,1.4363,-0.417,-2.0595,1.4643
CMPD_10302,TRG_2002,IonChannel,324.269,-0.099,1,3,4,104.459,Functional Assay,7.68,24.0,BindingDB,0.677,5.333,0,-1.3321,0.2397,0.2899,-0.1717,0.978,-0.6968,0.6954,-1.3102,1.5334,-0.2297,1.8246,1.1763,-1.5565,1.6212,0.4163,-0.3958,-0.7038,0.0054,0.6599,0.5678,0.6013,1.0836,-1.4078,0.3546
CMPD_10303,TRG_2003,IonChannel,516.14,-1.633,0,5,4,174.18,Functional Assay,7.51,23.8,ChEMBL,0.539,6.069,0,-0.0904,0.808,-0.5006,1.854,-0.1106,1.8696,-0.4997,-0.0406,-1.0419,1.4144,0.4951,0.9419,-0.2536,-0.7477,0.6455,0.98,-1.3559,-1.0893,-0.0694,0.4214,-0.8251,-0.893,-1.1311,0.9352
CMPD_10304,TRG_2004,Transporter,380.555,1.509,0,5,2,132.408,Binding Assay,7.03,20.1,Literature,0.472,7.878,1,-0.2985,0.1369,-1.7779,-0.1784,-0.5293,0.4197,-0.4396,-0.9751,0.7166,-0.8521,0.2686,0.6623,-1.3113,0.0104,-0.6777,1.6769,-0.6149,0.8191,-0.2503,0.3985,1.7666,1.928,1.4875,-1.2206
CMPD_10305,TRG_2005,Enzyme,384.403,0.303,1,6,6,138.948,HTS,7.3,20.1,BindingDB,0.844,6.056,0,-1.3474,-0.7319,1.8072,2.4579,0.8531,1.3857,-1.1052,2.3391,1.9685,-0.045,-0.7807,-1.87,-0.7434,1.5624,-1.6261,2.7634,-0.5323,0.3665,-0.5272,0.1136,-1.1169,0.3469,2.2416,1.0319
CMPD_10306,TRG_2006,IonChannel,432.423,1.585,0,2,4,113.272,Binding Assay,6.09,22.4,BindingDB,0.711,6.709,1,1.1556,-1.6897,-2.099,0.1386,0.1811,-1.1567,-0.703,-0.6603,0.5257,-0.5293,-0.8319,-0.5624,-1.1568,-0.8581,-1.2714,0.2566,-1.9618,-0.3891,-0.6449,-1.6488,-0.8202,-0.6332,0.7171,-0.475
CMPD_10307,TRG_2007,GPCR,369.103,2.234,2,4,2,17.354,Binding Assay,8.26,23.7,InHouse,0.47,4.832,0,-0.7674,0.7492,0.1678,-0.2131,-0.1556,-0.0972,-0.7338,0.4628,-1.974,0.595,0.7154,-0.2467,0.4616,0.758,0.4765,0.1121,-0.4192,0.0024,-0.4722,-0.9058,-0.4481,0.5137,0.075,-0.6759
CMPD_10308,TRG_2008,Transporter,329.277,1.684,4,4,6,75.249,Functional Assay,6.84,24.9,Literature,0.226,4.331,0,1.5454,0.8583,1.3771,-0.7228,0.1072,-0.7842,-1.6948,0.2272,0.6925,-1.4216,1.168,-0.8847,0.2166,0.6694,-0.0877,0.2112,-0.621,-0.3111,-1.1019,0.6744,1.6565,-0.3574,-0.3556,0.2815
CMPD_10309,TRG_2009,GPCR,334.292,5.114,1,4,3,64.772,SPR,7.0,27.1,BindingDB,0.583,6.879,1,-0.8867,-0.2683,-0.2697,0.0577,-0.3455,1.195,-1.4952,-1.2783,1.9867,1.536,-2.2283,-0.8178,0.4303,-0.5413,-0.8225,1.2096,0.5165,-0.4081,-2.8353,1.9146,-0.4251,1.0398,0.353,0.0462
CMPD_10310,TRG_2010,GPCR,344.272,3.088,2,3,3,115.704,Binding Assay,6.41,25.7,Literature,0.707,8.0,1,0.7663,0.6869,0.887,0.4486,0.8744,0.0021,-1.4458,-1.1013,-1.6405,0.0419,1.6657,-0.4422,1.1203,0.0975,0.5368,-0.0675,-0.0834,-0.504,-0.1968,-1.6053,1.4011,-0.3416,0.8353,-0.289
CMPD_10311,TRG_2011,Kinase,347.022,3.041,0,5,3,112.876,HTS,7.6,27.1,Literature,0.872,5.847,0,-1.4229,0.2743,-0.8116,0.8806,0.4029,1.2935,-1.4831,-0.088,0.047,-0.9566,-0.5345,0.4359,1.1809,1.033,0.3051,-0.2969,0.9712,0.2165,-0.5055,0.471,0.7682,-0.4313,-0.0176,-0.2479
CMPD_10312,TRG_2012,Kinase,408.21,3.62,1,2,5,111.568,HTS,7.52,23.2,ChEMBL,0.713,5.8,0,-1.4647,0.5204,0.0034,-0.3195,-2.0063,-0.459,-0.6113,0.6472,-0.2402,-0.985,-0.5979,-2.0277,-0.906,0.0466,1.1828,-1.0114,2.1435,1.3337,-0.4949,-0.8744,0.4972,0.7397,0.0208,1.3356
CMPD_10313,TRG_2013,Enzyme,354.156,0.45,2,6,2,176.468,Functional Assay,7.02,24.8,Literature,0.703,8.056,1,-1.5986,1.4179,-0.9458,0.014,-0.0482,-0.8776,0.9833,-1.1019,-0.8228,-1.8012,-0.3616,0.5474,0.3126,-0.2617,1.7493,2.1863,-0.1472,-0.408,-0.7392,1.5237,-0.1473,2.3648,1.8863,0.1769
CMPD_10314,TRG_2014,Enzyme,408.611,4.37,3,6,6,96.954,Functional Assay,5.8,23.9,ChEMBL,0.639,7.981,1,-1.4562,-0.0913,0.2817,-0.8862,-0.2393,0.8129,0.5218,1.5256,-2.4799,-1.3458,-1.4782,-1.5323,1.6658,0.0513,0.4296,-0.6115,0.8257,-0.6344,-0.4582,-0.8497,-0.2471,-2.6751,-0.1283,1.0622
CMPD_10315,TRG_2015,Transporter,343.543,2.364,1,5,3,14.033,SPR,6.77,21.2,BindingDB,0.748,7.445,1,-0.4923,0.4604,-2.29,-0.5842,0.7335,1.2988,2.2947,-0.2107,-0.6765,0.6485,0.4128,-0.3163,1.0336,1.1341,2.1592,0.7099,-1.57,-1.0065,-0.0428,-1.2868,-0.5447,-1.2998,0.0024,-2.0331
CMPD_10316,TRG_2016,GPCR,356.291,3.707,0,4,3,111.666,Binding Assay,7.48,19.1,ChEMBL,0.576,5.834,0,-0.133,1.1658,1.8435,0.4033,0.6559,2.096,0.4151,0.6176,0.3008,-0.1247,-1.7107,0.81,-1.2854,-0.5348,0.6482,-0.0953,1.1058,-0.0736,-1.6121,0.315,-0.6602,-1.4058,0.4947,0.8602
CMPD_10317,TRG_2017,Kinase,190.144,0.571,0,3,1,104.611,Functional Assay,7.35,23.0,BindingDB,0.914,6.059,0,1.3306,0.3795,-1.3792,0.2021,0.8738,0.9881,0.0459,-1.8233,1.9905,2.551,-0.6919,-0.0757,-0.6619,0.8787,-0.9219,-0.5213,1.2427,-0.3168,0.2651,1.2,0.3892,0.7243,-2.4649,-1.2095
CMPD_10318,TRG_2018,Kinase,423.306,-0.297,1,5,4,138.478,HTS,7.17,17.6,InHouse,0.37,6.919,1,0.7644,-0.7167,0.7315,0.8663,0.4785,-0.8413,-0.062,-0.1222,-0.8392,0.8477,-1.0333,-0.0586,0.4416,2.1918,0.8766,0.4625,-0.7872,0.2832,0.3617,-0.161,-0.277,1.1276,-0.4096,-0.1669
CMPD_10319,TRG_2019,GPCR,377.719,3.972,1,7,7,99.05,HTS,6.95,21.6,BindingDB,0.421,7.964,1,-0.2859,1.0784,1.186,0.5485,0.6212,1.6093,1.2997,0.1026,0.4522,-0.1263,-0.6414,-0.0405,-1.1342,-0.7723,-1.1737,0.9253,-0.1165,-1.2599,-0.9367,0.8949,-0.0459,-0.1118,-0.144,-1.4621
CMPD_10320,TRG_2020,IonChannel,429.841,3.178,0,7,4,138.57,HTS,6.25,26.6,Literature,0.407,6.059,0,0.4823,-2.1327,0.835,0.3687,-1.1042,-0.311,-1.9396,-1.0678,0.5009,-1.0812,-0.0119,-0.4823,0.7568,1.5046,0.2456,-0.7583,-1.4181,0.789,1.6136,-1.8494,-1.8509,0.1824,1.2044,0.1746
CMPD_10321,TRG_2021,Transporter,118.3,0.876,1,3,1,109.046,Binding Assay,7.78,25.5,InHouse,0.611,7.461,1,-0.7694,-0.2269,-1.8785,2.2207,0.8014,-2.0628,-0.4399,0.6559,-0.3762,-0.8215,1.8879,1.138,0.0302,0.6292,0.7215,0.8395,-1.113,1.4868,-0.6184,-0.6065,-0.3696,0.9612,-0.5515,0.8483
CMPD_10322,TRG_2022,Transporter,517.07,0.935,1,8,1,120.116,Binding Assay,6.34,25.1,ChEMBL,0.414,3.823,0,-0.699,-1.9724,-0.9941,0.4637,0.1041,-1.2185,1.3102,1.1238,-0.1499,-2.0723,-0.1182,0.168,0.8157,0.124,0.4474,0.1038,-1.1244,-0.4167,1.1887,-3.0397,-0.8569,-1.0225,-0.6083,2.0862
CMPD_10323,TRG_2023,GPCR,338.833,4.526,1,7,2,102.885,Binding Assay,7.08,28.5,ChEMBL,0.877,7.496,1,-1.343,-0.9577,-0.8767,1.5158,0.1317,0.0328,-0.1659,0.2195,-1.7748,0.4796,0.5727,-0.1345,-0.8575,2.3115,-0.5228,-1.9582,-1.0453,-0.4333,-1.1296,0.4379,-1.4751,-0.0159,-0.1885,1.0018
CMPD_10324,TRG_2024,Enzyme,438.655,0.359,0,5,4,158.394,Binding Assay,6.58,22.8,ChEMBL,0.299,6.52,1,1.3381,0.9798,1.6669,1.141,0.6971,-0.7871,0.8307,1.5349,-0.5511,-0.1524,1.2864,-1.0272,-0.2458,-0.8141,-0.178,0.2101,0.7672,-1.0187,-0.9583,-1.1857,0.1742,-0.1056,-0.5016,0.0172
CMPD_10325,TRG_2025,Transporter,266.808,5.457,0,5,8,90.198,Binding Assay,7.8,27.0,InHouse,0.879,7.636,1,1.5462,0.4369,0.4858,-0.5694,0.3452,0.5477,0.3556,-0.9707,1.1681,1.0997,-1.301,1.4359,-0.628,1.105,-2.5256,-1.1706,0.6283,-1.0816,0.242,-0.2039,0.1944,-0.0132,-0.4721,-1.4102
CMPD_10326,TRG_2026,IonChannel,399.022,0.879,2,6,3,109.792,Binding Assay,7.55,22.6,ChEMBL,0.755,6.574,1,0.9452,0.9104,1.8605,-0.3512,2.216,2.4138,-0.6389,-0.5528,-0.3924,0.7452,0.8802,0.4228,0.3822,0.1745,-1.2074,-0.8432,0.7254,0.0502,2.1066,-0.356,0.3285,-0.0977,-1.789,-0.1714
CMPD_10327,TRG_2027,IonChannel,265.727,3.649,2,7,4,62.665,Functional Assay,6.99,25.8,ChEMBL,0.91,8.252,1,-0.1096,-0.321,0.893,-0.9245,0.3609,-0.9732,-0.6082,-0.502,-0.0309,0.3271,0.8217,0.0869,-0.0578,-0.3301,-0.767,1.0463,-0.2832,1.3272,0.3682,-0.1709,0.1958,-0.4625,-0.4566,0.245
CMPD_10328,TRG_2028,GPCR,300.098,1.908,2,6,3,78.622,SPR,7.61,25.5,Literature,0.818,6.869,1,0.5327,-0.4682,-0.5142,0.3186,0.745,-1.3484,0.7754,-0.09,-0.7865,-0.7822,1.4743,1.126,0.8288,-0.6792,-1.7026,0.1187,-1.3733,1.1414,-0.7624,-1.3461,0.4441,1.4284,0.7824,0.1527
CMPD_10329,TRG_2029,Kinase,503.123,3.586,1,8,4,172.218,SPR,6.3,25.6,BindingDB,0.495,7.505,1,-0.5509,-1.0115,-0.7865,-0.1684,1.8933,-1.3221,-1.5584,-0.7875,1.0093,1.3009,-0.2435,-0.5027,0.6181,-0.3468,0.9871,-0.7321,-0.342,-0.6659,0.4635,0.8649,-0.2017,0.3295,-0.6796,2.0915
CMPD_10330,TRG_2030,GPCR,334.745,1.521,4,3,2,119.375,SPR,7.15,23.8,ChEMBL,0.732,7.107,1,0.4687,-0.9501,0.8401,-0.0741,-0.6329,0.6099,-0.0545,0.8327,-0.3012,-1.7618,0.5961,0.775,-0.3067,-0.6683,-0.5178,-1.155,-0.6227,0.1986,0.197,0.3406,0.2171,0.0349,0.4147,1.2846
CMPD_10331,TRG_2031,Transporter,367.395,2.207,1,4,4,194.007,Binding Assay,6.57,26.0,ChEMBL,0.436,6.11,0,0.3464,2.0948,0.3091,-1.1402,0.2955,1.2958,0.0214,1.3158,-0.1539,0.7729,-0.5676,1.9001,0.2784,-0.9339,-0.6282,0.0334,1.1934,1.0298,0.4294,-0.652,0.2827,-0.8835,-0.1115,-0.1481
CMPD_10332,TRG_2032,Kinase,419.605,2.574,0,5,3,64.41,Binding Assay,7.82,26.2,Literature,0.759,6.185,0,0.5337,1.5536,0.0602,0.49,-0.1604,1.5633,-0.1914,-0.7918,-0.0682,0.2341,-0.7891,-0.6084,-2.0754,-0.4206,-0.5209,1.1411,-0.8494,-0.9932,0.1089,0.2125,0.0406,1.245,1.3533,-0.6845
CMPD_10333,TRG_2033,Kinase,389.655,0.696,2,3,7,187.213,SPR,7.42,20.7,Literature,0.75,6.8,1,-0.1407,1.4801,0.4834,0.3207,-1.2602,1.6777,-0.6187,1.1028,0.7976,-0.9727,-0.5393,1.0308,-2.0497,0.3494,-0.419,0.9171,-0.1615,-0.4134,-0.5866,2.723,1.4912,0.1877,-1.1766,0.006
CMPD_10334,TRG_2034,Kinase,362.034,3.833,1,8,3,100.431,Functional Assay,7.59,27.5,ChEMBL,0.082,6.744,1,-2.229,-1.3488,-1.3516,-1.5055,-3.0255,-0.164,0.445,-2.4059,-1.3046,0.498,1.139,1.3239,-0.1967,-1.3418,-0.3947,-1.6544,0.4651,-0.9819,-0.208,0.9754,0.5653,3.2063,1.0287,0.544
CMPD_10335,TRG_2035,Kinase,379.197,1.576,1,5,5,110.136,Functional Assay,6.87,21.3,BindingDB,0.219,7.149,1,0.5704,1.5067,1.8819,0.5301,-1.5286,-0.0498,1.5627,-0.322,-1.3853,0.2326,-0.5566,0.8186,-1.18,0.7406,-0.6555,2.7612,0.189,1.8847,0.5751,-1.3221,2.4002,-0.4691,-0.8053,0.2825
CMPD_10336,TRG_2036,Enzyme,542.273,2.089,2,4,3,197.031,Binding Assay,7.65,22.4,InHouse,0.828,5.665,0,0.6184,0.0169,-0.8219,-0.1786,-0.8086,-1.3228,-1.0874,-0.7634,-1.2337,-0.484,0.6618,-0.4375,-1.2076,1.1821,-0.518,0.2688,-0.5546,-0.6087,1.4495,-0.3488,0.279,0.9627,0.0009,-0.8425
CMPD_10337,TRG_2037,Transporter,345.39,0.71,1,2,0,137.713,Binding Assay,6.53,25.7,InHouse,0.729,4.153,0,-0.3814,0.3216,0.3409,0.152,0.1957,-1.9532,-0.5478,0.5472,-1.3927,-0.0263,0.2884,-0.5885,0.7047,-2.1423,0.256,0.7957,-0.7039,0.821,1.4983,-0.1219,-1.8131,-0.3695,-1.0431,-0.8801
CMPD_10338,TRG_2038,GPCR,366.088,-2.112,2,7,6,156.091,Functional Assay,6.62,26.8,InHouse,0.761,6.744,1,0.1062,-0.8426,1.6996,-0.6288,0.6257,2.1225,-0.1914,-0.6814,0.1688,-0.0738,1.6581,-1.7677,0.9062,0.9876,0.0786,1.2505,-0.2382,-0.0837,-0.3412,-0.3727,-1.0944,-0.0263,-1.0595,0.9548
CMPD_10339,TRG_2039,Kinase,434.052,2.156,1,6,7,185.207,HTS,7.09,25.7,BindingDB,0.203,5.918,0,-0.356,0.9941,-1.5452,0.7109,-0.117,0.5131,-0.4389,-0.2941,1.4447,2.1716,1.3785,1.2144,-0.0079,-0.343,-0.3546,-1.3839,0.2367,-1.5571,0.1187,-0.0311,0.3457,0.3587,1.3416,-0.866
CMPD_10340,TRG_2040,GPCR,438.442,6.843,0,4,5,129.939,HTS,6.64,26.0,Literature,0.25,5.168,0,-0.4266,-0.1224,1.4031,-0.77,-1.2366,0.6858,-0.4868,0.0601,1.1335,-0.3479,-0.3236,-2.8229,1.8047,0.239,0.1136,0.8843,-1.9031,1.175,-0.5376,1.0162,0.2255,-0.6868,-0.6422,-1.4027
CMPD_10341,TRG_2041,GPCR,444.962,3.912,2,6,4,188.994,Functional Assay,7.63,21.6,ChEMBL,0.574,5.827,0,-0.7493,-1.0337,-1.3059,-0.0002,-0.5708,0.2109,-0.338,0.289,-0.0748,-0.224,0.8214,-0.9482,-0.4643,0.2879,-0.2721,-0.1006,1.513,-0.3887,0.8698,-1.4645,-0.642,-0.3347,-0.5285,-0.5268
CMPD_10342,TRG_2042,Kinase,401.098,2.465,0,5,1,95.163,Functional Assay,6.92,23.4,ChEMBL,0.175,6.264,0,-2.6606,0.0139,0.8463,0.4647,1.63,0.8644,1.0156,0.1032,0.8615,0.0103,0.435,0.158,-0.0998,1.0477,-0.9235,0.4963,2.3859,0.3654,1.1849,0.5303,0.457,-0.0731,1.2826,-1.5314
CMPD_10343,TRG_2043,GPCR,258.56,2.027,1,3,8,65.356,SPR,6.55,18.8,InHouse,0.56,6.122,0,1.3685,-0.4054,1.3905,-2.4907,-1.2614,-0.1302,0.1853,-0.0818,0.0748,0.0239,0.7222,0.9915,-0.1609,0.0652,1.1801,-1.2769,-0.3428,1.8959,-0.0631,-0.5202,-0.6912,-0.8178,0.9566,0.9764
CMPD_10344,TRG_2044,GPCR,480.675,2.54,0,5,4,136.922,Functional Assay,6.47,22.2,BindingDB,0.531,9.526,1,1.3998,0.7543,-2.0042,-0.9913,-2.4937,1.868,-0.2273,1.7358,-0.0636,-0.5134,-0.2911,-2.686,0.5671,0.7601,-2.2775,-0.7199,1.1369,-0.3011,-0.3838,-1.212,1.5477,-0.9915,0.8573,-1.5659
CMPD_10345,TRG_2045,IonChannel,258.292,3.485,2,3,0,56.423,Functional Assay,7.62,21.0,Literature,0.693,6.606,1,-2.3188,-0.3612,-1.2357,1.2078,-2.1465,1.0262,0.0207,1.0829,-0.6242,0.5296,0.6795,-0.0679,1.1445,0.2598,0.1186,-0.6672,-0.3095,-0.8726,1.3176,0.0175,-0.8377,1.7207,-0.6598,0.4511
CMPD_10346,TRG_2046,IonChannel,374.211,0.375,1,4,3,114.658,HTS,5.67,25.0,ChEMBL,0.827,8.298,1,1.2534,0.1519,0.2243,0.2175,1.0855,0.0071,-2.0134,-0.9837,0.788,0.2432,-1.2662,-0.4736,0.702,0.1078,-0.5789,0.4449,1.604,-0.2063,-0.5625,0.925,-0.2003,1.6025,-0.5065,0.4071
CMPD_10347,TRG_2047,Kinase,289.658,4.506,0,3,3,122.754,SPR,6.59,32.1,InHouse,0.32,7.941,1,0.5597,-1.7867,1.707,-0.7377,0.4166,0.325,0.5829,0.2184,0.6929,0.8427,-0.2336,-1.5396,-2.3711,-0.8593,1.692,-0.093,-0.9358,1.4156,0.5376,1.6308,0.3835,0.262,0.6259,0.1749
CMPD_10348,TRG_2048,GPCR,344.869,3.788,2,4,3,129.515,HTS,8.04,27.3,ChEMBL,0.541,5.529,0,-0.5257,-2.4507,0.0775,0.1721,0.8539,0.2733,0.1402,1.9128,-1.661,1.4607,-0.6193,-1.1814,-0.1754,-0.5379,2.5797,-0.3081,1.6275,-0.5963,1.4718,-0.7283,-0.2826,-0.1642,0.7751,2.5798
CMPD_10349,TRG_2049,IonChannel,376.301,3.793,1,4,3,88.363,Binding Assay,6.99,18.3,InHouse,0.127,5.557,0,0.0049,0.1048,0.6627,-0.1334,1.1061,1.3617,0.4801,0.3902,-0.71,-0.1196,-1.7885,0.471,-0.0556,1.7998,0.5455,-0.7214,-0.3053,-0.8465,0.9102,-0.1774,-1.0181,0.7592,0.0401,-0.6472
CMPD_10350,TRG_2050,IonChannel,375.709,3.289,1,3,3,84.892,Functional Assay,7.63,20.4,ChEMBL,0.713,4.549,0,0.5956,-1.122,1.1025,1.3044,-0.1131,0.3309,-0.0537,-2.4446,-0.6236,-0.1531,0.6253,-0.0377,-0.9263,-2.1108,-0.9679,-0.5631,-0.3902,-1.1428,-0.5922,1.4072,-0.0729,-0.56,0.6083,0.1327
CMPD_10351,TRG_2051,Enzyme,383.754,2.535,4,7,5,80.912,SPR,7.46,21.1,BindingDB,0.821,6.246,0,-0.7881,-0.7746,0.1739,-0.7723,0.6706,1.5438,1.1316,0.4184,1.0551,-0.3704,0.7915,0.3455,1.4509,-1.8819,-0.5968,-1.916,-0.4864,-0.7554,0.1107,-0.0313,0.6633,-0.6039,-0.384,0.0342
CMPD_10352,TRG_2052,Transporter,479.097,3.711,1,4,9,147.281,Binding Assay,7.09,19.7,InHouse,0.894,6.524,1,0.5466,0.3602,0.6505,-0.2205,-0.2621,-0.2861,-1.086,0.2234,1.8023,0.7013,0.0988,0.8712,0.2044,-1.0328,1.0492,0.9354,-0.2901,0.2817,-0.103,-0.8468,1.4649,-2.1432,1.0402,0.2902
CMPD_10353,TRG_2053,Kinase,386.283,3.565,1,4,4,52.651,SPR,6.2,24.2,ChEMBL,0.55,6.032,0,0.5385,-0.8378,1.4214,-0.2473,0.708,-1.1881,0.5949,-0.612,0.5302,0.1954,0.0957,-0.1216,1.926,0.4819,0.8737,-1.4965,0.7458,-1.3783,1.1312,-1.1921,-3.1635,-0.2151,-0.547,0.3276
CMPD_10354,TRG_2054,Kinase,330.467,1.863,1,4,1,63.516,Binding Assay,6.4,25.7,ChEMBL,0.139,7.48,1,0.5649,-0.9404,-0.5642,0.0817,0.7433,-0.7474,0.5427,-0.1296,0.3381,1.0638,0.8966,1.9683,-0.7982,-0.6692,0.367,1.7977,-0.9389,2.3222,-2.0287,0.1654,-0.3146,-1.0825,1.2653,-1.3963
CMPD_10355,TRG_2055,IonChannel,427.127,1.468,1,5,1,109.785,SPR,6.39,21.1,BindingDB,0.609,5.093,0,-0.4131,-0.8509,-0.7749,0.9138,0.2803,-0.1997,-1.31,1.0129,0.5042,0.3559,0.5863,-0.1354,-0.1554,-1.1131,0.6233,-0.0101,-1.0075,0.7063,1.412,-2.1918,-0.7398,-1.0379,-1.9849,-0.7235
CMPD_10356,TRG_2056,Kinase,445.158,2.683,1,4,3,175.762,Functional Assay,7.49,24.3,InHouse,0.837,5.579,0,0.037,0.604,0.4687,-1.852,-2.1492,-0.6338,-0.5822,-1.7318,0.465,0.0748,-0.1398,-0.1993,-0.4666,-0.3146,1.1028,-2.2012,0.6272,-0.2991,1.1974,0.8191,0.4017,0.3719,0.3653,1.8144
CMPD_10357,TRG_2057,IonChannel,251.791,5.288,0,5,2,70.251,Binding Assay,7.6,25.7,ChEMBL,0.894,4.487,0,0.4334,0.6762,-0.0842,0.8735,0.4057,0.0171,-0.409,1.3267,0.4752,0.3123,0.3064,1.1164,-0.6784,-1.0657,0.3392,0.4044,-1.4226,-0.1594,-0.0507,-0.499,-1.7197,0.2055,-0.6936,0.8115
CMPD_10358,TRG_2058,Enzyme,397.792,0.27,2,3,3,159.572,Functional Assay,6.67,27.1,ChEMBL,0.706,8.39,1,1.8113,0.3393,0.5504,1.6414,1.8006,-0.1227,-0.778,0.0483,-1.0616,0.177,0.4132,-0.8404,0.2462,-0.3633,0.2238,-0.0986,-1.154,-1.336,2.963,0.9437,0.7398,0.7692,0.6635,-0.2935
CMPD_10359,TRG_2059,IonChannel,406.094,-0.142,1,6,1,129.331,Functional Assay,7.15,25.5,ChEMBL,0.061,4.198,0,2.9404,0.6823,-0.4964,1.2766,1.9924,-1.1213,-1.767,-0.4513,1.925,-1.5863,1.4361,-0.49,0.1517,-1.3325,0.1013,-0.0721,-0.3762,0.8687,0.0522,-0.9298,-0.0685,0.0035,-0.5212,0.3564
CMPD_10360,TRG_2060,GPCR,326.195,2.797,2,3,5,78.887,Functional Assay,7.2,26.0,Literature,0.951,6.46,0,0.9768,0.7591,1.5678,-0.3216,0.1057,-1.7592,1.492,-0.7318,-1.0352,0.4638,0.6784,-0.1834,-0.4262,1.4845,2.07,0.9715,0.4949,-1.1444,-0.324,0.5189,0.0983,-2.2406,0.0145,1.289
CMPD_10361,TRG_2061,IonChannel,460.057,2.592,2,4,4,120.691,Binding Assay,7.25,24.9,ChEMBL,0.785,4.093,0,0.3078,-0.0668,-0.7343,1.7436,-0.3152,-0.394,0.3006,0.3753,-0.6642,-0.635,-0.0079,1.2065,0.0431,-0.7645,-0.7266,0.7218,-0.7541,0.3255,-0.1497,0.8238,-0.0501,-0.554,-0.0345,-0.9881
CMPD_10362,TRG_2062,GPCR,337.996,2.812,0,6,10,54.756,HTS,6.74,22.0,ChEMBL,0.43,4.994,0,-0.3761,0.2842,0.0667,2.0142,-1.8074,0.1286,1.4021,-0.1318,-0.2264,0.0739,-0.2745,1.6538,0.4641,1.4515,-1.0404,-0.6555,1.014,1.4165,-1.2379,-0.1925,1.4871,0.7938,0.0809,-0.0217
CMPD_10363,TRG_2063,IonChannel,360.046,2.939,0,2,4,204.141,Functional Assay,8.18,22.6,InHouse,0.542,6.561,1,1.9724,-1.126,0.1163,-0.6863,-0.2876,0.7583,-0.3754,-0.2246,-1.5316,-0.49,0.8622,-1.1312,0.3002,1.544,0.9181,1.5287,-1.4263,-2.2189,-0.1916,0.0843,-0.7062,0.3436,-1.4762,0.3042
CMPD_10364,TRG_2064,Enzyme,336.154,2.098,0,6,3,145.267,Functional Assay,7.61,21.0,InHouse,0.773,5.8,0,0.8318,0.1807,0.605,-3.0806,1.8899,-0.539,-0.798,-1.6884,1.8699,-0.4519,-0.7399,2.5667,-1.6538,-0.9069,-1.597,0.4657,1.2127,-0.762,0.8383,1.359,2.8387,-0.5251,-0.4361,0.1234
CMPD_10365,TRG_2065,GPCR,351.246,5.182,1,5,5,129.523,Binding Assay,7.24,29.5,ChEMBL,0.574,5.956,0,-0.4844,-1.1094,-1.0885,-0.0136,1.6869,-1.4454,0.5083,0.0769,-0.3208,-0.2371,0.7177,-0.6958,0.4274,-0.8549,-0.3057,-0.9307,1.3595,0.0092,-0.9622,-0.2326,0.0063,-1.2591,0.7761,-0.4714
CMPD_10366,TRG_2066,Enzyme,262.298,-0.382,0,4,2,26.557,HTS,6.89,20.6,Literature,0.996,8.806,1,2.1674,-0.4845,-1.5977,0.0663,0.2614,0.0472,-0.0694,-0.4431,-0.0266,0.8034,1.9648,-0.8905,0.7991,-1.2162,-0.9627,0.0329,-0.0296,-0.3617,-0.2729,0.8166,-0.3166,0.7403,0.7414,-0.4858
CMPD_10367,TRG_2067,Enzyme,234.796,1.009,4,7,3,52.374,Binding Assay,6.7,27.9,BindingDB,0.702,5.918,0,0.5707,-2.2844,-0.6494,0.7601,-0.6456,0.706,-2.5499,0.3646,-2.308,-0.8636,0.4146,-0.9053,-1.4841,-1.8248,-1.0307,0.149,-0.2487,-0.5854,0.7715,0.8982,-1.2748,-0.8355,1.0,-0.7511
CMPD_10368,TRG_2068,Kinase,477.56,2.314,1,8,4,104.255,Functional Assay,7.44,20.6,BindingDB,0.69,7.102,1,2.3287,-0.814,-0.3158,0.0586,-0.4171,0.0705,2.0756,0.9973,0.7027,0.5147,1.0861,0.0322,1.6839,-0.3409,-0.9737,0.4255,0.1293,-1.1345,-0.6921,1.2643,0.1198,-0.6654,-0.5458,0.6953
CMPD_10369,TRG_2069,Kinase,282.243,-0.458,2,6,2,89.776,SPR,6.92,27.3,ChEMBL,0.99,7.904,1,-0.068,-0.3174,-0.8098,1.6887,0.3905,0.4377,0.152,0.8362,1.7667,1.0068,-0.664,-0.2936,0.3663,0.909,0.531,-1.1441,0.5182,-0.5815,1.0879,-1.4588,-0.3004,0.0137,0.2818,0.4736
CMPD_10370,TRG_2070,Kinase,270.689,2.183,1,3,1,44.114,Binding Assay,7.28,27.9,Literature,0.944,6.838,1,2.2843,-0.9887,1.2859,2.0353,1.2045,-0.0187,0.8322,0.0687,1.3575,0.1243,-2.9535,0.2425,0.5202,0.1091,-0.6257,1.714,-0.4097,1.7304,-2.0691,-0.6144,-1.5309,0.2715,-0.4815,1.5969
CMPD_10371,TRG_2071,Kinase,177.729,5.491,2,2,5,26.507,Functional Assay,6.06,28.5,ChEMBL,0.742,5.168,0,-1.599,2.6671,0.9921,-2.0748,0.5042,0.1631,1.4174,0.6356,-0.2156,-0.1254,-1.6395,0.3491,-1.0231,-3.942,0.272,0.5847,-1.6959,-0.105,-0.0568,-0.6079,1.3121,-0.7879,-1.93,-0.8749
CMPD_10372,TRG_2072,Kinase,298.883,2.538,1,3,6,53.619,Binding Assay,6.88,21.9,ChEMBL,0.904,7.578,1,-1.0845,0.8068,-0.2905,0.8753,-0.2059,0.4399,-2.1379,3.7319,-0.9656,0.7155,0.5941,0.8266,0.1436,0.3928,1.5854,-0.3854,0.8964,-0.45,-0.281,-1.0679,-0.1504,0.7211,2.4861,1.9311
CMPD_10373,TRG_2073,Transporter,244.153,2.915,1,5,7,63.656,SPR,7.13,25.5,ChEMBL,0.771,5.433,0,2.4736,-0.2043,-0.7837,0.3406,0.0619,-1.5492,0.3637,0.8597,0.436,0.8882,0.7554,-0.8297,-0.009,-2.3881,-0.8783,-0.8546,-0.1038,-0.2074,1.5114,0.6148,-0.2057,1.004,-0.0267,0.3453
CMPD_10374,TRG_2074,Kinase,481.361,0.232,3,4,2,147.265,Functional Assay,7.78,23.2,InHouse,0.54,6.52,1,-0.589,0.104,1.0844,-0.4423,-2.0879,1.2789,-0.0403,-0.8611,1.2445,0.6417,-0.8246,0.1221,1.1515,0.0416,-0.1513,-2.2292,1.2521,-0.6798,-0.1849,-0.8296,1.3004,-2.4387,0.2782,-2.1581
CMPD_10375,TRG_2075,GPCR,430.785,1.391,2,4,5,120.705,HTS,6.65,22.3,BindingDB,0.705,6.569,1,1.6826,0.7181,-0.9203,0.7025,0.0227,-1.1219,-0.4407,0.5436,0.7218,0.2473,-0.6315,1.3861,-1.7799,-0.2468,-1.0431,-0.4832,-0.1005,-0.5209,0.0502,0.1537,0.1651,0.7595,-1.9893,-0.5249
CMPD_10376,TRG_2076,Enzyme,294.948,1.825,1,4,5,149.801,HTS,6.31,25.1,BindingDB,0.154,5.222,0,1.1718,-0.4423,0.191,0.5563,-0.1385,-0.4242,-0.5243,-0.7308,-0.1061,1.2371,0.4519,-0.2487,-1.3429,0.7117,0.9556,-1.4572,0.4215,2.3055,1.4672,0.4656,-0.0586,0.1482,0.0474,0.4833
CMPD_10377,TRG_2077,Kinase,530.195,1.928,1,5,7,191.503,Functional Assay,7.47,27.4,ChEMBL,0.512,8.116,1,1.1244,-0.3254,-0.8759,-0.1087,-1.4708,-0.1013,-1.3775,-0.5793,-0.3765,0.4618,-0.7087,-0.4395,-2.0126,1.2167,1.2106,-0.2417,1.5592,1.2084,0.1084,0.3241,-0.7462,0.6061,2.5749,1.3197
CMPD_10378,TRG_2078,Enzyme,428.541,4.807,0,4,5,97.241,SPR,7.16,23.2,InHouse,0.806,9.907,1,0.2546,1.8194,1.4425,-0.6287,0.1696,-0.0547,-0.7604,-1.1126,0.9065,-0.8047,-1.1697,0.9671,1.2848,0.8754,-0.4334,-0.4172,-0.5259,0.9912,1.5785,-1.578,0.2113,0.1233,-0.5871,-0.3375
CMPD_10379,TRG_2079,GPCR,324.013,3.504,1,4,4,110.228,Functional Assay,6.17,26.0,InHouse,0.964,6.463,0,0.8668,-0.9639,-2.2634,-1.0558,-1.0378,-0.7548,-0.1761,0.3497,-1.0989,0.882,0.2896,0.204,2.4345,-0.2021,-0.5783,0.9633,-1.0163,-0.8732,0.583,0.3013,-0.3599,-1.9158,0.524,-0.4067
CMPD_10380,TRG_2080,Kinase,150.048,0.499,1,4,7,16.988,Binding Assay,6.2,22.3,ChEMBL,0.853,6.978,1,0.7165,-0.443,-1.7651,-0.3786,-1.3548,-0.0212,-0.6448,0.4136,-0.9771,-0.7252,-0.312,0.0394,0.9594,-1.5998,1.8351,-0.641,-1.015,0.4986,-0.3761,1.8448,-0.5103,0.1158,-1.494,0.6273
CMPD_10381,TRG_2081,Transporter,533.275,2.944,2,6,9,144.178,Functional Assay,6.81,21.9,InHouse,0.884,7.079,1,0.1233,0.6076,-0.8034,0.5818,1.5782,-1.4194,0.7257,-1.4388,-0.9013,-0.061,1.4752,-1.2988,-0.1731,0.4739,-2.5685,1.3503,1.2186,0.8112,-1.2313,2.0023,0.7961,-0.0686,0.5935,-0.88
CMPD_10382,TRG_2082,IonChannel,238.834,3.397,0,2,3,90.818,HTS,7.15,24.0,ChEMBL,0.73,7.315,1,0.9302,-2.0405,-1.326,-0.0611,-1.6358,-0.2331,0.6502,-1.3349,-0.3789,-0.4168,-1.7123,0.2252,-1.898,0.0426,-1.3453,-1.1415,-0.8709,1.6674,-0.4447,-0.5698,0.2481,-0.5644,0.4389,1.5715
CMPD_10383,TRG_2083,Enzyme,218.368,4.552,1,5,5,92.136,Binding Assay,8.03,24.2,InHouse,0.959,5.789,0,0.9327,0.5809,-0.0186,-1.1675,1.1943,-1.2174,-0.1437,-0.0826,0.2765,-1.4245,0.4451,0.3128,-0.2339,0.3325,-0.4862,-0.343,-2.2975,0.8171,-0.1381,-0.1895,0.3055,0.7122,2.1833,-1.1782
CMPD_10384,TRG_2084,Transporter,431.806,5.345,3,4,3,106.044,Binding Assay,6.55,27.0,ChEMBL,0.232,6.279,0,0.6963,-0.6715,-1.7009,0.3257,-0.1228,-0.0886,0.801,0.4333,0.3627,-0.7535,1.3075,-0.5742,-0.748,-0.0585,-0.5913,-0.5706,-0.6123,0.0855,0.0994,1.133,0.6335,-0.427,0.642,-0.6331
CMPD_10385,TRG_2085,Enzyme,545.18,0.673,3,6,1,119.359,Binding Assay,7.52,21.2,BindingDB,0.435,9.274,1,1.3408,-0.32,-1.1418,-1.1032,1.1397,0.8898,2.1699,0.3354,0.6468,0.2556,0.8774,-0.9256,0.6073,-0.0293,-0.6939,-1.9482,0.1333,1.1681,-0.4703,0.5841,0.6111,0.7531,0.8308,0.1465
CMPD_10386,TRG_2086,GPCR,460.742,1.04,2,4,5,141.731,Binding Assay,6.02,31.5,Literature,0.376,6.167,0,-0.9898,-0.7434,-0.1625,-1.1775,0.633,2.0124,0.7966,0.2944,0.6364,1.8261,-0.3341,1.9719,-1.2366,1.312,1.0791,-1.4566,0.4143,-0.4488,-1.7182,0.6692,-1.4433,-0.2033,-0.7066,-0.4903
CMPD_10387,TRG_2087,Kinase,395.113,0.236,3,4,3,135.919,Binding Assay,7.42,19.6,Literature,0.194,8.251,1,0.9882,1.0017,-0.4103,-0.3379,0.8651,0.8616,-0.6438,-0.2559,0.6046,1.6398,0.2261,-0.8795,-0.2927,-0.4208,-1.5082,1.8587,0.8785,0.8709,-0.3431,-0.8875,0.6413,-2.3096,0.3608,-1.0074
CMPD_10388,TRG_2088,Transporter,397.58,2.079,2,3,4,93.743,Functional Assay,8.1,25.7,ChEMBL,0.318,6.04,0,0.8588,-0.2191,0.9058,-1.1184,-0.2162,-0.1405,0.2401,1.6452,-1.0185,-0.4197,-0.8044,-0.1302,0.5426,-0.534,-0.4903,-0.7131,2.3687,1.8906,0.8021,-0.1013,0.5706,-1.0097,0.5668,0.1483
CMPD_10389,TRG_2089,Enzyme,418.273,3.339,0,4,6,158.144,Functional Assay,7.29,24.1,BindingDB,0.197,4.963,0,-0.5842,1.5713,1.1036,0.3718,2.2974,-0.1675,-0.5718,0.0168,0.7655,-1.2174,-0.0283,0.4069,-0.2888,0.2237,0.2541,2.4374,0.7337,0.5787,0.676,-1.8452,-0.4541,-0.0291,0.1773,-0.8412
CMPD_10390,TRG_2090,Enzyme,410.714,4.277,2,6,3,148.786,Functional Assay,6.8,23.1,ChEMBL,0.233,6.938,1,1.0072,-0.3485,-0.0566,1.1442,-0.0271,0.2788,-0.1865,-1.6216,0.0746,-0.7394,0.5777,1.2696,-2.1304,0.3898,-0.063,-0.3678,-0.445,0.2983,1.5989,0.6209,-0.2473,-0.0724,-0.9281,0.023
CMPD_10391,TRG_2091,GPCR,372.495,2.363,0,7,4,85.634,Binding Assay,7.94,24.5,Literature,0.827,5.799,0,-2.1085,1.0198,-0.3751,0.4986,-1.1571,0.5824,-0.4683,0.5417,0.1191,-1.1945,-0.2488,0.1324,-0.6334,0.368,-0.8014,0.9496,0.7088,0.4272,-2.1847,1.2227,3.1975,1.252,-0.2547,-0.1377
CMPD_10392,TRG_2092,GPCR,358.336,1.924,1,3,8,152.707,Functional Assay,7.41,27.0,BindingDB,0.569,7.766,1,-1.7184,0.6112,1.8177,-2.169,0.0754,2.2197,-0.2973,1.0393,1.765,2.8599,1.3248,1.0407,-0.94,-0.5514,-1.4172,0.4601,-0.0497,-1.7469,0.1851,-0.3982,-1.4811,-0.1539,0.4163,-1.0516
CMPD_10393,TRG_2093,Transporter,344.993,2.773,1,5,6,149.927,HTS,7.29,27.5,ChEMBL,0.882,7.299,1,-0.0296,0.323,-1.0665,0.5608,-0.6695,-0.4005,0.2694,0.1984,0.8521,0.9351,-1.2443,0.9128,-0.4219,0.2531,1.8897,-0.8923,-0.1951,-1.7698,-1.2275,0.7713,-0.5852,0.7022,0.4824,-1.4098
CMPD_10394,TRG_2094,GPCR,289.683,0.997,0,7,2,169.612,HTS,6.59,24.3,ChEMBL,0.576,6.222,0,0.5923,-0.07,0.8188,-1.7738,0.6984,1.4902,0.6781,-0.2991,0.3509,-0.618,-1.32,1.6442,0.2349,-0.5481,2.7871,1.5896,-0.4993,-0.8766,-1.7704,-0.1852,0.4124,1.1203,0.7907,-1.6741
CMPD_10395,TRG_2095,Enzyme,327.546,6.261,0,6,3,166.734,Functional Assay,7.42,26.0,Literature,0.348,5.673,0,-1.5058,0.7574,-0.5593,0.8626,0.4661,0.5113,-0.4908,0.8791,-1.2972,1.4936,1.8669,0.7551,-0.6079,0.2291,-0.0519,-0.3276,0.4752,0.8704,-1.7012,0.2203,-1.1153,0.4052,-0.9655,-0.1046
CMPD_10396,TRG_2096,Enzyme,214.563,-0.394,1,4,6,28.265,Binding Assay,6.79,21.0,BindingDB,0.661,6.222,0,-0.0086,1.1596,-2.0648,0.9908,-0.8391,-1.3879,-0.5565,0.8498,-0.3937,-0.6805,-0.2355,0.1846,0.3277,0.6687,-0.3169,1.5749,0.315,-0.6751,1.0149,0.6322,-0.4237,-0.595,-1.7288,-1.368
CMPD_10397,TRG_2097,GPCR,342.133,2.833,1,5,1,139.639,HTS,7.39,24.4,ChEMBL,0.235,3.518,0,0.1639,-1.4437,0.712,1.6122,-0.6265,0.836,0.7618,-0.9626,1.3565,-0.738,-0.9611,-0.7375,-1.0365,-0.046,0.664,-1.3918,0.7201,-1.3682,0.5228,0.1883,0.323,-0.5993,0.1257,0.9807
CMPD_10398,TRG_2098,Transporter,270.913,6.142,1,5,2,116.459,SPR,7.23,26.2,ChEMBL,0.973,5.131,0,-1.1541,1.5641,0.9376,0.3211,-0.6694,-1.4563,1.3823,-0.746,-2.385,-0.5609,-0.7721,1.6321,0.1979,-2.023,0.4329,0.4136,0.452,0.6371,0.107,-0.4891,0.6574,0.9636,-0.1652,1.8611
CMPD_10399,TRG_2099,Transporter,261.713,2.512,1,4,4,64.575,Binding Assay,7.85,18.2,ChEMBL,0.896,6.139,0,-1.0022,0.1139,0.4542,-1.9698,0.0794,0.6171,-0.6858,-0.8662,0.5765,0.5374,0.8054,1.3424,-0.1503,1.0896,0.1913,0.7417,0.3465,1.882,-0.8517,0.2874,-0.6408,0.6192,-0.3347,0.7032
CMPD_10400,TRG_2000,Kinase,364.392,2.158,1,3,0,127.514,Binding Assay,6.85,25.2,BindingDB,0.712,6.914,1,0.6386,-0.2198,-0.3467,-1.3831,0.512,-1.1805,0.1937,0.9521,-0.9823,-0.1641,-0.9598,0.776,-1.353,-0.6281,0.1053,-0.2333,0.1678,-1.724,0.5823,0.1698,-1.7235,1.3685,-1.0194,-1.5513
CMPD_10401,TRG_2001,Enzyme,461.36,1.857,0,6,2,63.303,Binding Assay,7.11,24.5,Literature,0.179,8.309,1,-0.3424,0.1192,-1.1162,-0.8894,-0.6446,-0.3129,1.1988,0.6148,0.2912,-0.4939,1.4076,1.1011,-0.712,-1.6835,-1.0329,0.6036,2.4599,-0.1046,0.3039,0.5047,1.4363,-0.417,-2.0595,1.4643
CMPD_10402,TRG_2002,IonChannel,423.465,2.175,2,10,4,50.824,Binding Assay,7.68,28.8,Literature,0.743,3.852,0,1.5017,-1.2176,0.3086,-0.1897,-0.7639,-1.032,0.9339,0.4531,0.8882,0.8837,-0.4886,-0.2913,0.2343,-0.5653,-2.0881,0.5788,-0.7038,0.0054,0.6599,0.5678,0.6013,1.0836,-1.4078,0.3546
CMPD_10403,TRG_2003,Enzyme,224.36,4.971,2,4,7,0.0,Binding Assay,7.06,25.5,BindingDB,0.219,4.418,0,0.2014,-0.2848,1.7597,-0.6906,1.3111,-0.0394,-0.3393,0.179,-0.4846,-1.1264,0.5879,2.3456,2.3789,-1.3147,-1.3708,-0.725,-1.3559,-1.0893,-0.0694,0.4214,-0.8251,-0.893,-1.1311,0.9352
CMPD_10404,TRG_2004,GPCR,270.83,-1.481,0,3,3,96.819,HTS,7.19,26.4,InHouse,0.604,5.576,0,-0.7798,0.8587,0.6718,-0.0596,0.7178,-0.8097,-1.232,1.0519,-1.1755,0.1469,-0.6077,0.8672,-0.3595,0.7619,0.9451,0.1679,-0.6149,0.8191,-0.2503,0.3985,1.7666,1.928,1.4875,-1.2206
CMPD_10405,TRG_2005,Enzyme,425.262,5.26,0,6,3,145.039,Functional Assay,6.96,24.2,BindingDB,0.562,6.733,1,0.726,0.575,1.4185,2.2173,-0.4279,-1.0582,-0.6466,-0.0338,0.0542,1.5628,-2.3297,-2.3374,0.2746,1.0971,-1.1007,-0.0265,-0.5323,0.3665,-0.5272,0.1136,-1.1169,0.3469,2.2416,1.0319
CMPD_10406,TRG_2006,GPCR,271.401,-0.063,0,6,3,70.465,Functional Assay,7.1,26.9,ChEMBL,0.655,6.633,1,0.0194,-0.9287,-0.2338,1.7591,-0.3022,0.9531,1.2352,-0.0991,0.6649,-1.452,0.9791,-1.7918,0.1282,0.1979,-1.649,1.163,-1.9618,-0.3891,-0.6449,-1.6488,-0.8202,-0.6332,0.7171,-0.475
CMPD_10407,TRG_2007,Kinase,332.029,2.02,2,2,6,168.456,SPR,7.6,26.7,Literature,0.562,6.629,1,-1.109,2.4016,0.7212,0.9208,0.2695,0.6105,1.4167,0.811,0.5035,0.5824,1.1548,-1.4355,1.4198,-0.7373,-0.8653,2.0284,-0.4192,0.0024,-0.4722,-0.9058,-0.4481,0.5137,0.075,-0.6759
CMPD_10408,TRG_2008,Enzyme,394.004,1.727,2,7,5,157.684,SPR,8.3,21.1,ChEMBL,0.741,6.416,0,1.0137,0.56,-0.6927,-0.0793,-0.2038,-1.8084,-0.0887,2.1405,-0.7298,-0.2042,2.1569,-0.7832,1.2864,0.8895,0.3791,0.122,-0.621,-0.3111,-1.1019,0.6744,1.6565,-0.3574,-0.3556,0.2815
CMPD_10409,TRG_2009,Kinase,272.532,3.559,0,2,4,17.827,HTS,6.19,25.9,ChEMBL,0.818,7.958,1,0.2301,-0.1327,1.6184,-1.2411,-0.5871,-0.2211,0.8945,1.3613,-0.4762,0.1141,0.4403,-1.0721,1.0184,-0.3483,1.0736,0.1469,0.5165,-0.4081,-2.8353,1.9146,-0.4251,1.0398,0.353,0.0462
CMPD_10410,TRG_2010,GPCR,358.43,-0.377,0,4,2,100.65,HTS,6.44,28.5,Literature,0.83,8.504,1,-1.2053,-0.2977,0.0914,0.9368,0.079,0.298,1.3319,0.4276,-0.5413,-0.4181,-0.1882,-0.9706,0.0238,1.2284,-0.4546,0.265,-0.0834,-0.504,-0.1968,-1.6053,1.4011,-0.3416,0.8353,-0.289
CMPD_10411,TRG_2011,Enzyme,243.278,3.332,0,7,5,35.396,Binding Assay,7.12,28.0,ChEMBL,0.199,5.557,0,-1.0478,0.1817,0.0686,2.0704,-0.3491,-1.2612,-0.8359,-0.1443,1.4518,-0.1087,-0.0755,0.2266,-1.127,-0.079,-1.0805,-0.6855,0.9712,0.2165,-0.5055,0.471,0.7682,-0.4313,-0.0176,-0.2479
CMPD_10412,TRG_2012,Enzyme,301.891,6.144,0,4,6,107.127,HTS,7.23,25.1,InHouse,0.515,6.184,0,-0.0566,-0.235,-0.4522,1.5087,-0.4649,-0.3785,-1.0628,-0.3106,-0.9026,-1.3847,-0.2133,0.6044,-2.5636,0.2585,0.1871,-1.0084,2.1435,1.3337,-0.4949,-0.8744,0.4972,0.7397,0.0208,1.3356
CMPD_10413,TRG_2013,IonChannel,375.583,0.046,1,6,2,111.452,SPR,7.07,26.0,Literature,0.93,4.483,0,-0.0879,-0.0525,-0.9263,0.4853,0.0406,0.8211,-0.2565,0.9638,-1.4451,0.147,1.1567,0.5119,-0.3925,-1.1135,-1.1474,-0.0985,-0.1472,-0.408,-0.7392,1.5237,-0.1473,2.3648,1.8863,0.1769
CMPD_10414,TRG_2014,IonChannel,222.561,2.841,2,5,4,31.449,Binding Assay,6.87,27.7,BindingDB,0.107,3.891,0,-0.856,1.9715,2.4877,-0.6648,0.9689,0.7085,-1.1088,2.527,-0.3915,-0.3335,0.4422,0.3864,0.1251,0.5669,-0.2075,-1.1837,0.8257,-0.6344,-0.4582,-0.8497,-0.2471,-2.6751,-0.1283,1.0622
CMPD_10415,TRG_2015,GPCR,385.238,1.308,1,3,2,183.35,Functional Assay,6.46,21.6,ChEMBL,0.61,7.93,1,2.2336,0.0904,0.6483,0.2523,-0.0126,1.2857,0.4012,1.106,-0.5354,-0.1198,-1.6548,-0.6896,-0.3358,-0.1482,-2.024,-0.8393,-1.57,-1.0065,-0.0428,-1.2868,-0.5447,-1.2998,0.0024,-2.0331
CMPD_10416,TRG_2016,GPCR,348.429,3.267,1,4,3,106.825,Functional Assay,6.83,26.4,ChEMBL,0.804,5.17,0,-0.73,-1.3289,-0.6684,-0.0507,2.5318,0.947,-1.082,0.0996,0.1329,0.2947,-0.0474,1.1022,-0.7919,-0.2225,-0.7757,-1.5167,1.1058,-0.0736,-1.6121,0.315,-0.6602,-1.4058,0.4947,0.8602
CMPD_10417,TRG_2017,GPCR,394.199,2.534,0,7,6,101.618,HTS,7.69,19.1,ChEMBL,0.973,8.164,1,-0.3567,-1.9702,1.8221,0.5424,1.7336,1.7827,1.4185,-1.1489,-0.5124,-1.9079,1.6398,1.7918,0.5119,-0.5785,0.1255,0.7375,1.2427,-0.3168,0.2651,1.2,0.3892,0.7243,-2.4649,-1.2095
CMPD_10418,TRG_2018,Transporter,367.913,1.345,0,1,3,100.248,Binding Assay,7.26,27.6,BindingDB,0.692,5.826,0,-1.3242,0.1315,0.365,1.1331,1.2014,-0.7547,0.1031,-2.2549,1.4032,-0.3652,1.766,-0.092,-1.0741,0.7525,-1.8787,-1.0144,-0.7872,0.2832,0.3617,-0.161,-0.277,1.1276,-0.4096,-0.1669
CMPD_10419,TRG_2019,Transporter,459.131,3.378,2,5,1,202.486,Functional Assay,7.61,23.8,InHouse,0.848,6.252,0,-1.3601,-0.6846,-0.1731,-0.8577,-1.1408,0.5002,-0.2826,-0.8155,0.021,0.6212,-0.0404,0.1482,0.2691,-1.4491,-1.8444,-0.5583,-0.1165,-1.2599,-0.9367,0.8949,-0.0459,-0.1118,-0.144,-1.4621
CMPD_10420,TRG_2020,Transporter,360.018,5.748,1,3,3,144.456,Binding Assay,6.48,24.7,BindingDB,0.964,7.503,1,-1.0242,0.8067,-0.1588,0.3187,-0.817,0.293,0.4759,1.9415,-0.5967,0.573,2.2192,0.1771,0.5155,0.8911,1.1228,-0.3481,-1.4181,0.789,1.6136,-1.8494,-1.8509,0.1824,1.2044,0.1746
CMPD_10421,TRG_2021,Transporter,315.648,2.156,0,5,7,88.2,Binding Assay,8.07,23.3,BindingDB,0.525,5.374,0,0.7761,0.6057,1.0569,-1.0758,-1.2446,-1.378,0.4033,-0.3713,-0.138,1.1726,1.7087,0.994,-1.0652,-0.7746,-0.2744,1.0698,-1.113,1.4868,-0.6184,-0.6065,-0.3696,0.9612,-0.5515,0.8483
CMPD_10422,TRG_2022,Kinase,359.784,3.796,1,3,6,68.252,Binding Assay,6.86,24.9,BindingDB,0.61,8.686,1,-0.1802,1.2139,0.98,1.0143,-0.7179,-0.0736,1.0536,-1.6719,1.0622,-0.0886,-1.8422,-0.5631,2.0296,0.9688,-1.3915,-1.2348,-1.1244,-0.4167,1.1887,-3.0397,-0.8569,-1.0225,-0.6083,2.0862
CMPD_10423,TRG_2023,GPCR,393.464,0.172,0,5,1,84.591,Functional Assay,7.49,25.8,BindingDB,0.935,6.458,0,-1.5918,0.833,0.8934,0.5681,-0.3061,1.7826,0.293,-0.542,1.2592,-0.1935,-0.0972,-0.0519,0.2561,-0.7101,-0.9093,-0.5198,-1.0453,-0.4333,-1.1296,0.4379,-1.4751,-0.0159,-0.1885,1.0018
CMPD_10424,TRG_2024,Kinase,353.909,0.778,3,5,3,86.887,SPR,7.12,27.3,Literature,0.581,10.115,1,-1.21,-0.7904,2.189,-1.4117,-0.8029,-0.6713,1.5199,0.4761,-1.0801,-1.8203,0.4984,-0.9077,-0.4903,-1.0908,-1.6679,-0.3613,0.7672,-1.0187,-0.9583,-1.1857,0.1742,-0.1056,-0.5016,0.0172
CMPD_10425,TRG_2025,IonChannel,353.247,3.35,1,3,7,126.261,Binding Assay,6.88,28.9,ChEMBL,0.936,6.92,1,0.8426,-0.7572,0.7727,-0.7629,-1.0222,-0.3796,0.5452,-0.4197,-0.1105,0.1891,0.6376,-0.7024,-0.3257,-1.2588,0.1474,0.7402,0.6283,-1.0816,0.242,-0.2039,0.1944,-0.0132,-0.4721,-1.4102
CMPD_10426,TRG_2026,GPCR,293.841,5.171,0,4,4,118.413,Functional Assay,7.46,25.1,InHouse,0.346,5.985,0,0.2377,-2.2255,0.9351,1.1911,1.9039,-0.2397,1.2214,-0.3033,0.361,0.1344,0.765,0.5932,0.4619,-1.2282,-1.4679,0.7208,0.7254,0.0502,2.1066,-0.356,0.3285,-0.0977,-1.789,-0.1714
CMPD_10427,TRG_2027,Enzyme,296.968,3.14,0,7,3,60.069,Binding Assay,7.56,20.0,BindingDB,0.58,8.702,1,0.4912,0.4202,-0.1535,-0.241,-0.555,1.0518,-0.2065,0.2999,-0.1214,-1.0851,0.5296,1.1037,1.6693,-0.738,0.0939,-0.7353,-0.2832,1.3272,0.3682,-0.1709,0.1958,-0.4625,-0.4566,0.245
CMPD_10428,TRG_2028,GPCR,237.792,1.936,2,6,0,103.368,Binding Assay,8.5,28.9,ChEMBL,0.804,5.831,0,0.7007,-0.3434,-1.3649,-0.4173,0.4565,0.3916,-0.869,1.8641,-2.4157,0.5749,0.6319,-0.2798,1.5658,1.3548,0.3352,0.3424,-1.3733,1.1414,-0.7624,-1.3461,0.4441,1.4284,0.7824,0.1527
CMPD_10429,TRG_2029,Kinase,489.966,2.499,2,9,6,110.645,Functional Assay,7.58,20.6,ChEMBL,0.598,4.841,0,-0.7623,-1.2108,-0.4337,1.3797,1.0406,-0.2744,-0.2667,1.8218,-0.4008,1.3166,0.9861,-0.0472,0.0581,-0.4868,0.562,-0.5697,-0.342,-0.6659,0.4635,0.8649,-0.2017,0.3295,-0.6796,2.0915
CMPD_10430,TRG_2030,Kinase,250.491,0.249,0,3,4,50.676,Binding Assay,7.57,23.7,ChEMBL,0.776,4.026,0,-0.7117,-0.7792,0.9823,-0.3419,-0.9807,0.2026,-1.1893,-0.831,-0.5808,-0.4319,-0.8865,-0.5956,1.4002,-0.5254,1.2623,-1.098,-0.6227,0.1986,0.197,0.3406,0.2171,0.0349,0.4147,1.2846
CMPD_10431,TRG_2031,Transporter,294.568,3.588,1,1,6,30.389,Functional Assay,7.89,23.5,BindingDB,0.75,5.194,0,-1.3053,-0.309,-1.2255,0.304,-0.0323,-0.4707,-0.9529,-0.1436,-1.0305,0.3989,0.1666,-0.5107,2.1588,-0.9223,-0.351,1.4182,1.1934,1.0298,0.4294,-0.652,0.2827,-0.8835,-0.1115,-0.1481
CMPD_10432,TRG_2032,IonChannel,292.527,4.088,1,4,6,28.586,Binding Assay,7.52,25.0,ChEMBL,0.182,4.212,0,0.4276,0.1122,0.5488,1.6637,-0.4665,-0.5356,-1.0125,0.2479,-0.8268,0.5358,-0.5726,0.5155,-0.3056,0.9685,0.5765,-0.3685,-0.8494,-0.9932,0.1089,0.2125,0.0406,1.245,1.3533,-0.6845
CMPD_10433,TRG_2033,Kinase,421.594,1.686,2,5,2,89.701,Binding Assay,7.18,21.2,Literature,0.889,6.023,0,-1.6464,0.8891,1.5445,-1.5998,0.4802,-0.3382,-0.323,1.5671,1.4056,-1.3235,-0.8659,0.3312,-2.9388,0.1179,1.8528,1.9397,-0.1615,-0.4134,-0.5866,2.723,1.4912,0.1877,-1.1766,0.006
CMPD_10434,TRG_2034,Kinase,326.404,1.654,1,3,5,96.892,Functional Assay,7.4,21.1,BindingDB,0.675,6.722,1,0.0288,0.4743,-1.3354,0.1775,-0.7149,-0.2061,-1.0224,-1.6054,-0.1264,0.874,-0.4324,-0.6547,0.6486,0.7798,0.6475,0.2635,0.4651,-0.9819,-0.208,0.9754,0.5653,3.2063,1.0287,0.544
CMPD_10435,TRG_2035,Transporter,449.819,2.979,1,3,4,95.187,Functional Assay,7.71,24.9,Literature,0.887,5.487,0,-0.9674,0.2717,0.2006,-0.4998,0.8574,-0.021,-0.4022,1.0048,0.8294,-0.537,-0.4347,0.7343,0.3861,-2.2134,-0.1309,0.3087,0.189,1.8847,0.5751,-1.3221,2.4002,-0.4691,-0.8053,0.2825
CMPD_10436,TRG_2036,Kinase,296.121,1.714,1,8,6,148.76,Binding Assay,8.03,22.6,ChEMBL,0.717,7.69,1,2.232,2.2793,0.5419,1.0011,-1.0406,-0.8119,1.0477,-0.1011,-0.4521,2.6796,-0.1356,-0.0909,1.0581,-0.1437,-0.0507,-0.9594,-0.5546,-0.6087,1.4495,-0.3488,0.279,0.9627,0.0009,-0.8425
CMPD_10437,TRG_2037,Enzyme,372.32,2.381,2,5,4,74.396,Functional Assay,6.29,29.0,ChEMBL,0.548,7.658,1,0.4904,0.793,0.7681,-0.4411,1.8066,0.335,-0.3518,-0.8026,1.2218,-0.5882,-0.016,-0.2113,0.018,0.6133,0.5273,0.1859,-0.7039,0.821,1.4983,-0.1219,-1.8131,-0.3695,-1.0431,-0.8801
CMPD_10438,TRG_2038,Transporter,283.172,6.279,3,8,4,92.31,SPR,6.07,23.3,ChEMBL,0.441,7.631,1,-0.9018,-1.9529,-1.6674,-1.3967,0.5408,1.4861,1.6539,-1.6768,0.6209,2.5501,-0.5806,2.3694,0.4913,-0.477,0.2098,0.4853,-0.2382,-0.0837,-0.3412,-0.3727,-1.0944,-0.0263,-1.0595,0.9548
CMPD_10439,TRG_2039,Kinase,521.612,2.055,1,6,2,209.293,SPR,8.01,21.9,ChEMBL,0.913,7.227,1,-0.7581,1.6556,0.5818,0.5746,0.386,-0.5713,-0.5863,1.3506,-0.2927,-0.5991,-1.047,0.1542,-0.5928,-2.1237,0.8118,0.3182,0.2367,-1.5571,0.1187,-0.0311,0.3457,0.3587,1.3416,-0.866
CMPD_10440,TRG_2040,Kinase,254.992,1.855,1,3,5,80.198,Binding Assay,6.72,30.0,Literature,0.987,6.537,1,0.6512,-0.4272,-0.9137,0.2095,-0.4877,-0.0402,0.1055,-0.7451,1.6801,0.6958,0.2502,0.3111,-1.0357,0.4506,-1.2822,0.7174,-1.9031,1.175,-0.5376,1.0162,0.2255,-0.6868,-0.6422,-1.4027
CMPD_10441,TRG_2041,Enzyme,374.786,1.334,1,3,5,97.879,Functional Assay,6.21,26.4,ChEMBL,0.632,8.958,1,0.8343,0.4755,-0.0024,0.5961,0.1286,-0.8716,-0.8458,0.8466,2.3486,-0.5493,-0.5976,1.205,-0.6268,0.4415,-0.1579,-1.4784,1.513,-0.3887,0.8698,-1.4645,-0.642,-0.3347,-0.5285,-0.5268
CMPD_10442,TRG_2042,GPCR,400.702,3.84,1,7,3,126.091,Functional Assay,6.15,33.2,BindingDB,0.385,6.103,0,-1.3577,1.2373,-0.9678,-0.6506,-0.6756,-0.9673,0.3378,-1.0226,-2.7694,-1.5981,-0.1674,0.7519,-1.8742,-1.449,0.9585,-1.6072,2.3859,0.3654,1.1849,0.5303,0.457,-0.0731,1.2826,-1.5314
CMPD_10443,TRG_2043,GPCR,383.104,2.174,1,7,4,92.462,Binding Assay,8.28,19.2,ChEMBL,0.254,6.494,0,1.2712,-0.7839,2.4644,0.24,1.3695,-1.6927,1.8834,1.5371,-1.2603,-0.9414,0.7305,-1.2964,0.4855,0.8098,0.0553,1.5632,-0.3428,1.8959,-0.0631,-0.5202,-0.6912,-0.8178,0.9566,0.9764
CMPD_10444,TRG_2044,Enzyme,335.177,1.331,0,6,5,60.521,HTS,7.73,25.6,BindingDB,0.113,6.077,0,0.1489,1.6173,0.1031,-1.2953,-1.217,0.0812,0.3407,0.4503,1.7656,-0.6452,-0.2502,0.3313,0.1438,-0.6077,1.0046,-0.1246,1.1369,-0.3011,-0.3838,-1.212,1.5477,-0.9915,0.8573,-1.5659
CMPD_10445,TRG_2045,Enzyme,339.614,4.878,0,2,6,126.393,HTS,6.72,26.5,InHouse,0.913,9.389,1,-0.788,-1.1133,0.2599,-0.1195,-1.297,1.391,-0.6941,-0.2345,0.4779,0.3062,1.599,0.0714,-0.5247,0.43,1.3543,-1.4428,-0.3095,-0.8726,1.3176,0.0175,-0.8377,1.7207,-0.6598,0.4511
CMPD_10446,TRG_2046,Enzyme,353.505,5.055,4,5,5,82.727,HTS,6.75,25.1,BindingDB,0.887,5.552,0,-0.1218,-2.2181,-0.9879,1.094,-0.5836,0.5216,1.8365,-1.2465,-0.3716,-0.4203,0.3915,0.3914,1.0282,1.6112,-0.0357,1.2488,1.604,-0.2063,-0.5625,0.925,-0.2003,1.6025,-0.5065,0.4071
CMPD_10447,TRG_2047,Transporter,338.24,1.419,1,4,7,138.942,SPR,7.23,23.9,InHouse,0.331,6.533,1,0.7968,1.6959,-0.7437,0.6932,0.8877,-1.3625,0.4665,0.6874,1.4402,-1.9978,0.672,0.5109,0.7853,1.1034,0.2536,0.134,-0.9358,1.4156,0.5376,1.6308,0.3835,0.262,0.6259,0.1749
CMPD_10448,TRG_2048,GPCR,427.11,-0.86,1,9,5,159.984,SPR,7.72,28.7,ChEMBL,0.75,6.736,1,-0.0842,-0.1124,0.1567,0.0936,-0.4978,-0.6253,-0.2928,-1.8493,-1.1513,-0.2364,-0.6072,0.5206,-0.436,0.3626,0.258,-0.9612,1.6275,-0.5963,1.4718,-0.7283,-0.2826,-0.1642,0.7751,2.5798
CMPD_10449,TRG_2049,Kinase,526.842,4.314,1,5,2,164.705,Functional Assay,7.02,26.4,Literature,0.992,8.073,1,-0.0006,-1.0488,0.8685,0.4369,0.7249,-0.7731,-0.759,1.8924,0.1896,0.9716,0.1139,-0.3555,0.4841,-0.2582,-1.0372,0.9468,-0.3053,-0.8465,0.9102,-0.1774,-1.0181,0.7592,0.0401,-0.6472
CMPD_10450,TRG_2050,Transporter,305.401,1.268,1,5,7,130.456,Functional Assay,6.73,19.9,InHouse,0.858,8.128,1,-0.0111,-1.2638,-0.3329,0.7341,0.98,1.6716,-0.0377,0.2301,0.316,1.201,0.2874,1.2075,0.4701,0.3136,1.4986,0.5151,-0.3902,-1.1428,-0.5922,1.4072,-0.0729,-0.56,0.6083,0.1327
CMPD_10451,TRG_2051,IonChannel,240.416,3.923,1,1,1,50.362,SPR,7.88,22.4,BindingDB,0.744,5.094,0,0.1563,-1.0939,0.5603,1.8636,0.5151,-0.591,-1.9608,-1.7174,-0.1859,-0.4029,0.212,0.5796,0.5727,0.7758,-0.0829,-0.3195,-0.4864,-0.7554,0.1107,-0.0313,0.6633,-0.6039,-0.384,0.0342
CMPD_10452,TRG_2052,GPCR,342.937,-1.046,1,5,5,134.232,Functional Assay,7.18,21.5,BindingDB,0.759,9.81,1,-0.6621,0.6019,-0.2919,-1.1598,-0.5572,0.7339,1.0624,-1.2855,-2.1731,0.7902,0.4372,0.9243,0.1077,0.2503,0.2449,0.3378,-0.2901,0.2817,-0.103,-0.8468,1.4649,-2.1432,1.0402,0.2902
CMPD_10453,TRG_2053,Enzyme,556.377,4.107,1,5,6,198.056,Binding Assay,7.09,24.6,Literature,0.921,7.599,1,0.5426,-0.1455,-0.0922,-0.2903,-0.6117,-0.5994,-0.0594,-0.6457,0.3126,0.5693,-0.0863,-0.4514,-1.635,-0.8831,-0.8328,-2.0708,0.7458,-1.3783,1.1312,-1.1921,-3.1635,-0.2151,-0.547,0.3276
CMPD_10454,TRG_2054,Kinase,285.706,0.32,1,5,4,73.655,Binding Assay,7.56,27.8,BindingDB,0.866,10.107,1,-0.8528,-0.9208,0.1756,0.9871,-0.4202,-1.0305,-1.4467,1.1995,-0.7872,-1.8831,-0.3683,0.4623,-0.7596,-1.6761,0.899,-2.8357,-0.9389,2.3222,-2.0287,0.1654,-0.3146,-1.0825,1.2653,-1.3963
CMPD_10455,TRG_2055,GPCR,481.129,3.815,1,5,4,127.15,HTS,5.92,23.9,InHouse,0.576,6.386,0,-0.2905,-0.3322,-0.3046,0.0558,-1.7858,-1.0768,-0.8416,-0.5644,-0.3091,-0.3544,0.4193,0.1314,-0.886,1.385,-0.6451,0.1225,-1.0075,0.7063,1.412,-2.1918,-0.7398,-1.0379,-1.9849,-0.7235
CMPD_10456,TRG_2056,Kinase,484.216,2.526,3,5,4,158.426,Binding Assay,7.48,24.2,BindingDB,0.798,6.878,1,-0.2584,-0.2071,0.0052,-1.2615,1.0202,-0.9504,-0.8765,1.0298,1.3938,-0.4458,2.1236,-0.7803,-1.9038,2.2234,0.2057,-0.1936,0.6272,-0.2991,1.1974,0.8191,0.4017,0.3719,0.3653,1.8144
CMPD_10457,TRG_2057,GPCR,305.713,0.783,1,6,0,170.444,Functional Assay,7.45,22.1,ChEMBL,0.848,5.309,0,0.264,-0.4578,-0.6005,0.5571,-0.6205,-1.0965,1.4727,0.0229,-0.7276,0.7115,0.1443,-0.3761,0.6038,1.0572,-0.6711,-1.0618,-1.4226,-0.1594,-0.0507,-0.499,-1.7197,0.2055,-0.6936,0.8115
CMPD_10458,TRG_2058,Kinase,395.519,1.767,0,3,6,109.366,HTS,6.37,27.3,InHouse,0.701,6.427,0,-0.1284,-0.547,0.4062,-0.2871,1.2792,0.7003,-0.26,-0.8216,0.4114,1.718,1.1351,-0.4252,0.3841,-0.1118,1.5972,-0.0649,-1.154,-1.336,2.963,0.9437,0.7398,0.7692,0.6635,-0.2935
CMPD_10459,TRG_2059,Kinase,480.272,3.735,0,6,3,126.051,SPR,6.04,28.7,BindingDB,0.585,4.244,0,-1.122,0.5837,0.0398,-0.7201,-0.8552,-0.2598,-0.1551,1.0826,0.0342,0.015,-0.2148,-0.3048,1.9161,-1.0033,-0.3201,0.5083,-0.3762,0.8687,0.0522,-0.9298,-0.0685,0.0035,-0.5212,0.3564
CMPD_10460,TRG_2060,Kinase,319.67,2.691,1,5,3,143.037,HTS,6.86,24.9,BindingDB,0.65,6.114,0,0.3014,-0.9142,0.0693,-0.5085,0.3475,0.1937,-1.6888,-0.6095,1.6218,0.0236,1.1636,1.5117,-0.8037,1.2642,0.2063,-1.3348,0.4949,-1.1444,-0.324,0.5189,0.0983,-2.2406,0.0145,1.289
CMPD_10461,TRG_2061,IonChannel,333.714,3.552,1,2,5,102.839,Functional Assay,7.31,29.7,BindingDB,0.31,4.58,0,-0.828,0.2943,-0.1649,-0.2188,-0.85,0.2406,0.4153,-0.0499,-0.6165,-0.0403,1.1423,0.3836,2.0307,0.2484,0.4338,0.1634,-0.7541,0.3255,-0.1497,0.8238,-0.0501,-0.554,-0.0345,-0.9881
CMPD_10462,TRG_2062,Transporter,303.466,6.058,0,6,5,125.681,Binding Assay,7.37,23.4,ChEMBL,0.494,6.361,0,-0.2579,1.0827,-0.5999,-0.7852,-0.9914,-0.7403,0.0801,0.2827,0.6082,-0.3638,0.5056,1.0836,-0.8714,-0.2147,0.358,0.7659,1.014,1.4165,-1.2379,-0.1925,1.4871,0.7938,0.0809,-0.0217
CMPD_10463,TRG_2063,IonChannel,268.819,-0.316,1,2,3,139.631,SPR,8.22,20.8,InHouse,0.246,3.716,0,0.4646,-0.7499,-0.6973,0.5733,0.6204,0.0653,1.0768,-0.2294,0.3564,0.44,0.8805,0.5632,1.0071,0.731,-0.2058,1.1293,-1.4263,-2.2189,-0.1916,0.0843,-0.7062,0.3436,-1.4762,0.3042
CMPD_10464,TRG_2064,Enzyme,298.058,5.411,1,5,2,13.136,Binding Assay,7.31,27.4,Literature,0.738,9.315,1,0.2148,1.6522,0.1325,0.4136,0.174,0.7823,1.9794,0.661,-0.0345,-0.7499,1.5261,-1.6497,0.712,1.7525,-0.1173,0.7299,1.2127,-0.762,0.8383,1.359,2.8387,-0.5251,-0.4361,0.1234
CMPD_10465,TRG_2065,GPCR,252.085,2.688,2,4,3,74.122,Binding Assay,6.36,24.7,Literature,0.924,5.474,0,-0.8067,1.0913,0.0108,-0.498,0.3826,0.1163,0.7903,-0.997,0.3784,-1.5719,-0.4961,-1.6631,0.7502,-0.6406,-0.2411,-0.5916,1.3595,0.0092,-0.9622,-0.2326,0.0063,-1.2591,0.7761,-0.4714
CMPD_10466,TRG_2066,GPCR,352.727,0.882,1,3,3,96.626,Binding Assay,7.05,23.3,ChEMBL,0.193,9.556,1,0.146,-0.2754,1.0865,-0.1591,-0.4505,2.3036,1.1407,-0.2645,0.6094,-0.9257,0.789,1.6914,0.5825,2.5291,2.1468,-2.3195,-0.0296,-0.3617,-0.2729,0.8166,-0.3166,0.7403,0.7414,-0.4858
CMPD_10467,TRG_2067,Enzyme,288.402,0.105,2,4,4,48.027,Binding Assay,6.42,25.2,BindingDB,0.891,7.523,1,0.8923,-0.4715,-0.1845,3.3906,-0.7146,-0.5603,0.6534,0.3149,0.4897,0.113,-0.1176,-1.4908,-0.4368,1.2501,0.117,1.5213,-0.2487,-0.5854,0.7715,0.8982,-1.2748,-0.8355,1.0,-0.7511
CMPD_10468,TRG_2068,Kinase,368.703,2.16,2,2,1,33.865,Binding Assay,7.09,20.2,InHouse,0.55,6.725,1,-0.8765,0.8815,0.1011,-0.6348,1.4764,0.1001,-0.8788,-1.0319,-0.0188,1.2865,1.7221,-0.084,-0.0278,-1.6131,-0.4437,0.2298,0.1293,-1.1345,-0.6921,1.2643,0.1198,-0.6654,-0.5458,0.6953
CMPD_10469,TRG_2069,Enzyme,225.528,4.159,0,4,6,3.999,Binding Assay,8.05,19.8,BindingDB,0.718,8.648,1,0.0842,0.727,1.8836,-1.4851,0.7487,0.9345,0.9451,-1.2523,0.3026,-0.0437,3.1437,-1.6976,0.8108,0.2831,-0.5741,0.3256,0.5182,-0.5815,1.0879,-1.4588,-0.3004,0.0137,0.2818,0.4736
CMPD_10470,TRG_2070,Kinase,376.47,2.27,3,4,6,117.116,Functional Assay,7.48,25.3,BindingDB,0.643,6.644,1,-0.6805,-1.3823,0.5815,-0.3367,0.5794,-0.3336,-2.0952,0.5275,1.2762,-0.9569,0.7338,-1.1133,1.022,-0.6308,0.1311,0.6595,-0.4097,1.7304,-2.0691,-0.6144,-1.5309,0.2715,-0.4815,1.5969
CMPD_10471,TRG_2071,Enzyme,416.682,5.22,2,3,5,103.643,SPR,6.77,26.3,Literature,0.926,7.795,1,0.2909,-1.1662,0.2698,0.1236,0.2193,-0.604,-0.2017,-1.0826,1.0513,2.0503,1.3063,-0.6487,0.6367,-0.5038,0.1274,-1.1881,-1.6959,-0.105,-0.0568,-0.6079,1.3121,-0.7879,-1.93,-0.8749
CMPD_10472,TRG_2072,Kinase,190.501,-0.112,2,2,5,25.077,Binding Assay,7.56,29.2,BindingDB,0.477,8.581,1,0.0977,-0.0989,-0.1802,1.0974,0.684,1.8981,-1.3985,-0.3699,-0.3907,0.923,0.1053,0.6824,-1.0533,0.0552,0.9886,-0.6498,0.8964,-0.45,-0.281,-1.0679,-0.1504,0.7211,2.4861,1.9311
CMPD_10473,TRG_2073,Enzyme,379.925,2.478,0,6,3,117.754,Binding Assay,6.73,27.7,BindingDB,0.734,6.424,0,-0.3879,-1.1519,-0.0027,-1.7645,0.9105,-0.1361,0.7992,-0.9962,0.7671,-0.5098,0.6773,-1.4065,-1.8176,-0.1973,0.14,0.9265,-0.1038,-0.2074,1.5114,0.6148,-0.2057,1.004,-0.0267,0.3453
CMPD_10474,TRG_2074,IonChannel,448.214,0.246,0,8,1,106.778,Functional Assay,5.54,26.9,ChEMBL,0.889,6.671,1,2.5698,-0.729,-0.7652,-0.7439,-0.2077,-1.0196,0.2784,-2.4649,1.8534,-0.3678,-2.2484,0.6676,-2.5242,3.0184,0.537,-2.1719,1.2521,-0.6798,-0.1849,-0.8296,1.3004,-2.4387,0.2782,-2.1581
CMPD_10475,TRG_2075,Enzyme,253.229,3.155,0,3,0,127.576,Functional Assay,6.46,28.8,ChEMBL,0.909,7.186,1,0.5804,0.1931,-1.1115,-1.3733,-0.721,1.2205,-0.3535,0.6065,-2.3323,-0.9935,0.0329,-0.1047,-1.4196,-0.3527,-0.2146,0.7763,-0.1005,-0.5209,0.0502,0.1537,0.1651,0.7595,-1.9893,-0.5249
CMPD_10476,TRG_2076,Kinase,483.806,4.096,1,5,3,120.306,HTS,7.48,26.5,ChEMBL,0.472,5.344,0,0.2624,0.0353,0.3621,-1.5481,0.7338,-0.3033,0.9404,-1.8156,0.2498,-0.8044,1.5056,-1.1822,-0.2648,0.8091,-4.0433,-1.0278,0.4215,2.3055,1.4672,0.4656,-0.0586,0.1482,0.0474,0.4833
CMPD_10477,TRG_2077,IonChannel,383.522,1.743,1,7,1,175.269,Binding Assay,7.66,24.0,Literature,0.773,4.693,0,0.1664,3.1299,-0.0997,-1.6071,-0.8811,-0.311,-0.4119,0.8653,0.4205,0.9031,0.8683,1.8751,2.3219,-0.5261,-0.3792,2.0548,1.5592,1.2084,0.1084,0.3241,-0.7462,0.6061,2.5749,1.3197
CMPD_10478,TRG_2078,Enzyme,293.599,-2.188,1,3,4,86.879,HTS,8.23,27.7,BindingDB,0.308,6.823,1,1.5975,-0.3492,1.6633,-1.3924,0.049,-0.4117,0.0397,-0.1359,0.969,1.0604,0.3228,0.1634,0.0622,-0.0498,-0.6143,-0.2917,-0.5259,0.9912,1.5785,-1.578,0.2113,0.1233,-0.5871,-0.3375
CMPD_10479,TRG_2079,IonChannel,345.538,2.858,0,4,1,77.586,Functional Assay,7.4,27.6,BindingDB,0.37,3.876,0,-0.782,-0.1491,-1.4887,-1.0153,-0.9056,0.2966,0.9088,-0.3895,2.1995,-0.2704,0.1807,0.5001,0.964,-0.2943,-0.1001,-0.8303,-1.0163,-0.8732,0.583,0.3013,-0.3599,-1.9158,0.524,-0.4067
CMPD_10480,TRG_2080,IonChannel,394.666,3.286,0,1,4,89.417,Functional Assay,8.01,25.0,InHouse,0.703,6.139,0,-1.4038,1.8218,0.303,-0.6476,-1.8715,0.2599,-0.2701,-1.5157,-0.9292,-0.8093,0.8356,-1.4285,0.2384,1.7692,-1.2406,-0.0317,-1.015,0.4986,-0.3761,1.8448,-0.5103,0.1158,-1.494,0.6273
CMPD_10481,TRG_2081,Transporter,356.08,3.228,1,5,5,167.376,Binding Assay,7.58,21.4,BindingDB,0.818,5.908,0,0.3246,-0.7091,0.7394,0.8068,2.6908,-0.3484,0.4061,0.3618,-0.2509,-0.1668,-0.0704,-0.5177,-1.4296,0.6492,-0.5968,0.4173,1.2186,0.8112,-1.2313,2.0023,0.7961,-0.0686,0.5935,-0.88
CMPD_10482,TRG_2082,GPCR,393.1,4.724,0,4,7,145.763,Binding Assay,7.76,19.6,BindingDB,0.636,6.09,0,-0.8243,0.62,0.1191,-0.1388,-0.9369,-0.6369,-1.258,0.5472,0.683,-0.9321,-0.3809,0.1004,-0.3415,0.5602,-0.7516,1.4474,-0.8709,1.6674,-0.4447,-0.5698,0.2481,-0.5644,0.4389,1.5715
CMPD_10483,TRG_2083,IonChannel,276.346,0.572,2,2,7,52.527,Binding Assay,7.86,27.5,ChEMBL,0.729,5.063,0,0.934,0.3313,1.8955,1.5153,0.3473,-1.6688,0.4859,-1.1149,1.5156,0.1456,1.3966,-0.3231,2.1358,-1.4816,0.3332,-0.837,-2.2975,0.8171,-0.1381,-0.1895,0.3055,0.7122,2.1833,-1.1782
CMPD_10484,TRG_2084,IonChannel,363.549,3.724,4,2,4,113.828,Binding Assay,7.49,26.4,InHouse,0.257,6.506,1,-1.2499,-0.3607,0.7816,1.4515,-1.0653,0.9138,0.6993,-0.8266,-1.028,0.1836,0.081,-0.0628,1.0265,0.5934,2.0402,-1.7829,-0.6123,0.0855,0.0994,1.133,0.6335,-0.427,0.642,-0.6331
CMPD_10485,TRG_2085,Enzyme,236.903,4.647,0,5,3,0.0,Functional Assay,7.84,26.9,ChEMBL,0.697,7.781,1,0.273,-0.1086,0.6927,0.1382,-0.2642,-0.2331,-0.9816,1.7325,-0.0332,0.3628,-0.0361,0.066,0.4837,-0.3082,0.4545,-2.5107,0.1333,1.1681,-0.4703,0.5841,0.6111,0.7531,0.8308,0.1465
CMPD_10486,TRG_2086,Kinase,341.102,-0.701,2,2,3,49.066,SPR,6.78,27.6,ChEMBL,0.834,6.676,1,-1.5144,0.0491,0.0176,-0.0985,0.1318,0.162,0.614,1.6778,-1.1014,-1.116,-0.926,1.0438,-1.4215,-0.1572,0.3921,-0.8394,0.4143,-0.4488,-1.7182,0.6692,-1.4433,-0.2033,-0.7066,-0.4903
CMPD_10487,TRG_2087,GPCR,277.687,3.075,4,2,5,53.295,SPR,5.74,22.3,ChEMBL,0.789,7.784,1,0.5315,-0.2551,-1.0031,0.3053,1.2361,0.176,-0.094,-0.2436,0.6848,-0.1501,1.4729,-0.1964,0.0695,-1.6144,-1.1151,0.9319,0.8785,0.8709,-0.3431,-0.8875,0.6413,-2.3096,0.3608,-1.0074
CMPD_10488,TRG_2088,Enzyme,291.158,1.592,0,8,7,56.355,Functional Assay,7.59,19.4,ChEMBL,0.524,6.737,1,0.5364,-0.1158,-0.5868,1.553,-1.9933,0.2228,0.1554,0.5998,-0.9908,-1.8192,-0.751,0.6436,0.1119,-0.2688,1.9025,0.2434,2.3687,1.8906,0.8021,-0.1013,0.5706,-1.0097,0.5668,0.1483
CMPD_10489,TRG_2089,Enzyme,448.887,2.353,1,3,2,183.187,Functional Assay,7.42,26.5,ChEMBL,0.869,6.481,0,-1.9572,0.1468,-1.0558,-0.4164,-1.3704,0.6652,0.7485,0.0372,0.0302,-0.4665,-0.2644,-1.1947,-0.2215,0.711,0.0636,1.0679,0.7337,0.5787,0.676,-1.8452,-0.4541,-0.0291,0.1773,-0.8412
CMPD_10490,TRG_2090,GPCR,437.305,3.126,0,6,5,54.624,Binding Assay,6.67,28.6,InHouse,0.72,5.198,0,0.5352,1.4148,-0.7396,0.4,0.9984,0.1348,0.6384,1.3565,2.1865,0.1735,0.425,-1.1718,0.0851,1.4733,-1.4561,-1.0682,-0.445,0.2983,1.5989,0.6209,-0.2473,-0.0724,-0.9281,0.023
CMPD_10491,TRG_2091,IonChannel,398.731,1.623,1,4,7,62.507,HTS,6.44,26.1,ChEMBL,0.425,5.457,0,-0.5955,-1.2112,0.6043,0.2776,0.0066,0.6698,-0.9015,-0.4483,-0.782,-0.5781,0.0426,-0.6015,1.1809,-1.3138,0.6067,-0.9395,0.7088,0.4272,-2.1847,1.2227,3.1975,1.252,-0.2547,-0.1377
CMPD_10492,TRG_2092,GPCR,262.615,1.284,0,7,4,96.88,Functional Assay,7.28,20.5,InHouse,0.514,4.83,0,1.6609,0.1534,-1.6902,-1.289,1.4753,-0.4148,0.9738,-0.6758,-1.8091,1.38,-0.9998,-0.3418,-0.2323,-0.5271,0.5111,2.8206,-0.0497,-1.7469,0.1851,-0.3982,-1.4811,-0.1539,0.4163,-1.0516
CMPD_10493,TRG_2093,Kinase,324.687,2.561,0,4,2,106.617,Binding Assay,7.63,25.7,ChEMBL,0.442,7.263,1,1.5042,-1.0733,-0.1252,-0.3938,-1.6647,0.9492,1.1097,-0.2667,0.3758,-2.2005,0.5411,0.193,1.6505,0.5569,-1.2301,0.4965,-0.1951,-1.7698,-1.2275,0.7713,-0.5852,0.7022,0.4824,-1.4098
CMPD_10494,TRG_2094,GPCR,447.048,0.543,2,4,5,120.124,Binding Assay,7.51,21.6,ChEMBL,0.704,5.985,0,-0.5325,0.4346,0.2701,0.7699,0.2795,0.6942,-0.2186,-1.5625,0.5411,0.0435,1.3859,0.3507,-0.1707,0.7786,-1.3301,-0.6471,-0.4993,-0.8766,-1.7704,-0.1852,0.4124,1.1203,0.7907,-1.6741
CMPD_10495,TRG_2095,GPCR,361.337,0.546,0,5,5,190.501,Functional Assay,6.59,20.4,BindingDB,0.387,4.193,0,-0.6271,-0.4652,1.018,1.6535,-0.5373,-0.1061,0.0563,0.2372,3.5154,-0.2184,-1.4367,0.2176,-0.7301,0.971,-0.051,0.7157,0.4752,0.8704,-1.7012,0.2203,-1.1153,0.4052,-0.9655,-0.1046
CMPD_10496,TRG_2096,IonChannel,535.546,3.723,2,5,3,185.36,Functional Assay,6.72,25.0,Literature,0.838,7.385,1,0.0426,-0.1672,-0.4042,0.1464,-1.6436,0.8766,-0.1133,0.095,-0.6266,-1.3874,1.1746,0.1446,-0.7239,0.0486,1.9988,-2.8273,0.315,-0.6751,1.0149,0.6322,-0.4237,-0.595,-1.7288,-1.368
CMPD_10497,TRG_2097,Kinase,381.465,0.432,1,1,8,163.353,Binding Assay,7.6,25.5,Literature,0.907,5.275,0,-1.0029,-1.7215,-0.6176,-0.9057,0.2953,0.0741,-1.5452,-0.3984,-0.1017,0.8287,-0.243,-1.9341,-1.0686,0.0957,0.1925,-0.4263,0.7201,-1.3682,0.5228,0.1883,0.323,-0.5993,0.1257,0.9807
CMPD_10498,TRG_2098,Enzyme,365.364,3.699,3,3,2,107.577,SPR,7.24,24.7,Literature,0.634,7.124,1,-1.3803,-1.9399,-0.5125,-0.087,-0.5024,1.1669,-1.1763,0.8749,0.7103,0.2631,0.7521,-1.1966,0.0248,-0.5688,1.3408,0.6723,0.452,0.6371,0.107,-0.4891,0.6574,0.9636,-0.1652,1.8611
CMPD_10499,TRG_2099,Enzyme,325.271,3.333,4,4,4,75.838,SPR,7.84,26.3,InHouse,0.638,7.509,1,-0.8066,-0.4085,-1.1328,1.5262,1.0078,-0.4932,0.2297,0.5381,0.3434,-0.9494,0.0104,0.7466,-0.4015,-0.5714,-0.5839,0.0991,0.3465,1.882,-0.8517,0.2874,-0.6408,0.6192,-0.3347,0.7032
CMPD_10500,TRG_2000,Transporter,360.683,-0.606,0,2,4,86.92,Functional Assay,7.01,22.6,InHouse,0.907,5.268,0,-0.7433,0.1475,-0.0366,0.935,1.8932,0.4106,1.4481,1.0332,-1.1397,0.521,-0.1786,0.0336,0.3101,0.3189,1.1046,-0.8045,0.1678,-1.724,0.5823,0.1698,-1.7235,1.3685,-1.0194,-1.5513
CMPD_10501,TRG_2001,IonChannel,337.802,1.28,2,6,6,138.447,Binding Assay,7.64,25.3,BindingDB,0.477,6.059,0,-0.1632,-0.268,0.2737,0.7916,-1.3387,-0.7892,1.0995,-1.993,-1.4847,2.4963,0.9693,1.3217,-0.0669,0.393,1.584,1.7352,2.4599,-0.1046,0.3039,0.5047,1.4363,-0.417,-2.0595,1.4643
CMPD_10502,TRG_2002,GPCR,406.649,4.649,0,7,4,152.905,Binding Assay,7.18,23.5,BindingDB,0.582,7.935,1,0.215,0.0336,0.6009,0.4794,0.3023,1.0414,-0.3787,0.7915,1.3513,-0.4638,-0.3713,0.1269,-1.1932,-0.1133,-0.0032,0.0183,-0.7038,0.0054,0.6599,0.5678,0.6013,1.0836,-1.4078,0.3546
CMPD_10503,TRG_2003,Enzyme,426.536,0.734,1,6,1,119.217,HTS,6.77,24.2,ChEMBL,0.971,5.225,0,-0.3026,-1.6306,1.038,1.1944,3.0086,-1.1126,-0.299,0.8527,0.2191,0.2977,-0.2947,-1.2227,-0.3855,0.4973,0.2453,-0.4036,-1.3559,-1.0893,-0.0694,0.4214,-0.8251,-0.893,-1.1311,0.9352
CMPD_10504,TRG_2004,Transporter,287.121,1.664,1,5,2,105.0,HTS,7.76,25.8,BindingDB,0.402,3.943,0,-0.5889,1.862,0.0712,-1.4924,0.2332,0.4378,1.3566,-1.2748,0.3091,0.2307,-0.9276,0.9187,0.7298,0.5486,-1.5085,0.7016,-0.6149,0.8191,-0.2503,0.3985,1.7666,1.928,1.4875,-1.2206
CMPD_10505,TRG_2005,Kinase,243.501,3.332,1,6,6,111.555,Binding Assay,6.6,28.2,ChEMBL,0.55,6.077,0,1.2476,0.7492,0.4079,-0.3283,1.5359,0.3776,-0.9839,0.0136,0.4795,1.743,-2.1835,-0.08,1.2603,1.759,-1.0732,1.0533,-0.5323,0.3665,-0.5272,0.1136,-1.1169,0.3469,2.2416,1.0319
CMPD_10506,TRG_2006,Enzyme,203.104,3.91,1,4,5,38.374,Binding Assay,7.24,25.9,BindingDB,0.643,6.855,1,0.1931,-1.544,-1.1889,0.0835,0.0061,0.801,0.1086,-0.8045,0.6346,-0.4158,0.5621,1.4419,-2.1698,0.9685,-0.5051,0.1326,-1.9618,-0.3891,-0.6449,-1.6488,-0.8202,-0.6332,0.7171,-0.475
CMPD_10507,TRG_2007,Enzyme,390.639,2.047,0,4,8,103.456,Binding Assay,7.31,26.9,BindingDB,0.511,6.999,1,-0.0327,-1.6021,0.1716,0.2521,-1.6777,-0.3015,0.3447,-1.1904,0.1451,-0.1201,1.2734,0.483,-0.6462,-0.9975,-0.4025,-1.273,-0.4192,0.0024,-0.4722,-0.9058,-0.4481,0.5137,0.075,-0.6759
CMPD_10508,TRG_2008,Enzyme,261.731,1.424,2,4,4,96.385,Binding Assay,7.13,25.0,ChEMBL,0.514,6.036,0,-0.4126,-0.1656,-0.8219,1.4229,0.0194,1.3991,-1.1587,0.5249,-0.3317,0.2365,0.3006,-2.3546,-0.473,-0.0824,0.5308,0.1049,-0.621,-0.3111,-1.1019,0.6744,1.6565,-0.3574,-0.3556,0.2815
CMPD_10509,TRG_2009,Transporter,177.769,5.06,3,1,4,0.0,Functional Assay,7.79,26.5,ChEMBL,0.622,8.093,1,-0.3366,0.9745,-0.0431,-1.3666,-0.1494,-1.3307,0.959,0.6379,-1.0839,0.6342,-0.17,2.4866,-0.484,0.8973,0.3667,1.5273,0.5165,-0.4081,-2.8353,1.9146,-0.4251,1.0398,0.353,0.0462
CMPD_10510,TRG_2010,IonChannel,381.086,5.63,2,2,4,132.95,HTS,7.54,28.1,ChEMBL,0.815,6.914,1,0.5784,0.0152,-0.9527,-1.9099,1.2978,-0.6171,-0.9023,-0.156,0.1201,-0.0291,-1.0818,0.3313,1.8837,-0.9559,0.4629,-0.9018,-0.0834,-0.504,-0.1968,-1.6053,1.4011,-0.3416,0.8353,-0.289
CMPD_10511,TRG_2011,GPCR,549.44,4.262,0,8,3,119.83,Binding Assay,7.47,30.6,Literature,0.053,5.261,0,-1.422,-1.25,0.0075,-0.6823,-0.922,0.7149,0.2123,1.2829,-1.8589,-0.016,-3.016,0.8904,-0.3252,1.6708,-0.1196,0.6862,0.9712,0.2165,-0.5055,0.471,0.7682,-0.4313,-0.0176,-0.2479
CMPD_10512,TRG_2012,Enzyme,349.514,2.654,1,6,3,142.52,Binding Assay,7.24,28.6,ChEMBL,0.228,7.072,1,0.9393,1.8388,-1.2809,0.776,0.1071,-1.671,-0.8364,-1.4712,0.0024,1.5038,-0.3557,-1.1855,-0.98,0.3999,0.8074,-1.1386,2.1435,1.3337,-0.4949,-0.8744,0.4972,0.7397,0.0208,1.3356
CMPD_10513,TRG_2013,Enzyme,417.079,1.045,0,5,7,211.035,HTS,8.31,24.8,ChEMBL,0.594,5.914,0,0.2379,-0.0205,-1.2646,0.108,0.1514,0.1524,-0.4223,-1.2935,-0.4176,0.5617,-0.2945,-2.3643,0.6235,0.217,0.4581,-1.5096,-0.1472,-0.408,-0.7392,1.5237,-0.1473,2.3648,1.8863,0.1769
CMPD_10514,TRG_2014,Kinase,356.546,1.005,1,7,3,79.077,Binding Assay,8.08,28.4,Literature,0.377,4.28,0,1.0858,0.773,-0.14,-1.5068,0.5904,-0.2123,-0.2181,1.5279,1.0828,-0.6986,-0.5324,-1.6255,0.0419,-2.4421,-0.9197,-0.5934,0.8257,-0.6344,-0.4582,-0.8497,-0.2471,-2.6751,-0.1283,1.0622
CMPD_10515,TRG_2015,Kinase,342.089,3.441,1,3,3,48.641,HTS,7.75,26.6,BindingDB,0.435,9.009,1,-1.8175,0.667,0.7495,-0.8907,-0.7882,-3.1083,-1.5932,0.0682,-1.3506,0.5492,1.4103,0.9335,1.5539,-0.2138,0.8384,-1.9286,-1.57,-1.0065,-0.0428,-1.2868,-0.5447,-1.2998,0.0024,-2.0331
CMPD_10516,TRG_2016,GPCR,423.526,3.253,3,4,6,119.861,Functional Assay,7.65,23.2,ChEMBL,0.755,5.822,0,0.5109,0.6807,-0.6212,-0.2173,-0.9584,-0.8493,-0.0603,1.6031,-0.4241,-0.3321,-0.0694,1.1526,0.3234,-0.4143,-1.4804,-0.4058,1.1058,-0.0736,-1.6121,0.315,-0.6602,-1.4058,0.4947,0.8602
CMPD_10517,TRG_2017,Enzyme,326.778,5.023,3,5,3,87.423,HTS,6.84,26.7,ChEMBL,0.581,6.541,1,-0.6841,-0.2917,0.2926,0.1495,-0.0616,1.1994,-1.0381,1.469,-0.0251,-0.4016,-0.9336,0.5775,-0.7962,-0.4133,0.2175,-0.7311,1.2427,-0.3168,0.2651,1.2,0.3892,0.7243,-2.4649,-1.2095
CMPD_10518,TRG_2018,Enzyme,371.391,3.671,2,6,3,137.846,Binding Assay,7.17,21.6,ChEMBL,0.925,4.086,0,-0.8868,1.0612,0.5066,-0.4331,1.0159,2.9676,0.6478,-0.2565,0.292,1.5879,-0.965,0.3378,-1.5362,-2.6151,-0.6941,-0.3473,-0.7872,0.2832,0.3617,-0.161,-0.277,1.1276,-0.4096,-0.1669
CMPD_10519,TRG_2019,Kinase,375.736,-0.206,0,3,2,122.083,Binding Assay,7.58,26.7,ChEMBL,0.924,7.445,1,-0.1993,-0.7538,2.6979,-1.8614,-0.9231,-0.9679,-0.9596,-0.278,-0.3113,0.8024,1.0371,-0.9151,0.3251,-0.499,0.7978,-0.369,-0.1165,-1.2599,-0.9367,0.8949,-0.0459,-0.1118,-0.144,-1.4621
CMPD_10520,TRG_2020,IonChannel,296.553,4.394,1,6,5,77.113,Functional Assay,7.83,30.3,ChEMBL,0.908,8.479,1,0.4811,0.1248,1.3139,-0.3027,0.7535,-0.823,-0.5809,0.3299,0.3948,-0.2489,-1.6942,-0.1299,-0.6488,-0.4454,-0.4916,1.1746,-1.4181,0.789,1.6136,-1.8494,-1.8509,0.1824,1.2044,0.1746
CMPD_10521,TRG_2021,GPCR,429.363,0.703,1,8,5,132.434,Functional Assay,7.74,27.5,BindingDB,0.387,6.128,0,0.6423,-0.8965,0.1475,0.2291,-0.576,0.5854,1.8971,1.0127,-1.0778,0.2994,-0.5002,1.1185,0.7868,0.6226,-1.3668,-1.2236,-1.113,1.4868,-0.6184,-0.6065,-0.3696,0.9612,-0.5515,0.8483
CMPD_10522,TRG_2022,Enzyme,336.003,1.809,2,6,6,55.915,Binding Assay,7.55,28.6,Literature,0.307,5.481,0,0.8868,1.5522,-0.9698,-0.1906,1.7552,-0.2474,-0.3854,-1.6419,-0.8628,-0.2328,1.0387,2.2606,-1.5052,0.1266,0.7289,-0.1446,-1.1244,-0.4167,1.1887,-3.0397,-0.8569,-1.0225,-0.6083,2.0862
CMPD_10523,TRG_2023,Enzyme,289.54,2.95,3,3,3,120.031,HTS,8.4,23.9,BindingDB,0.807,7.093,1,-1.4102,0.5234,-0.8579,-0.3499,-0.025,1.1285,1.3909,-0.0771,-0.2392,-0.0512,-0.8624,1.2769,-0.5432,1.0373,0.3333,-0.0272,-1.0453,-0.4333,-1.1296,0.4379,-1.4751,-0.0159,-0.1885,1.0018
CMPD_10524,TRG_2024,Enzyme,392.921,6.092,1,3,6,182.595,SPR,7.12,26.4,BindingDB,0.681,6.939,1,0.4246,0.8936,-0.0097,-0.5997,-0.197,1.0847,-0.7178,0.5209,0.2494,-0.4144,-0.4942,-0.3322,-1.9488,-1.3514,0.1167,-1.1149,0.7672,-1.0187,-0.9583,-1.1857,0.1742,-0.1056,-0.5016,0.0172
CMPD_10525,TRG_2025,GPCR,278.123,8.0,3,6,2,35.533,Functional Assay,7.81,27.1,ChEMBL,0.056,7.084,1,0.8109,-0.8774,1.3058,-0.8657,-0.2808,0.9147,-0.9943,-0.3233,-0.9906,-0.7996,0.3983,0.0193,1.0169,-0.1301,0.4759,-0.4011,0.6283,-1.0816,0.242,-0.2039,0.1944,-0.0132,-0.4721,-1.4102
CMPD_10526,TRG_2026,GPCR,352.254,3.592,1,4,4,42.506,Binding Assay,7.73,24.1,ChEMBL,0.629,5.612,0,0.306,1.6168,0.0778,0.33,-1.0009,-0.3918,0.642,-0.0018,-0.8538,-1.6859,0.4116,0.0125,-0.8192,2.1372,0.1248,0.4969,0.7254,0.0502,2.1066,-0.356,0.3285,-0.0977,-1.789,-0.1714
CMPD_10527,TRG_2027,GPCR,349.27,2.17,0,2,9,88.698,SPR,7.47,27.1,InHouse,0.428,6.642,1,0.6935,-0.1,1.9516,-0.2894,-1.0613,0.326,-0.4902,-0.8005,-0.456,0.467,-0.8288,-0.5363,-0.2847,0.8751,0.868,-0.4595,-0.2832,1.3272,0.3682,-0.1709,0.1958,-0.4625,-0.4566,0.245
CMPD_10528,TRG_2028,Kinase,436.872,3.462,2,3,4,82.203,SPR,7.49,26.4,ChEMBL,0.849,10.065,1,-2.7184,-1.8041,-2.437,-0.678,0.2046,1.0602,-0.0194,1.9854,1.3798,1.5877,-0.3757,-0.9565,0.1971,-0.0548,1.7529,0.9369,-1.3733,1.1414,-0.7624,-1.3461,0.4441,1.4284,0.7824,0.1527
CMPD_10529,TRG_2029,Enzyme,387.976,4.098,1,6,4,65.344,Binding Assay,7.48,27.1,Literature,0.387,4.001,0,0.7761,0.8348,-0.6409,-1.1027,-0.8752,-0.5746,-0.1954,-0.5986,-0.8882,0.1708,0.0098,-0.1918,-0.0567,0.1972,-0.7194,1.0993,-0.342,-0.6659,0.4635,0.8649,-0.2017,0.3295,-0.6796,2.0915
CMPD_10530,TRG_2030,Enzyme,347.998,1.923,2,5,1,48.319,HTS,6.78,21.9,BindingDB,0.676,4.565,0,-3.2764,1.1778,2.4121,3.58,-2.9245,2.4815,0.8178,1.6266,-0.076,-0.7857,-0.8161,-0.816,0.2919,-0.9389,-0.98,-1.9083,-0.6227,0.1986,0.197,0.3406,0.2171,0.0349,0.4147,1.2846
CMPD_10531,TRG_2031,Enzyme,415.421,5.731,2,5,0,116.882,Binding Assay,7.44,28.8,InHouse,0.65,8.063,1,-0.0083,0.1752,0.228,-1.0503,0.5073,0.7008,0.3871,0.23,-0.8129,-0.5863,-0.3166,0.7432,-1.5071,1.7866,0.8703,-0.3049,1.1934,1.0298,0.4294,-0.652,0.2827,-0.8835,-0.1115,-0.1481
CMPD_10532,TRG_2032,Enzyme,461.217,2.914,3,6,4,121.908,Binding Assay,7.65,26.4,ChEMBL,0.87,6.048,0,0.2645,-1.1244,-1.1394,0.536,0.4633,-1.8852,-0.2353,-1.2848,1.7958,0.9886,-0.6493,2.365,-0.5085,-1.0612,-1.0525,0.7601,-0.8494,-0.9932,0.1089,0.2125,0.0406,1.245,1.3533,-0.6845
CMPD_10533,TRG_2033,IonChannel,394.625,3.396,0,6,2,133.318,Binding Assay,7.39,24.6,ChEMBL,0.948,6.792,1,-0.2091,1.2423,-0.0338,-2.3515,-0.6806,-1.8125,0.1701,0.9061,0.3704,0.6604,-0.1568,0.302,0.0438,1.2578,-0.72,0.1364,-0.1615,-0.4134,-0.5866,2.723,1.4912,0.1877,-1.1766,0.006
CMPD_10534,TRG_2034,Transporter,350.828,3.699,3,5,4,82.728,SPR,6.09,24.7,InHouse,0.634,6.527,1,-0.3267,0.2893,-1.3541,0.4838,-0.1601,0.2369,0.492,0.2438,-0.7389,0.1712,0.1137,-0.2735,-0.5597,-0.635,-0.175,0.0542,0.4651,-0.9819,-0.208,0.9754,0.5653,3.2063,1.0287,0.544
CMPD_10535,TRG_2035,Enzyme,245.053,3.259,2,2,2,24.85,Functional Assay,6.25,24.9,InHouse,0.703,6.972,1,0.8713,-0.9031,-0.2292,-1.8966,-0.4685,0.8032,2.6532,-0.4091,-0.3063,1.0623,-0.486,-0.0663,-0.4531,0.7044,-0.2363,0.248,0.189,1.8847,0.5751,-1.3221,2.4002,-0.4691,-0.8053,0.2825
CMPD_10536,TRG_2036,Enzyme,264.791,4.01,2,5,3,78.762,Binding Assay,6.71,22.5,ChEMBL,0.83,5.038,0,1.9123,0.3921,-0.3483,0.42,-0.3586,0.468,1.2211,0.7698,1.6495,-0.1226,0.4071,-0.6999,0.1197,0.07,-0.54,0.6625,-0.5546,-0.6087,1.4495,-0.3488,0.279,0.9627,0.0009,-0.8425
CMPD_10537,TRG_2037,Kinase,325.582,1.389,3,8,4,55.332,Binding Assay,7.13,28.6,Literature,0.719,8.65,1,0.16,3.1826,0.6291,0.1342,1.0785,0.0337,0.8553,0.3998,-0.2123,-0.9053,-1.318,-1.787,0.661,1.9038,-0.2346,0.2015,-0.7039,0.821,1.4983,-0.1219,-1.8131,-0.3695,-1.0431,-0.8801
CMPD_10538,TRG_2038,GPCR,301.239,1.495,0,6,4,110.859,Binding Assay,6.74,27.9,ChEMBL,0.399,7.476,1,0.1313,0.7578,0.2818,-0.1237,-0.752,1.6118,-1.8663,-1.9152,-0.396,-0.4782,-0.9429,-0.1343,0.7951,0.3794,-0.8032,-1.6835,-0.2382,-0.0837,-0.3412,-0.3727,-1.0944,-0.0263,-1.0595,0.9548
CMPD_10539,TRG_2039,Kinase,335.042,0.52,1,3,4,33.864,Binding Assay,7.59,28.1,ChEMBL,0.604,6.358,0,0.5811,1.1127,-0.318,1.3947,-0.7513,0.8517,-0.6496,0.3843,0.2416,-2.4045,-0.6412,-1.2292,0.278,-0.5613,-1.4971,1.9939,0.2367,-1.5571,0.1187,-0.0311,0.3457,0.3587,1.3416,-0.866
CMPD_10540,TRG_2040,Enzyme,354.532,3.291,2,5,4,19.764,Functional Assay,7.92,29.5,BindingDB,0.957,7.663,1,-0.9928,-0.1292,-2.0748,0.1411,-1.4941,0.2049,-0.5586,1.1309,0.5368,0.7889,-0.6511,0.896,-0.1615,-1.1372,-0.2969,0.605,-1.9031,1.175,-0.5376,1.0162,0.2255,-0.6868,-0.6422,-1.4027
CMPD_10541,TRG_2041,IonChannel,392.375,3.902,0,5,4,53.322,Binding Assay,8.0,25.6,InHouse,0.698,5.906,0,1.1708,-0.2697,-1.0184,1.6226,0.7131,-0.671,-0.4906,1.0835,-1.0424,-1.0937,1.6105,0.3442,-0.0112,-0.4545,0.4914,-0.5889,1.513,-0.3887,0.8698,-1.4645,-0.642,-0.3347,-0.5285,-0.5268
CMPD_10542,TRG_2042,Kinase,344.36,3.324,2,4,6,86.575,Binding Assay,7.4,20.0,Literature,0.714,4.334,0,0.8679,-1.3135,0.4154,0.1288,3.4601,0.1468,-0.9996,0.9376,2.0706,-0.6859,-0.9683,-0.2415,0.6052,-1.0189,-0.6298,0.7394,2.3859,0.3654,1.1849,0.5303,0.457,-0.0731,1.2826,-1.5314
CMPD_10543,TRG_2043,Transporter,388.92,5.514,1,3,5,105.191,HTS,7.85,26.9,BindingDB,0.801,5.068,0,1.1617,-0.1301,1.3187,-1.9655,0.5269,0.9058,0.2902,-1.2943,-1.233,-1.5838,-0.9388,-0.9661,0.595,-1.3787,1.3337,1.756,-0.3428,1.8959,-0.0631,-0.5202,-0.6912,-0.8178,0.9566,0.9764
CMPD_10544,TRG_2044,IonChannel,355.158,2.49,1,3,4,112.025,Functional Assay,6.86,26.8,ChEMBL,0.62,8.86,1,-0.9672,-0.6599,-0.4776,-0.7335,0.271,-0.9349,-0.3275,0.3811,-0.1919,0.6363,0.354,-0.8753,1.7137,-0.7702,-1.4974,-0.2102,1.1369,-0.3011,-0.3838,-1.212,1.5477,-0.9915,0.8573,-1.5659
CMPD_10545,TRG_2045,GPCR,191.963,3.704,2,3,6,35.001,SPR,7.11,29.7,BindingDB,0.394,6.704,1,0.7088,1.6606,-0.7462,-0.7298,0.8508,0.2242,-0.0317,0.7898,0.6404,-1.0046,1.0724,-1.1626,-1.3958,-0.2985,-0.7532,0.2355,-0.3095,-0.8726,1.3176,0.0175,-0.8377,1.7207,-0.6598,0.4511
CMPD_10546,TRG_2046,Kinase,274.853,0.535,0,6,2,48.596,Binding Assay,6.5,28.2,ChEMBL,0.997,7.776,1,-0.6265,1.3611,-0.9596,-0.1811,0.3077,-0.5105,3.2014,-1.5136,0.1133,-0.1441,1.6418,1.31,0.2231,-0.5029,-0.1217,-0.0313,1.604,-0.2063,-0.5625,0.925,-0.2003,1.6025,-0.5065,0.4071
CMPD_10547,TRG_2047,Transporter,338.473,1.803,1,5,6,158.873,Binding Assay,7.92,25.4,BindingDB,0.875,7.517,1,0.7402,-0.8313,-0.3259,-0.1838,0.1408,0.4673,0.2977,-0.6375,-1.7256,0.0964,-0.4473,0.7955,1.5528,-1.5314,-1.4816,1.1632,-0.9358,1.4156,0.5376,1.6308,0.3835,0.262,0.6259,0.1749
CMPD_10548,TRG_2048,IonChannel,253.224,3.752,0,5,4,122.723,Functional Assay,8.38,24.6,BindingDB,0.435,6.912,1,0.7376,1.3201,0.4835,-0.396,1.5981,-1.3754,-1.1557,-0.0747,-0.6245,-0.4692,-2.0598,-1.254,-0.1739,-0.7748,-0.2661,-0.1592,1.6275,-0.5963,1.4718,-0.7283,-0.2826,-0.1642,0.7751,2.5798
CMPD_10549,TRG_2049,Transporter,397.994,4.028,2,4,2,158.846,Binding Assay,6.99,28.0,ChEMBL,0.953,3.598,0,-1.9418,-0.9467,-2.4735,1.3601,-0.1843,0.2946,-0.5096,1.3339,1.9477,1.4609,-0.9104,-1.7199,1.8473,-0.1845,-0.6675,0.322,-0.3053,-0.8465,0.9102,-0.1774,-1.0181,0.7592,0.0401,-0.6472
CMPD_10550,TRG_2050,IonChannel,472.46,1.971,2,7,10,154.094,Binding Assay,5.9,17.0,BindingDB,0.72,5.396,0,1.047,1.8387,-0.1047,1.3755,-0.5525,-0.8806,-1.9961,0.6541,0.731,0.426,0.7339,-0.1589,1.533,0.3413,0.189,-0.0752,-0.3902,-1.1428,-0.5922,1.4072,-0.0729,-0.56,0.6083,0.1327
CMPD_10551,TRG_2051,Enzyme,447.501,2.371,2,7,4,149.791,HTS,6.63,25.7,BindingDB,0.719,4.991,0,1.3734,-0.7338,-1.5679,-0.6609,0.7315,0.2638,-0.6896,-0.8711,-0.1846,0.8404,-0.7797,-0.3597,0.2643,0.3133,-0.3701,-0.1907,-0.4864,-0.7554,0.1107,-0.0313,0.6633,-0.6039,-0.384,0.0342
CMPD_10552,TRG_2052,IonChannel,332.925,-0.232,1,4,5,67.669,HTS,6.81,27.8,InHouse,0.837,9.801,1,0.0978,0.4192,-1.6573,-1.2799,-0.6961,-0.1144,1.1419,-0.0232,-0.5209,0.5327,0.2435,-0.8293,-0.3738,0.7754,-0.0717,-0.8976,-0.2901,0.2817,-0.103,-0.8468,1.4649,-2.1432,1.0402,0.2902
CMPD_10553,TRG_2053,IonChannel,469.258,1.857,2,4,6,146.552,Binding Assay,6.4,24.6,BindingDB,0.711,8.603,1,1.1918,-0.8968,-1.2849,1.8844,0.9076,2.7469,-0.1665,-3.0876,0.539,-1.5596,-0.5319,1.5328,-0.4779,-0.0334,-0.6111,-1.9065,0.7458,-1.3783,1.1312,-1.1921,-3.1635,-0.2151,-0.547,0.3276
CMPD_10554,TRG_2054,Enzyme,361.893,4.103,2,5,5,70.973,Binding Assay,6.58,23.9,ChEMBL,0.648,7.439,1,-0.55,0.322,0.5067,-0.1007,0.0018,0.6996,-0.2877,0.4246,1.5456,2.6033,-0.2444,1.4773,-0.2579,2.1093,-1.1012,1.4826,-0.9389,2.3222,-2.0287,0.1654,-0.3146,-1.0825,1.2653,-1.3963
CMPD_10555,TRG_2055,GPCR,323.033,3.535,2,5,2,54.779,HTS,7.32,25.9,ChEMBL,0.767,8.751,1,-0.7806,0.5427,0.0099,-0.1609,-1.0445,0.1964,-1.7397,-1.0249,-0.3341,-0.0776,-0.2936,0.7187,0.9158,0.7758,0.1798,0.2496,-1.0075,0.7063,1.412,-2.1918,-0.7398,-1.0379,-1.9849,-0.7235
CMPD_10556,TRG_2056,Kinase,300.928,3.401,0,2,1,25.579,Binding Assay,7.6,29.0,ChEMBL,0.891,5.93,0,2.119,-1.6749,-0.0469,-1.3388,1.1497,0.7322,0.682,0.2029,0.0149,0.8312,-0.5465,-0.9299,-1.1257,-0.1522,-1.3786,-0.0397,0.6272,-0.2991,1.1974,0.8191,0.4017,0.3719,0.3653,1.8144
CMPD_10557,TRG_2057,Kinase,325.802,2.59,1,2,4,113.984,Functional Assay,5.96,26.4,ChEMBL,0.304,7.221,1,-0.758,-0.9356,-0.5946,-0.1485,-0.0232,1.2635,0.891,-0.7767,-1.4737,-0.7965,0.0387,0.627,1.2472,-0.1107,1.3522,0.8533,-1.4226,-0.1594,-0.0507,-0.499,-1.7197,0.2055,-0.6936,0.8115
CMPD_10558,TRG_2058,Transporter,318.946,2.513,0,4,4,102.231,HTS,6.88,23.0,InHouse,0.304,6.98,1,-1.1334,-0.7262,-0.7842,0.3307,-0.3068,0.6424,2.8495,0.9872,-1.3469,0.5866,-0.7693,-0.1005,-0.3354,0.8291,1.6727,-1.1858,-1.154,-1.336,2.963,0.9437,0.7398,0.7692,0.6635,-0.2935
CMPD_10559,TRG_2059,IonChannel,363.633,1.311,3,6,7,96.975,HTS,7.22,28.7,Literature,0.113,4.299,0,-0.0254,-1.1212,-0.6975,0.1019,-0.3115,-0.8415,-1.4008,-0.909,-0.232,0.2423,-0.0301,0.6991,0.5911,-0.0836,-1.3293,-1.1682,-0.3762,0.8687,0.0522,-0.9298,-0.0685,0.0035,-0.5212,0.3564
CMPD_10560,TRG_2060,Transporter,362.846,3.758,0,3,2,91.502,Functional Assay,6.56,29.2,InHouse,0.328,6.172,0,-1.9719,-0.4041,0.4947,0.5613,2.4173,-0.33,-0.4741,1.0488,-1.0393,0.3466,2.0639,-0.2271,0.4803,-2.6856,1.3867,0.0901,0.4949,-1.1444,-0.324,0.5189,0.0983,-2.2406,0.0145,1.289
CMPD_10561,TRG_2061,Kinase,350.244,3.258,0,4,1,31.869,Binding Assay,7.34,22.6,BindingDB,0.162,6.867,1,0.6721,-1.4801,-0.9684,-0.5362,0.1139,-0.7621,-1.2187,-0.249,-0.3512,-1.9982,-0.3617,-0.3886,-0.0723,1.5015,-1.2254,-1.1998,-0.7541,0.3255,-0.1497,0.8238,-0.0501,-0.554,-0.0345,-0.9881
CMPD_10562,TRG_2062,Kinase,384.955,3.386,2,4,6,125.742,Binding Assay,7.13,33.4,BindingDB,0.516,7.036,1,-0.8184,1.7516,-0.1707,-0.5392,-0.2999,-0.4674,-0.3435,-0.0983,-0.5231,-1.1319,0.7544,-1.1854,0.3322,0.3575,0.0119,0.3166,1.014,1.4165,-1.2379,-0.1925,1.4871,0.7938,0.0809,-0.0217
CMPD_10563,TRG_2063,Kinase,445.252,1.553,0,4,3,120.954,HTS,6.93,25.0,ChEMBL,0.88,5.0,0,0.137,0.8834,0.6633,-0.2397,2.0098,0.1547,-1.858,-0.7124,-0.3407,0.7512,-0.3804,0.1406,1.0581,-0.2006,-2.4188,-0.1579,-1.4263,-2.2189,-0.1916,0.0843,-0.7062,0.3436,-1.4762,0.3042
CMPD_10564,TRG_2064,GPCR,425.964,-1.376,1,3,1,163.629,HTS,6.68,27.8,Literature,0.309,5.363,0,-1.8768,0.537,0.9181,0.3868,-0.4881,-0.4713,-0.339,-0.7068,-1.35,0.9218,-0.9366,0.2574,0.3093,0.3988,0.316,-1.1263,1.2127,-0.762,0.8383,1.359,2.8387,-0.5251,-0.4361,0.1234
CMPD_10565,TRG_2065,IonChannel,231.208,4.475,1,2,3,75.211,Functional Assay,7.36,27.2,Literature,0.74,6.629,1,-0.3132,-0.0234,-1.0612,0.6862,-1.0156,-0.2281,-2.0172,-0.2769,0.8762,1.3109,0.8299,-0.8418,0.2219,0.4218,-1.3544,0.4465,1.3595,0.0092,-0.9622,-0.2326,0.0063,-1.2591,0.7761,-0.4714
CMPD_10566,TRG_2066,GPCR,145.686,1.638,1,1,4,71.937,SPR,6.74,22.9,BindingDB,0.673,4.286,0,-0.5109,1.804,-1.3961,-1.2829,0.8359,1.2929,0.5147,0.6308,-0.4618,0.1861,2.1119,-3.1449,-1.1276,-1.4444,-1.1256,0.4144,-0.0296,-0.3617,-0.2729,0.8166,-0.3166,0.7403,0.7414,-0.4858
CMPD_10567,TRG_2067,GPCR,424.746,0.947,0,6,1,127.134,SPR,6.16,23.6,ChEMBL,0.647,7.911,1,1.8353,0.3649,0.4103,0.2591,-0.0096,2.1413,0.7692,-0.1887,-0.0586,0.8584,-1.0097,-0.6195,1.017,1.2332,0.6982,0.8653,-0.2487,-0.5854,0.7715,0.8982,-1.2748,-0.8355,1.0,-0.7511
CMPD_10568,TRG_2068,Enzyme,240.65,3.748,1,5,3,79.462,Functional Assay,7.21,25.2,InHouse,0.616,7.789,1,-0.0739,0.7718,0.9832,-0.8395,-0.6015,1.0497,1.5183,-2.6463,1.1255,-1.0314,-0.4067,-0.5867,-3.1024,0.1466,0.6447,1.1528,0.1293,-1.1345,-0.6921,1.2643,0.1198,-0.6654,-0.5458,0.6953
CMPD_10569,TRG_2069,GPCR,332.019,1.794,0,5,5,136.851,SPR,6.46,19.4,ChEMBL,0.678,6.216,0,-1.3858,0.4982,-0.8774,0.1005,0.3617,-0.6083,0.5972,0.6379,-0.9478,1.0181,-0.087,0.3298,-0.1896,1.4837,0.4859,2.3944,0.5182,-0.5815,1.0879,-1.4588,-0.3004,0.0137,0.2818,0.4736
CMPD_10570,TRG_2070,IonChannel,256.391,4.408,0,4,1,69.222,Functional Assay,6.21,27.5,InHouse,0.8,4.639,0,-0.4041,1.2202,1.1998,0.103,0.1322,0.7779,-0.9763,0.7928,-0.4531,-0.4025,-0.7111,0.4415,1.7076,-1.1885,-1.3902,-0.2111,-0.4097,1.7304,-2.0691,-0.6144,-1.5309,0.2715,-0.4815,1.5969
CMPD_10571,TRG_2071,Transporter,205.842,3.611,0,4,2,80.627,Functional Assay,7.28,19.3,InHouse,0.962,7.087,1,-1.7819,-0.5711,-0.7172,-0.7922,1.1663,-0.2082,-1.1884,-0.3873,-0.1217,1.5484,0.7766,-0.5687,-1.9454,-0.5012,-0.3591,0.0032,-1.6959,-0.105,-0.0568,-0.6079,1.3121,-0.7879,-1.93,-0.8749
CMPD_10572,TRG_2072,GPCR,393.317,3.73,2,6,5,100.254,Binding Assay,7.1,25.0,ChEMBL,0.788,7.753,1,1.1641,0.9486,0.3665,-0.0172,0.0716,0.5564,1.062,1.686,1.2851,-0.0598,0.2638,0.9083,0.1086,0.4678,-0.7255,0.8291,0.8964,-0.45,-0.281,-1.0679,-0.1504,0.7211,2.4861,1.9311
CMPD_10573,TRG_2073,IonChannel,410.732,0.041,1,2,7,117.975,SPR,6.68,23.0,Literature,0.398,6.501,1,-0.9582,1.0949,-0.0381,-2.1222,-1.081,0.2931,-0.2092,0.6669,0.2576,0.5142,-0.563,0.6426,0.1083,-1.121,-0.0636,0.1854,-0.1038,-0.2074,1.5114,0.6148,-0.2057,1.004,-0.0267,0.3453
CMPD_10574,TRG_2074,Enzyme,303.879,4.681,3,4,6,154.905,Functional Assay,7.34,26.7,Literature,0.651,5.826,0,-1.6427,0.2953,1.0884,0.1845,0.4333,-1.3042,0.7159,-1.1181,0.5757,-1.4586,1.9759,-2.2324,0.3006,-2.2377,-1.7672,-0.7762,1.2521,-0.6798,-0.1849,-0.8296,1.3004,-2.4387,0.2782,-2.1581
CMPD_10575,TRG_2075,Enzyme,142.717,2.97,3,5,1,68.435,Binding Assay,7.45,18.4,Literature,0.496,8.248,1,0.3139,0.0444,0.2185,-0.7351,1.64,0.7067,-0.3502,0.6588,-0.4381,-0.4802,-0.1078,-1.1782,-0.2714,-1.6249,0.1421,-0.1802,-0.1005,-0.5209,0.0502,0.1537,0.1651,0.7595,-1.9893,-0.5249
CMPD_10576,TRG_2076,Kinase,306.3,1.835,2,7,2,70.232,SPR,7.34,20.0,BindingDB,0.747,5.667,0,2.0346,1.1674,-0.8985,-1.4247,1.0192,-0.6581,1.5257,-0.8127,-0.6122,2.2279,-1.0298,-0.2372,-0.243,-0.8903,0.9985,0.0474,0.4215,2.3055,1.4672,0.4656,-0.0586,0.1482,0.0474,0.4833
CMPD_10577,TRG_2077,Enzyme,381.344,2.758,3,2,2,131.32,Functional Assay,7.32,23.2,ChEMBL,0.534,6.528,1,0.461,0.509,-2.3542,0.4867,-0.022,-0.4703,0.4849,1.9145,-0.1243,0.1561,0.0299,-0.7427,0.5686,1.3554,0.2862,-0.0748,1.5592,1.2084,0.1084,0.3241,-0.7462,0.6061,2.5749,1.3197
CMPD_10578,TRG_2078,GPCR,231.687,-0.697,1,2,2,18.307,HTS,6.24,26.6,BindingDB,0.73,8.539,1,0.2288,-0.8747,0.4486,0.4469,0.0869,-0.0556,0.8986,0.404,0.1254,-0.2295,0.8907,0.8853,-0.2886,0.958,0.1624,-1.051,-0.5259,0.9912,1.5785,-1.578,0.2113,0.1233,-0.5871,-0.3375
CMPD_10579,TRG_2079,GPCR,364.669,3.236,0,2,8,100.553,Binding Assay,7.98,25.7,BindingDB,0.879,4.281,0,0.753,0.6376,-0.856,0.0332,0.5848,-2.8737,2.4307,1.8449,-0.7442,1.9767,-0.4847,-1.7857,0.7864,-1.7711,-0.6036,0.9636,-1.0163,-0.8732,0.583,0.3013,-0.3599,-1.9158,0.524,-0.4067
CMPD_10580,TRG_2080,GPCR,348.775,0.647,1,6,7,66.496,Functional Assay,7.53,28.2,ChEMBL,0.477,4.222,0,0.0238,0.0413,1.0314,-1.7105,-0.0172,-0.6765,0.2256,-0.2583,0.0934,-0.0512,0.981,0.583,1.0765,-1.0105,-0.0821,0.5837,-1.015,0.4986,-0.3761,1.8448,-0.5103,0.1158,-1.494,0.6273
CMPD_10581,TRG_2081,Enzyme,396.343,0.065,1,3,2,136.979,Binding Assay,6.63,25.3,BindingDB,0.895,6.89,1,-0.5037,0.4725,0.9332,2.227,-0.2219,-0.0709,-0.4553,-1.1742,-0.756,-2.4706,-0.0907,0.5914,-0.9201,0.8417,-1.3058,0.4082,1.2186,0.8112,-1.2313,2.0023,0.7961,-0.0686,0.5935,-0.88
CMPD_10582,TRG_2082,GPCR,359.566,-0.24,1,5,2,100.313,HTS,7.19,24.9,InHouse,0.716,8.23,1,-0.1144,-0.2358,0.0669,-0.0528,0.9915,-1.0344,-1.477,0.2079,0.1296,0.9468,1.7838,-1.2469,-0.2443,0.7462,0.2353,-1.0158,-0.8709,1.6674,-0.4447,-0.5698,0.2481,-0.5644,0.4389,1.5715
CMPD_10583,TRG_2083,GPCR,272.154,4.503,1,7,4,92.985,Binding Assay,7.31,21.8,ChEMBL,0.601,8.962,1,-0.9459,-1.4236,-0.1661,-2.5329,0.6191,-0.5618,0.8041,-0.099,1.3053,0.8858,1.6507,0.855,-1.4888,0.7949,-0.6459,0.2666,-2.2975,0.8171,-0.1381,-0.1895,0.3055,0.7122,2.1833,-1.1782
CMPD_10584,TRG_2084,IonChannel,445.726,1.367,0,2,7,164.685,Functional Assay,7.18,24.3,ChEMBL,0.119,5.814,0,-1.0926,1.4694,2.4135,-0.798,-0.0441,1.8187,1.404,-1.6783,-0.5942,0.5066,-0.6547,-0.6489,0.2038,-0.2233,-0.0995,-0.6635,-0.6123,0.0855,0.0994,1.133,0.6335,-0.427,0.642,-0.6331
CMPD_10585,TRG_2085,Kinase,337.318,5.261,0,4,8,82.787,SPR,8.28,24.9,ChEMBL,0.55,5.767,0,-0.4219,-0.2075,-0.2863,-0.6448,0.1271,-0.119,0.8502,1.1055,-2.203,-0.734,1.2561,0.2342,-0.8412,0.1309,0.7789,0.9459,0.1333,1.1681,-0.4703,0.5841,0.6111,0.7531,0.8308,0.1465
CMPD_10586,TRG_2086,Kinase,347.816,1.536,0,2,3,87.365,Binding Assay,6.03,18.8,InHouse,0.502,9.14,1,-1.1216,-0.0142,0.5234,0.2058,-0.6389,0.7917,-0.0487,-0.1705,-1.5958,1.4071,0.0206,0.3092,-0.0688,0.6067,-0.3151,0.1283,0.4143,-0.4488,-1.7182,0.6692,-1.4433,-0.2033,-0.7066,-0.4903
CMPD_10587,TRG_2087,Kinase,275.339,-0.573,1,5,4,81.12,HTS,6.31,22.3,BindingDB,0.698,6.172,0,-0.5246,0.6834,1.6612,2.0883,0.3436,-2.0503,0.2943,-1.1189,-0.779,1.1982,-1.1035,2.7259,1.1558,-0.6634,-0.1676,-0.6412,0.8785,0.8709,-0.3431,-0.8875,0.6413,-2.3096,0.3608,-1.0074
CMPD_10588,TRG_2088,Kinase,314.537,0.49,1,5,2,59.941,HTS,5.82,26.4,ChEMBL,0.224,8.047,1,0.1788,0.3168,0.7645,0.7285,-0.5584,0.9447,0.5748,0.5427,0.449,-0.3509,0.3535,-0.6525,-0.1355,-0.8164,-0.7376,0.2467,2.3687,1.8906,0.8021,-0.1013,0.5706,-1.0097,0.5668,0.1483
CMPD_10589,TRG_2089,Kinase,279.216,4.724,3,2,3,83.316,Binding Assay,7.25,25.5,Literature,0.8,6.796,1,-0.8304,0.6662,-0.5851,0.2799,-0.3278,0.3192,-0.3185,-0.4148,0.2765,-1.7936,-0.3549,-0.9303,-1.6419,2.0131,-1.7507,1.4041,0.7337,0.5787,0.676,-1.8452,-0.4541,-0.0291,0.1773,-0.8412
CMPD_10590,TRG_2090,Kinase,336.164,2.219,0,3,3,102.512,Binding Assay,7.53,24.2,ChEMBL,0.753,5.653,0,1.7237,-1.515,-1.2376,-0.9985,0.7979,0.3732,1.8779,-0.0797,-1.7899,-0.9486,-1.0665,0.2628,-0.9046,-0.5854,-1.9189,1.4034,-0.445,0.2983,1.5989,0.6209,-0.2473,-0.0724,-0.9281,0.023
CMPD_10591,TRG_2091,IonChannel,486.937,1.513,1,5,7,155.239,Binding Assay,7.42,23.2,BindingDB,0.066,4.953,0,1.6106,0.2788,-0.18,0.2016,-0.4799,0.7368,-0.4619,-1.9316,0.785,-0.3576,0.5193,0.5131,1.4525,-1.4594,-1.2265,-0.5539,0.7088,0.4272,-2.1847,1.2227,3.1975,1.252,-0.2547,-0.1377
CMPD_10592,TRG_2092,Kinase,240.248,2.788,0,7,2,88.856,Binding Assay,7.03,19.8,InHouse,0.818,7.592,1,0.66,0.0929,-2.2941,0.477,-1.4414,-0.0527,1.5039,0.1325,0.1763,-0.9542,-0.7442,2.7094,0.1315,1.1252,0.9657,2.223,-0.0497,-1.7469,0.1851,-0.3982,-1.4811,-0.1539,0.4163,-1.0516
CMPD_10593,TRG_2093,GPCR,220.915,3.403,0,3,6,2.15,HTS,7.44,18.5,InHouse,0.605,5.015,0,0.2161,-1.0775,0.1027,0.7968,1.2784,-0.6378,-0.8051,1.2629,-0.4664,-0.2885,1.4022,1.3394,-0.1789,1.2578,0.8235,0.3071,-0.1951,-1.7698,-1.2275,0.7713,-0.5852,0.7022,0.4824,-1.4098
CMPD_10594,TRG_2094,Enzyme,467.694,4.511,1,3,2,88.903,HTS,7.02,24.1,ChEMBL,0.3,4.683,0,-1.5275,-1.3377,-1.0715,0.898,-2.2242,-0.4094,-0.4955,1.6305,-1.834,0.6999,-1.4025,0.1807,-1.0306,-1.8804,0.0377,1.3023,-0.4993,-0.8766,-1.7704,-0.1852,0.4124,1.1203,0.7907,-1.6741
CMPD_10595,TRG_2095,GPCR,333.254,5.107,1,6,2,53.289,Binding Assay,7.64,29.5,Literature,0.78,5.01,0,-0.1571,-0.2878,-0.9508,0.2862,-1.1118,-0.5683,0.2867,-0.4969,-1.4485,1.51,0.1447,-0.1381,-0.9122,0.2522,0.0677,-1.3163,0.4752,0.8704,-1.7012,0.2203,-1.1153,0.4052,-0.9655,-0.1046
CMPD_10596,TRG_2096,Transporter,296.474,1.852,1,8,3,92.647,Functional Assay,7.86,25.1,Literature,0.757,7.358,1,1.2864,1.0432,-0.4436,0.0137,1.6294,0.4717,1.6913,-1.2364,-1.0077,0.369,0.3838,0.6506,-1.2181,2.5112,1.2882,0.8697,0.315,-0.6751,1.0149,0.6322,-0.4237,-0.595,-1.7288,-1.368
CMPD_10597,TRG_2097,Kinase,433.192,0.113,0,6,7,118.583,Functional Assay,6.64,28.1,BindingDB,0.497,6.847,1,0.0165,-1.1623,0.3549,1.767,-0.1947,1.0876,-0.8395,-0.6771,-0.92,-2.061,-0.9081,-1.021,0.6905,0.5768,-0.2687,-1.3534,0.7201,-1.3682,0.5228,0.1883,0.323,-0.5993,0.1257,0.9807
CMPD_10598,TRG_2098,Kinase,301.551,1.756,1,4,3,0.0,Binding Assay,7.03,21.5,BindingDB,0.691,8.071,1,-0.5541,-0.4274,0.2239,-2.7948,1.2807,-0.3007,0.5676,-1.148,-0.3201,0.4178,1.5743,0.1685,0.8709,-2.1122,-0.634,0.6078,0.452,0.6371,0.107,-0.4891,0.6574,0.9636,-0.1652,1.8611
CMPD_10599,TRG_2099,Kinase,496.081,2.969,2,5,2,226.706,Binding Assay,7.12,25.8,ChEMBL,0.725,8.152,1,-0.8805,0.7753,-0.049,-0.1398,0.5863,-1.133,-0.3388,-1.011,-0.0623,0.7924,-0.2075,-0.1096,0.3744,0.1858,-0.0616,0.19,0.3465,1.882,-0.8517,0.2874,-0.6408,0.6192,-0.3347,0.7032
CMPD_10600,TRG_2000,Kinase,404.234,0.765,1,5,6,41.711,Binding Assay,8.06,22.9,BindingDB,0.836,9.309,1,-0.5138,-0.1355,-0.9037,0.3651,-0.6859,-0.1297,-0.3307,1.9045,-1.3615,1.5394,0.4534,-2.7474,1.4021,-0.1846,-1.7093,-0.2617,0.1678,-1.724,0.5823,0.1698,-1.7235,1.3685,-1.0194,-1.5513
CMPD_10601,TRG_2001,GPCR,310.967,0.777,1,3,0,94.507,Functional Assay,6.71,22.8,BindingDB,0.98,4.139,0,-1.8729,1.124,1.2105,1.8142,-0.2653,-0.6886,2.4523,1.0622,-1.0428,-0.5281,-0.655,1.638,0.423,-0.1328,1.2224,-0.1512,2.4599,-0.1046,0.3039,0.5047,1.4363,-0.417,-2.0595,1.4643
CMPD_10602,TRG_2002,Kinase,522.585,3.119,1,4,2,179.31,Functional Assay,7.86,27.2,InHouse,0.929,9.356,1,-0.8743,0.2535,-0.0073,0.4583,2.5044,0.2765,2.6045,0.5837,-0.1385,0.5543,0.7437,0.4911,2.1457,-0.1003,1.9129,1.3185,-0.7038,0.0054,0.6599,0.5678,0.6013,1.0836,-1.4078,0.3546
CMPD_10603,TRG_2003,Kinase,301.543,2.412,4,5,3,61.671,SPR,6.32,24.6,BindingDB,0.78,5.477,0,2.1526,0.0674,-0.7631,-1.2027,-0.6168,-1.2365,-0.2794,-0.3979,-0.2199,-0.5732,-0.1936,-0.6068,0.4668,-0.1873,0.1907,-0.1704,-1.3559,-1.0893,-0.0694,0.4214,-0.8251,-0.893,-1.1311,0.9352
CMPD_10604,TRG_2004,Kinase,409.368,2.559,1,5,3,148.409,Binding Assay,7.95,20.8,InHouse,0.288,3.69,0,-0.4464,-0.3286,0.7407,-0.9447,-0.7034,-0.6133,-0.0717,-1.4989,0.013,1.9315,-0.2635,0.6121,0.9836,-0.8043,1.972,-1.3444,-0.6149,0.8191,-0.2503,0.3985,1.7666,1.928,1.4875,-1.2206
CMPD_10605,TRG_2005,GPCR,373.943,1.135,0,5,1,71.856,SPR,7.71,25.3,ChEMBL,0.431,7.025,1,-0.9774,-0.0981,0.6381,-0.2691,0.5477,-0.4585,-0.4466,0.1239,-0.517,-0.2347,0.3534,1.0162,0.8424,-1.2675,0.4129,-1.0438,-0.5323,0.3665,-0.5272,0.1136,-1.1169,0.3469,2.2416,1.0319
CMPD_10606,TRG_2006,Kinase,454.139,2.085,0,4,4,143.086,Functional Assay,7.11,22.9,ChEMBL,0.705,5.28,0,1.5068,-0.3303,2.1794,2.1687,0.1278,-0.6401,0.0827,0.9477,1.128,-0.4471,1.4143,-0.0902,1.4876,0.9015,0.4676,-0.938,-1.9618,-0.3891,-0.6449,-1.6488,-0.8202,-0.6332,0.7171,-0.475
CMPD_10607,TRG_2007,GPCR,474.921,0.836,1,5,5,55.254,HTS,7.75,20.7,ChEMBL,0.333,7.247,1,-0.7226,1.1576,-0.1266,-0.3887,-1.0809,-0.5415,-0.0715,-1.8682,0.6113,-0.9015,0.4842,-0.6448,0.1697,-1.0834,-0.3741,0.9419,-0.4192,0.0024,-0.4722,-0.9058,-0.4481,0.5137,0.075,-0.6759
CMPD_10608,TRG_2008,IonChannel,352.56,4.102,1,6,3,152.697,Binding Assay,6.9,22.0,ChEMBL,0.157,6.334,0,-0.0645,0.5944,1.092,0.5657,1.1474,0.4803,1.0461,0.4333,-0.0077,-1.2366,0.4602,-0.164,-2.5111,0.4949,-1.464,-0.3807,-0.621,-0.3111,-1.1019,0.6744,1.6565,-0.3574,-0.3556,0.2815
CMPD_10609,TRG_2009,Transporter,289.727,4.363,1,3,1,86.953,HTS,6.65,31.1,BindingDB,0.122,6.435,0,0.7729,0.5975,-0.1989,0.0597,0.2431,1.6346,1.9409,0.0864,0.5525,-0.4334,1.2808,-1.318,-0.5785,0.5385,1.2383,0.7835,0.5165,-0.4081,-2.8353,1.9146,-0.4251,1.0398,0.353,0.0462
CMPD_10610,TRG_2010,Kinase,386.798,-0.823,1,11,4,52.251,HTS,8.22,28.6,InHouse,0.792,9.423,1,0.0103,1.0731,-0.8855,-0.1499,1.6379,0.247,1.1439,-0.9843,-1.5207,0.2772,-1.269,0.14,0.9442,0.4733,0.1968,-0.3292,-0.0834,-0.504,-0.1968,-1.6053,1.4011,-0.3416,0.8353,-0.289
CMPD_10611,TRG_2011,Transporter,295.783,0.827,3,4,5,113.885,Binding Assay,6.88,19.0,BindingDB,0.314,5.836,0,0.3665,-2.1769,0.8445,0.3845,0.699,-0.6025,-0.5098,1.5795,2.4999,-0.7801,-0.0773,1.2683,0.1992,1.7196,0.0703,-0.8606,0.9712,0.2165,-0.5055,0.471,0.7682,-0.4313,-0.0176,-0.2479
CMPD_10612,TRG_2012,IonChannel,511.071,-0.194,1,5,5,218.607,Binding Assay,7.61,24.4,BindingDB,0.523,5.881,0,0.4328,0.4615,-1.256,-1.1181,1.512,-0.2794,0.2678,-0.7467,-1.2083,2.2522,1.3087,0.1946,-0.0874,0.774,-0.1509,-0.441,2.1435,1.3337,-0.4949,-0.8744,0.4972,0.7397,0.0208,1.3356
CMPD_10613,TRG_2013,Kinase,360.923,1.33,1,4,0,71.22,HTS,7.87,24.7,InHouse,0.307,5.909,0,0.2121,0.0754,-0.2844,0.2411,0.3515,0.6382,0.1413,-0.1048,1.9976,0.6371,-0.3707,1.5707,0.8438,-0.8327,-0.4739,0.191,-0.1472,-0.408,-0.7392,1.5237,-0.1473,2.3648,1.8863,0.1769
CMPD_10614,TRG_2014,Enzyme,320.774,2.35,0,3,7,87.824,SPR,7.68,24.2,ChEMBL,0.607,7.023,1,-1.1819,-0.0812,-1.3481,-0.9992,-0.2341,0.8406,-0.8213,2.3064,0.1473,-1.5574,0.9708,0.0323,-0.5046,0.9751,-1.5865,0.4445,0.8257,-0.6344,-0.4582,-0.8497,-0.2471,-2.6751,-0.1283,1.0622
CMPD_10615,TRG_2015,Enzyme,364.774,-0.109,0,4,4,88.839,HTS,7.56,23.0,ChEMBL,0.564,6.307,0,-0.9003,1.7438,0.401,-1.2662,-1.4263,0.5749,1.4898,-1.1731,1.2771,2.1129,0.9945,-0.658,0.2018,0.0818,-0.3253,0.8053,-1.57,-1.0065,-0.0428,-1.2868,-0.5447,-1.2998,0.0024,-2.0331
CMPD_10616,TRG_2016,Kinase,242.23,0.841,3,2,1,41.86,SPR,7.61,27.2,ChEMBL,0.677,5.651,0,-0.3574,-0.2476,-1.0693,0.2219,1.9157,-1.1566,-0.4611,0.3177,-0.5586,-0.7429,0.964,-0.8562,-0.2317,-0.7463,1.1554,0.0039,1.1058,-0.0736,-1.6121,0.315,-0.6602,-1.4058,0.4947,0.8602
CMPD_10617,TRG_2017,GPCR,272.271,0.693,0,3,8,46.659,Functional Assay,7.83,27.8,InHouse,0.685,6.174,0,0.8833,0.5278,-0.4535,0.0753,-0.437,0.0037,-2.0878,0.0925,0.8059,-0.0861,-0.3572,0.5767,-0.8607,-0.0981,1.3367,-0.009,1.2427,-0.3168,0.2651,1.2,0.3892,0.7243,-2.4649,-1.2095
CMPD_10618,TRG_2018,Enzyme,446.033,2.873,2,5,3,107.952,Binding Assay,7.39,28.1,ChEMBL,0.343,6.07,0,0.8124,1.1611,0.7287,-0.7034,-0.3532,-0.0923,-0.141,-1.2818,-1.9452,-0.2766,0.054,0.9551,-0.0951,-1.078,-0.2972,-0.1969,-0.7872,0.2832,0.3617,-0.161,-0.277,1.1276,-0.4096,-0.1669
CMPD_10619,TRG_2019,Transporter,297.448,2.625,1,5,1,65.539,Binding Assay,7.18,26.0,ChEMBL,0.637,6.373,0,-0.0011,-1.7715,0.9245,0.0718,-0.4112,0.8433,0.6492,-0.2583,-0.1788,-1.0651,0.3617,0.8989,0.1899,0.255,-0.4568,0.8518,-0.1165,-1.2599,-0.9367,0.8949,-0.0459,-0.1118,-0.144,-1.4621
CMPD_10620,TRG_2020,Kinase,266.247,1.201,2,2,2,65.616,HTS,6.38,26.8,BindingDB,0.894,9.254,1,-1.1648,1.2642,1.4068,-0.0756,1.0083,-0.3497,-1.4834,-0.3807,1.7317,1.0947,-1.5094,-1.3318,-0.1716,0.3559,1.823,1.5662,-1.4181,0.789,1.6136,-1.8494,-1.8509,0.1824,1.2044,0.1746
CMPD_10621,TRG_2021,Kinase,392.932,2.818,1,4,7,100.717,Binding Assay,7.39,24.0,Literature,0.52,9.172,1,-3.2835,-0.3651,-1.0398,-0.2962,-0.4185,0.4969,-1.5099,-0.1016,-1.5543,-1.165,1.5184,0.5781,-1.6386,-0.0664,0.2529,-0.68,-1.113,1.4868,-0.6184,-0.6065,-0.3696,0.9612,-0.5515,0.8483
CMPD_10622,TRG_2022,GPCR,444.856,1.516,0,6,4,163.904,Binding Assay,7.82,20.3,BindingDB,0.62,7.603,1,0.1705,-0.543,0.921,-2.3248,0.5628,-1.3127,-0.3278,1.0594,0.9131,0.664,-0.1181,-0.5837,0.4323,0.092,-0.7178,-2.8022,-1.1244,-0.4167,1.1887,-3.0397,-0.8569,-1.0225,-0.6083,2.0862
CMPD_10623,TRG_2023,GPCR,407.516,2.011,0,6,4,149.13,SPR,6.54,20.2,InHouse,0.886,6.687,1,0.2993,0.1966,-0.4396,2.4459,0.8684,0.2164,0.5589,-2.2963,0.2293,-2.8866,0.0954,0.6116,-1.328,-1.1432,0.5037,-1.3474,-1.0453,-0.4333,-1.1296,0.4379,-1.4751,-0.0159,-0.1885,1.0018
CMPD_10624,TRG_2024,IonChannel,429.684,5.512,5,6,3,67.565,SPR,7.06,22.4,InHouse,0.905,8.201,1,0.9837,0.0782,0.9848,-0.226,0.542,-1.3004,-2.0805,0.7904,-0.1724,1.8583,0.1854,0.7886,-0.517,0.2203,-0.4489,-0.606,0.7672,-1.0187,-0.9583,-1.1857,0.1742,-0.1056,-0.5016,0.0172
CMPD_10625,TRG_2025,GPCR,289.456,4.913,1,6,2,63.093,Binding Assay,7.46,24.4,BindingDB,0.567,6.627,1,-0.3762,1.4177,1.4471,-1.1665,-0.204,0.668,-1.5028,1.9971,-0.5748,0.065,0.1364,1.0145,-0.5783,1.3361,2.501,1.3668,0.6283,-1.0816,0.242,-0.2039,0.1944,-0.0132,-0.4721,-1.4102
CMPD_10626,TRG_2026,GPCR,236.255,0.161,1,6,5,120.899,Binding Assay,8.11,21.2,InHouse,0.176,7.75,1,-0.6628,0.5719,-0.749,0.4819,-0.2363,1.1967,1.5015,0.1106,-0.1489,2.0904,-1.1524,0.4421,1.9366,-0.8183,0.8479,0.2082,0.7254,0.0502,2.1066,-0.356,0.3285,-0.0977,-1.789,-0.1714
CMPD_10627,TRG_2027,Transporter,470.107,3.994,0,2,2,152.793,Functional Assay,6.5,21.6,InHouse,0.41,6.662,1,-0.3931,-0.72,-0.0058,-0.6941,0.2117,1.2477,-0.4384,-0.186,-0.0428,-0.3166,1.3525,-0.1527,0.4834,0.6134,-0.185,0.7239,-0.2832,1.3272,0.3682,-0.1709,0.1958,-0.4625,-0.4566,0.245
CMPD_10628,TRG_2028,Kinase,324.186,3.961,2,3,4,110.635,Binding Assay,7.68,23.9,ChEMBL,0.878,9.218,1,0.7581,-0.5336,0.0254,-1.1867,1.2127,0.189,-0.3143,0.1038,-0.5518,1.1901,0.3414,0.9481,0.1253,0.6437,-0.6417,-0.4679,-1.3733,1.1414,-0.7624,-1.3461,0.4441,1.4284,0.7824,0.1527
CMPD_10629,TRG_2029,GPCR,329.933,0.433,0,4,6,108.539,SPR,6.99,27.6,ChEMBL,0.638,7.903,1,-0.0532,-0.3867,0.7888,-1.9569,-0.0578,-1.6584,1.337,-0.0481,-0.0459,1.0404,-0.7153,0.3595,0.232,-2.2656,-1.0738,-0.3058,-0.342,-0.6659,0.4635,0.8649,-0.2017,0.3295,-0.6796,2.0915
CMPD_10630,TRG_2030,Transporter,456.256,3.974,0,5,3,126.41,Binding Assay,6.8,26.0,ChEMBL,0.444,5.746,0,1.6968,0.4107,1.3664,-0.3191,1.4402,0.4345,2.3398,1.8265,0.6725,-0.6685,0.9454,0.728,-0.5873,0.1009,-1.1142,-0.5601,-0.6227,0.1986,0.197,0.3406,0.2171,0.0349,0.4147,1.2846
CMPD_10631,TRG_2031,Enzyme,394.498,5.268,0,6,5,116.708,HTS,6.65,22.4,BindingDB,0.726,6.377,0,-0.3733,-1.4726,-0.3842,-0.644,-1.757,0.6708,0.0407,0.318,0.599,0.2316,2.3169,0.4076,0.2748,2.0027,-0.244,-0.5115,1.1934,1.0298,0.4294,-0.652,0.2827,-0.8835,-0.1115,-0.1481
CMPD_10632,TRG_2032,IonChannel,386.471,0.479,0,3,3,99.785,SPR,6.81,25.1,Literature,0.828,7.117,1,-1.5412,-1.5193,-0.8728,0.4472,-0.7513,-1.1442,-1.3522,-0.1703,1.0413,1.1828,0.5588,0.0717,-0.2009,-0.2632,-0.3857,-1.4036,-0.8494,-0.9932,0.1089,0.2125,0.0406,1.245,1.3533,-0.6845
CMPD_10633,TRG_2033,IonChannel,523.2,0.848,2,6,4,191.189,Functional Assay,7.5,21.0,ChEMBL,0.632,5.059,0,-0.0395,0.1821,-0.0845,-0.4519,-0.7953,0.4688,-0.2832,-0.2825,0.6733,1.1353,0.8147,0.9452,1.7827,1.3062,0.4116,-0.8423,-0.1615,-0.4134,-0.5866,2.723,1.4912,0.1877,-1.1766,0.006
CMPD_10634,TRG_2034,Kinase,298.519,4.332,1,5,2,73.764,Binding Assay,7.06,22.4,ChEMBL,0.246,6.333,0,-1.1885,-0.8621,1.6187,-0.694,-0.4826,1.568,1.6054,-1.4424,-0.0534,-2.477,-0.1891,-1.6566,-0.8519,-0.2295,0.1022,-0.8812,0.4651,-0.9819,-0.208,0.9754,0.5653,3.2063,1.0287,0.544
CMPD_10635,TRG_2035,GPCR,424.227,2.989,0,6,8,122.75,Functional Assay,7.63,20.0,Literature,0.715,7.31,1,0.882,0.5574,-0.106,1.3548,0.4956,-0.0114,0.4826,0.5141,-0.4987,-0.3287,-0.1431,-0.6197,-1.4168,0.1829,-0.818,0.4198,0.189,1.8847,0.5751,-1.3221,2.4002,-0.4691,-0.8053,0.2825
CMPD_10636,TRG_2036,IonChannel,354.561,3.493,2,2,4,135.782,Binding Assay,6.53,26.3,BindingDB,0.612,4.147,0,1.6864,-0.2978,0.0757,0.3468,0.4304,0.2184,-0.1408,-0.5417,-1.1119,1.1951,0.849,1.6598,0.07,-0.0103,0.3879,1.4999,-0.5546,-0.6087,1.4495,-0.3488,0.279,0.9627,0.0009,-0.8425
CMPD_10637,TRG_2037,Kinase,371.487,3.113,0,4,5,98.335,Binding Assay,7.62,24.2,BindingDB,0.654,9.407,1,-0.4041,-0.1515,-0.7274,2.0656,-2.8822,1.1497,0.7907,-0.81,2.8579,-0.0822,1.8039,-1.5271,-0.1108,-1.2441,-1.4284,-1.5728,-0.7039,0.821,1.4983,-0.1219,-1.8131,-0.3695,-1.0431,-0.8801
CMPD_10638,TRG_2038,GPCR,472.277,3.203,2,6,3,138.854,SPR,7.46,24.5,Literature,0.984,9.014,1,-2.9455,1.0357,0.1618,-0.5435,-1.0297,1.7974,0.6798,-0.8025,-0.4775,-0.5136,0.8187,-0.0467,-0.5317,-0.5127,-0.6258,-0.8163,-0.2382,-0.0837,-0.3412,-0.3727,-1.0944,-0.0263,-1.0595,0.9548
CMPD_10639,TRG_2039,GPCR,390.627,0.112,0,7,4,102.86,Functional Assay,6.3,27.4,BindingDB,0.886,6.466,0,-0.6782,0.9012,-0.5344,0.2281,-1.2483,-0.2911,-1.0978,1.2152,-0.126,0.1688,-2.0136,2.5746,-1.4248,0.0323,0.2913,-1.2303,0.2367,-1.5571,0.1187,-0.0311,0.3457,0.3587,1.3416,-0.866
CMPD_10640,TRG_2040,Kinase,393.064,4.385,1,3,6,114.346,SPR,8.1,22.0,InHouse,0.391,7.019,1,-0.7157,-0.5637,0.2883,-1.7484,0.7764,-1.8105,0.5672,-1.3914,-0.8931,-1.5755,-0.7006,0.1708,-1.1518,0.341,0.1997,0.5523,-1.9031,1.175,-0.5376,1.0162,0.2255,-0.6868,-0.6422,-1.4027
CMPD_10641,TRG_2041,GPCR,435.801,4.605,0,7,3,117.767,Binding Assay,7.4,26.4,ChEMBL,0.328,6.733,1,0.1439,0.654,1.868,-1.2258,-1.5437,-0.6194,-0.6647,0.471,-0.1966,0.6292,0.1667,-0.6863,-0.9162,-1.4558,0.3957,-0.2119,1.513,-0.3887,0.8698,-1.4645,-0.642,-0.3347,-0.5285,-0.5268
CMPD_10642,TRG_2042,Kinase,320.804,2.087,1,5,5,74.807,Binding Assay,7.66,31.0,ChEMBL,0.889,8.284,1,0.8043,1.3556,-0.303,-1.0319,-0.3604,-0.7708,1.3425,-0.6253,-1.2751,0.0539,-1.6589,-1.0639,0.4124,-0.5893,1.5184,-0.0767,2.3859,0.3654,1.1849,0.5303,0.457,-0.0731,1.2826,-1.5314
CMPD_10643,TRG_2043,GPCR,282.863,2.422,1,9,6,56.541,HTS,7.89,22.1,BindingDB,0.953,6.927,1,-0.609,0.3051,-0.8172,0.229,0.9794,-1.7527,0.5841,-0.6517,-0.0987,-0.0931,1.7303,0.3617,1.892,-1.0791,0.1887,0.6781,-0.3428,1.8959,-0.0631,-0.5202,-0.6912,-0.8178,0.9566,0.9764
CMPD_10644,TRG_2044,Kinase,266.415,-0.256,0,4,4,73.027,Functional Assay,7.78,20.3,BindingDB,0.776,8.706,1,-0.432,-1.1933,0.6046,1.2301,1.1744,0.7035,0.894,0.3716,-0.5605,0.2804,0.3311,1.5949,0.6544,-0.5346,-0.8554,0.4568,1.1369,-0.3011,-0.3838,-1.212,1.5477,-0.9915,0.8573,-1.5659
CMPD_10645,TRG_2045,Enzyme,192.691,3.426,0,3,3,98.537,Functional Assay,7.12,21.2,Literature,0.732,9.237,1,0.3346,0.8967,1.0686,-0.4808,-0.5046,0.5903,-0.974,-0.6442,0.0504,1.7098,0.0393,0.1221,0.3953,0.3033,0.7384,-0.1412,-0.3095,-0.8726,1.3176,0.0175,-0.8377,1.7207,-0.6598,0.4511
CMPD_10646,TRG_2046,IonChannel,514.497,3.53,0,4,5,179.297,Functional Assay,7.64,26.2,Literature,0.175,5.985,0,-0.1563,0.1062,0.707,-0.7415,0.0553,-0.6454,-2.0772,0.3132,0.9472,0.7894,0.3857,0.5268,0.2345,0.8815,-0.9164,1.3422,1.604,-0.2063,-0.5625,0.925,-0.2003,1.6025,-0.5065,0.4071
CMPD_10647,TRG_2047,Transporter,261.743,2.388,1,8,2,15.356,Binding Assay,6.11,30.2,Literature,0.338,8.576,1,0.0309,-0.6452,-0.486,0.0143,-2.4208,0.5402,1.0144,-1.3633,0.429,0.6371,0.971,0.1269,2.6058,-0.079,0.3898,0.5999,-0.9358,1.4156,0.5376,1.6308,0.3835,0.262,0.6259,0.1749
CMPD_10648,TRG_2048,Transporter,332.3,4.524,1,6,7,82.524,SPR,7.44,30.1,ChEMBL,0.927,4.628,0,-1.6121,1.3057,-0.6644,0.6205,-1.0483,2.3276,0.6994,0.792,-0.3792,1.876,1.1414,0.3997,0.5588,-0.1446,1.1855,-0.7952,1.6275,-0.5963,1.4718,-0.7283,-0.2826,-0.1642,0.7751,2.5798
CMPD_10649,TRG_2049,GPCR,327.855,1.899,1,3,4,72.823,Binding Assay,8.24,27.5,Literature,0.604,5.774,0,-0.0064,1.1741,-0.3566,-0.2469,0.4176,-0.8056,0.1477,-1.1374,0.3923,0.1985,-0.301,-2.0399,1.6176,1.9634,-0.9922,-0.481,-0.3053,-0.8465,0.9102,-0.1774,-1.0181,0.7592,0.0401,-0.6472
CMPD_10650,TRG_2050,Kinase,374.593,3.516,0,4,3,49.885,Functional Assay,6.78,27.6,InHouse,0.635,6.581,1,0.0944,-0.8057,0.0537,0.214,-0.0589,-0.0313,0.6358,-0.6605,-0.3863,0.9354,1.0305,-0.2229,0.3229,-1.051,1.4594,0.8328,-0.3902,-1.1428,-0.5922,1.4072,-0.0729,-0.56,0.6083,0.1327
CMPD_10651,TRG_2051,IonChannel,415.259,0.665,1,3,2,135.589,Functional Assay,7.75,26.4,ChEMBL,0.441,7.617,1,-0.6991,0.1658,0.8027,-0.3603,-1.691,-1.3426,0.8627,2.291,-1.2271,0.1671,-1.2637,0.6311,0.0386,-0.1912,-0.532,0.7064,-0.4864,-0.7554,0.1107,-0.0313,0.6633,-0.6039,-0.384,0.0342
CMPD_10652,TRG_2052,IonChannel,418.838,2.458,3,6,2,121.808,HTS,8.26,27.2,InHouse,0.655,8.139,1,-1.9175,0.0377,-0.6097,-0.1482,0.6926,-0.8711,-0.6075,1.3714,-0.4184,0.1342,-1.0595,-0.7254,-0.2477,-0.5468,-0.4353,0.2248,-0.2901,0.2817,-0.103,-0.8468,1.4649,-2.1432,1.0402,0.2902
CMPD_10653,TRG_2053,Transporter,303.354,2.186,1,7,2,171.924,Functional Assay,7.61,25.9,ChEMBL,0.972,4.559,0,-1.3709,0.1093,-0.3874,-0.3438,-0.7133,0.8381,-1.4215,-0.0461,0.4806,-1.237,-0.0841,0.1386,-0.0878,0.2127,0.1286,0.4329,0.7458,-1.3783,1.1312,-1.1921,-3.1635,-0.2151,-0.547,0.3276
CMPD_10654,TRG_2054,GPCR,336.63,2.906,0,6,0,87.628,Binding Assay,7.82,22.6,ChEMBL,0.833,5.947,0,1.3741,-0.0859,-0.3972,0.5582,-0.83,0.7335,0.5088,1.8865,-0.9352,-0.4263,0.1022,1.0479,1.893,0.2952,-0.1344,-1.7284,-0.9389,2.3222,-2.0287,0.1654,-0.3146,-1.0825,1.2653,-1.3963
CMPD_10655,TRG_2055,Kinase,372.606,1.835,1,6,5,80.735,Functional Assay,6.26,30.1,InHouse,0.752,7.045,1,0.515,-0.8386,0.5948,0.2267,-0.8088,2.1585,0.8282,-0.4659,0.9093,0.4021,-1.5085,2.2225,-1.5524,2.2972,0.4199,0.0521,-1.0075,0.7063,1.412,-2.1918,-0.7398,-1.0379,-1.9849,-0.7235
CMPD_10656,TRG_2056,GPCR,330.105,2.263,1,5,4,64.114,Binding Assay,6.64,29.0,BindingDB,0.317,4.816,0,-1.2042,1.487,-1.1105,-0.7297,-0.9123,0.1619,-1.1602,1.4829,0.2495,-0.073,0.2529,-0.0053,0.0133,-0.1074,0.9964,-0.6327,0.6272,-0.2991,1.1974,0.8191,0.4017,0.3719,0.3653,1.8144
CMPD_10657,TRG_2057,GPCR,478.588,3.987,2,7,1,125.513,Binding Assay,8.06,22.7,ChEMBL,0.836,5.599,0,-1.001,-0.4669,-1.6808,1.0828,-0.5735,0.4056,0.5226,-1.1154,-0.0722,-0.1903,-1.1724,0.1534,-0.9311,0.4667,-0.2648,0.1611,-1.4226,-0.1594,-0.0507,-0.499,-1.7197,0.2055,-0.6936,0.8115
CMPD_10658,TRG_2058,IonChannel,389.278,1.714,2,4,3,140.396,Binding Assay,7.78,26.9,BindingDB,0.74,5.517,0,-0.1762,0.9158,-0.8961,1.0012,0.6502,-0.9786,0.8356,1.0067,1.9096,2.3281,0.2711,-0.4667,0.7545,2.3692,0.5143,-0.3833,-1.154,-1.336,2.963,0.9437,0.7398,0.7692,0.6635,-0.2935
CMPD_10659,TRG_2059,IonChannel,408.79,-0.392,0,4,9,150.832,Functional Assay,7.5,29.4,Literature,0.673,5.535,0,-0.4933,-0.3579,-0.8791,0.0253,-0.0545,-0.1076,-2.3374,-0.6737,0.4333,0.4607,0.0181,1.3093,1.6611,-0.0433,0.5311,-0.5755,-0.3762,0.8687,0.0522,-0.9298,-0.0685,0.0035,-0.5212,0.3564
CMPD_10660,TRG_2060,GPCR,403.031,5.649,1,4,3,237.955,Binding Assay,7.04,26.3,BindingDB,0.477,5.366,0,0.961,-0.658,-0.8846,0.2413,0.1703,-0.2233,0.9721,2.4722,-0.8909,-1.6353,-0.1622,1.1877,0.0907,0.1513,-0.0795,-1.0596,0.4949,-1.1444,-0.324,0.5189,0.0983,-2.2406,0.0145,1.289
CMPD_10661,TRG_2061,Enzyme,443.878,4.987,2,6,5,84.9,Functional Assay,7.37,24.4,ChEMBL,0.513,4.889,0,-0.0901,-0.0913,0.1854,-0.247,-1.5377,0.6418,-1.7987,-0.8675,3.0064,-0.9559,-0.0811,-2.2647,0.5335,1.9832,0.5575,-0.7217,-0.7541,0.3255,-0.1497,0.8238,-0.0501,-0.554,-0.0345,-0.9881
CMPD_10662,TRG_2062,IonChannel,364.482,0.174,2,3,7,112.794,HTS,8.24,29.3,ChEMBL,0.074,3.243,0,-1.1739,0.6561,-0.326,0.7378,-0.4731,0.0557,-0.1646,1.2803,0.1064,-1.278,0.956,0.2906,0.5334,1.2155,0.1747,0.4628,1.014,1.4165,-1.2379,-0.1925,1.4871,0.7938,0.0809,-0.0217
CMPD_10663,TRG_2063,Kinase,246.253,3.741,1,6,6,46.505,SPR,7.14,25.8,ChEMBL,0.021,4.738,0,0.5281,0.5539,1.2306,-1.5933,0.9883,0.2011,0.1975,-0.2268,-1.0041,1.5026,-1.2301,0.335,-0.4469,-0.3083,-0.1343,-2.4505,-1.4263,-2.2189,-0.1916,0.0843,-0.7062,0.3436,-1.4762,0.3042
CMPD_10664,TRG_2064,Kinase,381.975,1.595,4,5,4,128.613,Binding Assay,7.62,23.1,Literature,0.988,7.188,1,-0.2585,-0.8872,-1.4182,0.5311,0.2198,0.652,0.7047,0.7028,-0.0991,1.8316,-1.2689,1.6466,-1.1362,0.8542,0.1413,1.2493,1.2127,-0.762,0.8383,1.359,2.8387,-0.5251,-0.4361,0.1234
CMPD_10665,TRG_2065,Kinase,297.891,2.974,2,4,4,144.694,Binding Assay,7.6,21.5,Literature,0.519,4.239,0,0.3552,1.2953,-0.2203,0.2195,-0.3068,-0.4048,-1.9607,0.7054,-0.199,-1.0363,0.8566,-0.6566,-1.2843,0.2279,1.4211,0.2812,1.3595,0.0092,-0.9622,-0.2326,0.0063,-1.2591,0.7761,-0.4714
CMPD_10666,TRG_2066,Kinase,307.711,3.03,4,4,6,126.798,Functional Assay,6.8,16.2,BindingDB,0.683,8.701,1,0.1904,-0.7427,0.2899,-0.3559,-4.1381,0.908,0.0317,-1.4033,0.6287,2.0427,-1.448,0.1061,-1.503,0.7008,0.1592,0.0111,-0.0296,-0.3617,-0.2729,0.8166,-0.3166,0.7403,0.7414,-0.4858
CMPD_10667,TRG_2067,Kinase,396.909,2.078,2,4,3,70.769,HTS,6.85,30.9,BindingDB,0.52,6.486,0,0.4566,1.3446,0.4054,-1.3959,-0.3063,-0.5709,-0.6853,0.1245,0.2535,-1.5091,-0.2543,-0.7184,-1.5923,-0.1745,1.6423,-0.3841,-0.2487,-0.5854,0.7715,0.8982,-1.2748,-0.8355,1.0,-0.7511
CMPD_10668,TRG_2068,Kinase,449.063,1.089,1,4,2,162.105,Binding Assay,8.12,22.5,Literature,0.764,7.138,1,0.4748,-0.3462,0.4997,0.1115,0.6688,-0.4528,-0.2284,1.2184,-0.6194,-1.7765,0.0835,-0.1056,-0.2081,1.3369,-0.718,-1.0851,0.1293,-1.1345,-0.6921,1.2643,0.1198,-0.6654,-0.5458,0.6953
CMPD_10669,TRG_2069,GPCR,351.702,1.257,2,4,4,20.976,SPR,7.54,27.9,BindingDB,0.852,6.367,0,0.0956,0.8718,-0.4999,-0.4189,0.6648,0.2392,2.0679,0.1653,-0.5281,0.7032,0.147,0.3257,1.3438,0.7816,0.4211,0.9665,0.5182,-0.5815,1.0879,-1.4588,-0.3004,0.0137,0.2818,0.4736
CMPD_10670,TRG_2070,Kinase,374.707,0.851,1,5,0,17.215,Functional Assay,6.79,22.2,InHouse,0.912,4.471,0,0.9143,0.9204,0.1801,0.6114,-0.3161,-0.271,-1.2205,0.0492,0.5852,0.4533,-0.6016,0.5233,1.6447,-0.2691,0.524,-0.1439,-0.4097,1.7304,-2.0691,-0.6144,-1.5309,0.2715,-0.4815,1.5969
CMPD_10671,TRG_2071,Enzyme,486.177,1.003,2,5,5,135.891,Functional Assay,7.01,25.5,ChEMBL,0.714,4.921,0,0.6946,1.2176,1.0656,-1.0955,0.548,0.9686,1.1713,0.3072,-1.1399,-0.2938,-0.6444,0.418,-0.3751,0.3751,-0.1313,0.9742,-1.6959,-0.105,-0.0568,-0.6079,1.3121,-0.7879,-1.93,-0.8749
CMPD_10672,TRG_2072,Kinase,369.26,2.379,0,3,3,135.205,HTS,6.61,26.3,ChEMBL,0.259,3.177,0,-0.1765,1.8667,1.0728,0.2732,1.9677,0.2005,0.0774,-1.921,-0.261,0.6697,0.9563,-1.5273,0.2895,1.1246,-1.336,0.9627,0.8964,-0.45,-0.281,-1.0679,-0.1504,0.7211,2.4861,1.9311
CMPD_10673,TRG_2073,IonChannel,558.135,1.212,2,5,5,181.368,SPR,7.84,21.3,Literature,0.321,7.56,1,0.189,0.9225,0.9825,0.8318,0.4825,-0.3798,-1.4493,0.338,-0.8822,-0.6145,1.7868,0.0345,0.5663,0.3718,1.4406,0.2211,-0.1038,-0.2074,1.5114,0.6148,-0.2057,1.004,-0.0267,0.3453
CMPD_10674,TRG_2074,GPCR,395.241,3.728,3,2,4,194.804,HTS,7.05,27.9,Literature,0.347,5.914,0,0.1829,-0.4478,0.6903,0.4145,2.0278,1.893,-0.5847,1.4318,1.7346,-0.1639,0.1105,-1.1002,0.8303,1.5346,-0.018,-1.0072,1.2521,-0.6798,-0.1849,-0.8296,1.3004,-2.4387,0.2782,-2.1581
CMPD_10675,TRG_2075,Enzyme,209.139,5.177,2,4,1,67.115,Binding Assay,7.06,24.4,Literature,0.958,6.729,1,-0.4225,-1.7096,0.0657,-2.0749,0.1897,0.9499,-1.075,-2.0941,-0.0733,-1.1688,-0.9809,-0.1682,0.6315,0.1823,-1.2322,0.8744,-0.1005,-0.5209,0.0502,0.1537,0.1651,0.7595,-1.9893,-0.5249
CMPD_10676,TRG_2076,Kinase,410.267,1.456,1,4,9,118.806,Functional Assay,7.7,26.7,Literature,0.106,6.48,0,-0.4953,0.4245,-0.3517,-0.2205,-0.937,-1.5119,-0.1463,-0.2934,-0.689,1.3359,-0.5402,-0.7148,-0.7497,0.2988,-1.2452,-0.1819,0.4215,2.3055,1.4672,0.4656,-0.0586,0.1482,0.0474,0.4833
CMPD_10677,TRG_2077,GPCR,380.493,2.931,1,3,4,160.356,Functional Assay,6.19,29.4,InHouse,0.699,5.371,0,1.0422,0.0363,1.1148,1.5824,-0.7822,-0.7854,-0.0407,0.3687,-1.237,-1.011,-1.3668,0.4288,1.3789,0.3159,-0.8102,2.0752,1.5592,1.2084,0.1084,0.3241,-0.7462,0.6061,2.5749,1.3197
CMPD_10678,TRG_2078,Enzyme,453.18,3.399,0,4,2,120.989,Binding Assay,7.18,27.2,InHouse,0.705,8.017,1,-0.1959,1.1727,-1.5807,0.3861,1.2454,-0.7441,0.2032,-0.3745,1.2774,2.1336,-0.1734,-0.2676,-0.3616,-1.5451,-0.5764,0.4464,-0.5259,0.9912,1.5785,-1.578,0.2113,0.1233,-0.5871,-0.3375
CMPD_10679,TRG_2079,Enzyme,403.855,3.35,0,10,6,136.706,Functional Assay,7.19,24.7,InHouse,0.153,5.681,0,0.7647,-1.4359,0.3062,1.1586,-1.4578,-0.2789,0.5157,1.5397,-1.264,0.4209,-0.2265,-1.0186,0.8038,-1.4721,0.4435,-0.4578,-1.0163,-0.8732,0.583,0.3013,-0.3599,-1.9158,0.524,-0.4067
CMPD_10680,TRG_2080,Enzyme,338.924,2.637,0,4,5,119.636,Binding Assay,7.03,30.8,BindingDB,0.33,6.251,0,-0.7274,-1.5976,-1.4218,1.7547,0.4301,1.1914,-0.815,0.2377,0.3547,-0.9843,0.9382,-0.5269,0.9875,-0.1432,-0.1371,0.5468,-1.015,0.4986,-0.3761,1.8448,-0.5103,0.1158,-1.494,0.6273
CMPD_10681,TRG_2081,GPCR,252.056,3.837,1,3,6,36.746,Binding Assay,6.87,24.9,ChEMBL,0.751,9.006,1,0.6067,-0.1595,-0.2786,-0.0757,0.7478,0.6803,-1.0398,-1.6024,-0.5082,1.3704,-2.4999,-0.8544,0.3069,0.3728,-2.1358,-0.4714,1.2186,0.8112,-1.2313,2.0023,0.7961,-0.0686,0.5935,-0.88
CMPD_10682,TRG_2082,Kinase,333.278,3.368,3,7,6,115.482,Binding Assay,6.77,25.3,ChEMBL,0.463,6.885,1,-0.346,1.0804,-1.2124,1.1325,0.1372,0.3711,-1.0445,-0.0812,-1.2457,-0.595,0.1093,-0.9233,0.3252,-1.0242,-1.1473,0.6749,-0.8709,1.6674,-0.4447,-0.5698,0.2481,-0.5644,0.4389,1.5715
CMPD_10683,TRG_2083,Transporter,281.958,0.272,3,6,5,171.989,SPR,7.37,24.5,Literature,0.752,3.724,0,1.4924,0.0405,1.4603,-1.2004,-1.1795,-0.0617,0.8017,0.256,-2.0683,0.9729,1.2382,0.6679,1.2857,1.3099,0.6755,1.6384,-2.2975,0.8171,-0.1381,-0.1895,0.3055,0.7122,2.1833,-1.1782
CMPD_10684,TRG_2084,Enzyme,303.558,4.064,2,5,2,136.533,HTS,6.59,21.3,ChEMBL,0.444,8.075,1,0.0965,2.6521,0.5474,-1.987,0.6261,0.3286,-0.6336,-0.3705,0.2839,-1.5194,2.9169,-0.2483,-1.7797,-1.139,2.1659,-0.4497,-0.6123,0.0855,0.0994,1.133,0.6335,-0.427,0.642,-0.6331
CMPD_10685,TRG_2085,IonChannel,397.086,4.097,1,3,2,85.554,Functional Assay,7.3,21.0,Literature,0.931,5.538,0,0.2056,-0.8717,-0.9328,1.0189,-0.6144,0.9325,0.2749,1.1411,-0.665,-1.2191,0.7949,0.1326,-0.5329,1.0518,-1.8196,0.3485,0.1333,1.1681,-0.4703,0.5841,0.6111,0.7531,0.8308,0.1465
CMPD_10686,TRG_2086,IonChannel,483.592,1.126,1,7,4,238.624,Functional Assay,6.87,23.3,ChEMBL,0.879,4.852,0,0.1464,-0.1721,1.5262,1.1199,1.1328,0.4036,-0.1927,0.779,-0.1751,0.9088,-0.6059,0.0248,1.9804,0.7448,0.7522,-0.9775,0.4143,-0.4488,-1.7182,0.6692,-1.4433,-0.2033,-0.7066,-0.4903
CMPD_10687,TRG_2087,GPCR,381.574,2.568,1,2,4,142.043,Binding Assay,6.91,22.0,ChEMBL,0.75,4.119,0,0.3315,1.0822,0.047,1.1607,-0.5852,0.9004,1.4107,0.6086,0.2034,1.4382,-2.2574,-0.0339,-1.195,-0.892,0.9829,0.6692,0.8785,0.8709,-0.3431,-0.8875,0.6413,-2.3096,0.3608,-1.0074
CMPD_10688,TRG_2088,Transporter,254.329,3.73,1,5,8,93.269,HTS,7.32,24.2,ChEMBL,0.754,6.763,1,-0.9727,-0.4874,-0.1166,-1.1673,0.3902,1.1406,-0.8099,-0.9636,1.4989,-1.4191,-0.7936,-0.4074,-1.7156,-1.732,1.5635,1.2008,2.3687,1.8906,0.8021,-0.1013,0.5706,-1.0097,0.5668,0.1483
CMPD_10689,TRG_2089,Kinase,385.568,2.123,2,4,3,111.782,Functional Assay,6.9,27.5,ChEMBL,0.299,5.072,0,0.918,-0.4867,0.3995,0.2606,1.0206,0.31,0.7619,0.3589,-0.3674,-0.0022,1.0165,-1.1227,0.8034,-0.4596,-2.5444,0.715,0.7337,0.5787,0.676,-1.8452,-0.4541,-0.0291,0.1773,-0.8412
CMPD_10690,TRG_2090,GPCR,445.731,4.431,1,3,2,161.027,SPR,7.96,23.8,ChEMBL,0.489,5.268,0,-2.0075,1.7755,1.2472,-1.0418,-0.2626,0.0254,-0.9821,1.2459,-0.4849,0.8235,0.3909,-0.1573,-0.6075,1.1844,0.006,0.0613,-0.445,0.2983,1.5989,0.6209,-0.2473,-0.0724,-0.9281,0.023
CMPD_10691,TRG_2091,GPCR,301.217,6.755,2,3,0,94.837,SPR,7.12,25.7,ChEMBL,0.797,5.287,0,-0.7058,0.7841,0.1575,-0.3198,1.6053,1.7912,0.3761,0.8102,1.2572,1.3854,1.6252,-0.004,-0.475,-0.395,1.6223,0.0881,0.7088,0.4272,-2.1847,1.2227,3.1975,1.252,-0.2547,-0.1377
CMPD_10692,TRG_2092,IonChannel,339.279,1.085,1,5,5,102.569,Binding Assay,7.83,23.5,InHouse,0.682,6.394,0,-0.1083,-0.0977,-0.2484,0.4295,0.3435,-0.844,0.3786,0.2915,-0.4496,-0.0242,0.7629,-0.6411,-0.2301,1.3684,-0.0539,-0.8315,-0.0497,-1.7469,0.1851,-0.3982,-1.4811,-0.1539,0.4163,-1.0516
CMPD_10693,TRG_2093,Kinase,351.175,0.014,2,3,3,100.028,Functional Assay,6.74,32.6,ChEMBL,0.201,6.492,0,-1.2224,-0.7325,0.4796,1.7925,-1.3859,-1.3098,-0.3707,-1.7693,0.0915,-1.8118,-0.4667,0.6684,-1.1922,-1.0256,-0.4716,0.3625,-0.1951,-1.7698,-1.2275,0.7713,-0.5852,0.7022,0.4824,-1.4098
CMPD_10694,TRG_2094,Kinase,287.208,3.047,0,7,3,125.113,HTS,6.73,29.5,ChEMBL,0.553,7.213,1,-0.3675,0.7331,-0.2768,-0.441,-0.2749,-1.1931,0.8365,0.3231,-0.4546,-1.5765,-0.6864,-0.957,-0.8724,0.2078,-1.5419,0.6609,-0.4993,-0.8766,-1.7704,-0.1852,0.4124,1.1203,0.7907,-1.6741
CMPD_10695,TRG_2095,IonChannel,401.862,3.799,0,4,1,155.076,Binding Assay,6.2,24.3,ChEMBL,0.938,6.808,1,-0.5111,3.0784,-0.7627,0.2328,0.2982,2.0334,-0.4213,2.857,1.5568,-0.2119,0.1466,-1.4258,-1.3401,2.017,-0.7776,0.4479,0.4752,0.8704,-1.7012,0.2203,-1.1153,0.4052,-0.9655,-0.1046
CMPD_10696,TRG_2096,GPCR,340.324,2.084,0,5,3,96.121,Functional Assay,6.9,25.8,InHouse,0.588,7.146,1,0.6062,0.1858,-0.1594,-0.4505,0.2195,0.902,1.3848,-0.5284,-1.1334,0.8113,-0.4448,0.4825,0.2441,-1.3003,1.0007,0.2651,0.315,-0.6751,1.0149,0.6322,-0.4237,-0.595,-1.7288,-1.368
CMPD_10697,TRG_2097,IonChannel,383.563,5.116,1,5,4,54.309,HTS,7.06,21.0,BindingDB,0.387,7.32,1,2.1499,-1.0048,-0.8899,-2.5205,-0.8512,0.4075,-0.1683,0.5727,-2.2998,-0.8118,0.1923,3.0361,-2.1149,-0.0389,0.5647,-1.1593,0.7201,-1.3682,0.5228,0.1883,0.323,-0.5993,0.1257,0.9807
CMPD_10698,TRG_2098,Kinase,279.001,0.091,2,6,3,85.143,Binding Assay,7.25,24.4,BindingDB,0.846,8.349,1,0.2983,-1.289,-0.3913,1.4117,-0.7796,-0.0915,0.6596,-1.8249,-1.0746,-0.194,0.5792,-1.1647,2.1236,-0.7106,-0.0624,-0.4161,0.452,0.6371,0.107,-0.4891,0.6574,0.9636,-0.1652,1.8611
CMPD_10699,TRG_2099,GPCR,315.003,3.747,4,5,0,65.786,HTS,7.62,23.2,ChEMBL,0.606,8.857,1,0.2753,-1.0944,0.2046,0.9174,-0.285,0.7296,0.5209,0.0543,-0.1638,-0.461,-1.4396,-0.4032,-0.7262,-0.0798,1.1996,-0.762,0.3465,1.882,-0.8517,0.2874,-0.6408,0.6192,-0.3347,0.7032
CMPD_10700,TRG_2000,IonChannel,407.791,1.409,0,5,1,103.394,HTS,7.57,27.2,ChEMBL,0.804,7.697,1,1.0261,-1.4689,0.0037,-0.3415,-0.4948,0.8374,-0.2153,0.7838,0.229,-0.1989,0.6367,-0.135,1.0618,0.0445,-0.1691,0.0316,0.1678,-1.724,0.5823,0.1698,-1.7235,1.3685,-1.0194,-1.5513
CMPD_10701,TRG_2001,Kinase,320.173,5.595,1,3,5,91.058,SPR,7.88,22.2,InHouse,0.514,5.382,0,0.9075,0.6288,-0.4842,-1.3926,-0.0259,-0.8614,-1.0906,-0.5839,1.6026,-0.6045,0.034,-0.1831,-0.8999,-1.726,-1.1032,-0.8872,2.4599,-0.1046,0.3039,0.5047,1.4363,-0.417,-2.0595,1.4643
CMPD_10702,TRG_2002,GPCR,488.157,6.087,1,8,3,104.034,Binding Assay,6.67,30.0,InHouse,0.841,6.059,0,0.4147,-0.0453,-0.718,-1.2174,-0.5053,-1.2331,-0.3954,-0.4707,0.1667,-0.1302,0.6802,0.7561,0.7555,-0.6833,0.8483,-0.6251,-0.7038,0.0054,0.6599,0.5678,0.6013,1.0836,-1.4078,0.3546
CMPD_10703,TRG_2003,Kinase,318.029,1.12,2,3,1,30.997,Binding Assay,7.22,24.8,ChEMBL,0.565,7.111,1,0.7138,1.1441,0.2621,-1.4403,1.7741,-1.6994,0.9759,-1.8965,0.8913,0.2123,-1.4874,-1.4918,0.1554,-0.3916,2.1188,0.0432,-1.3559,-1.0893,-0.0694,0.4214,-0.8251,-0.893,-1.1311,0.9352
CMPD_10704,TRG_2004,Kinase,367.975,1.511,1,2,8,122.071,Binding Assay,6.6,22.4,BindingDB,0.422,7.769,1,-0.239,0.9808,-1.0141,1.4931,1.7744,-0.1167,-0.4677,-0.661,-0.8745,0.525,-0.0781,-3.1634,0.3816,-1.4449,0.8637,1.3046,-0.6149,0.8191,-0.2503,0.3985,1.7666,1.928,1.4875,-1.2206
CMPD_10705,TRG_2005,Enzyme,424.607,4.047,4,8,8,128.455,SPR,7.45,25.1,ChEMBL,0.616,6.64,1,-1.1202,-1.2745,0.1472,-0.4413,1.2984,0.7003,1.0095,-1.3375,0.8552,-0.8052,1.4662,0.5274,0.4372,-0.5216,-0.5977,0.3412,-0.5323,0.3665,-0.5272,0.1136,-1.1169,0.3469,2.2416,1.0319
CMPD_10706,TRG_2006,GPCR,236.531,1.803,0,3,1,70.503,SPR,8.28,27.2,ChEMBL,0.881,7.875,1,-0.2208,-0.6478,0.9069,-0.7048,0.0548,1.3896,1.9565,-1.2474,0.6679,1.937,-1.7291,1.0748,-2.081,1.3276,0.3755,3.1972,-1.9618,-0.3891,-0.6449,-1.6488,-0.8202,-0.6332,0.7171,-0.475
CMPD_10707,TRG_2007,Enzyme,209.135,2.418,2,3,5,83.171,Functional Assay,6.48,26.6,InHouse,0.729,8.962,1,0.4226,1.5476,2.1381,1.1156,-1.0149,-0.5808,-0.1365,-0.9368,0.2469,-0.3296,-0.8307,0.0646,-1.1272,-0.4735,0.3751,0.2758,-0.4192,0.0024,-0.4722,-0.9058,-0.4481,0.5137,0.075,-0.6759
CMPD_10708,TRG_2008,GPCR,227.947,2.546,1,5,2,42.003,Binding Assay,7.61,25.5,BindingDB,0.329,5.988,0,-0.8172,0.5225,-0.3334,-0.2605,0.7299,1.084,-1.3571,1.1493,0.0972,2.0458,0.1448,-0.1905,-0.6029,-0.1569,1.9216,-0.7593,-0.621,-0.3111,-1.1019,0.6744,1.6565,-0.3574,-0.3556,0.2815
CMPD_10709,TRG_2009,Transporter,451.007,-0.955,1,5,7,148.601,Binding Assay,7.83,27.6,ChEMBL,0.806,6.235,0,-0.5358,0.296,1.2845,0.2999,0.1136,-1.2101,0.6585,-1.8475,2.0156,0.9513,0.0476,-0.8686,-0.3149,-1.459,-0.0872,-1.2846,0.5165,-0.4081,-2.8353,1.9146,-0.4251,1.0398,0.353,0.0462
CMPD_10710,TRG_2010,Transporter,305.851,2.475,0,3,1,145.252,SPR,6.66,27.4,ChEMBL,0.281,4.354,0,0.985,-0.3262,-0.8364,-0.4237,0.259,-0.047,-0.4597,-1.5376,-0.5234,-0.9415,-3.0679,-0.1579,0.0206,-0.11,1.4777,0.9764,-0.0834,-0.504,-0.1968,-1.6053,1.4011,-0.3416,0.8353,-0.289
CMPD_10711,TRG_2011,IonChannel,554.656,1.258,1,5,3,156.209,SPR,7.46,27.5,Literature,0.585,4.585,0,0.3766,-0.4078,-0.4836,0.4229,0.7235,-0.094,0.0977,-0.534,1.3454,0.4484,-1.4603,-0.6488,0.106,-0.511,-1.4539,2.7243,0.9712,0.2165,-0.5055,0.471,0.7682,-0.4313,-0.0176,-0.2479
CMPD_10712,TRG_2012,GPCR,304.86,1.612,0,5,7,167.433,HTS,6.98,24.2,InHouse,0.79,6.762,1,0.8014,0.0825,0.0394,-1.1366,-0.2084,1.4244,-0.4266,-1.2222,1.3171,0.5414,-0.3164,0.8688,-1.3908,0.9381,-1.2977,-2.1214,2.1435,1.3337,-0.4949,-0.8744,0.4972,0.7397,0.0208,1.3356
CMPD_10713,TRG_2013,GPCR,364.764,5.099,1,5,6,111.429,SPR,7.13,24.2,Literature,0.101,7.053,1,0.7238,-0.748,-0.001,-1.1324,-0.8855,-2.0329,-0.5774,0.3134,0.1534,-0.292,-2.2164,-2.0494,-0.721,-0.5959,-0.1347,0.1725,-0.1472,-0.408,-0.7392,1.5237,-0.1473,2.3648,1.8863,0.1769
CMPD_10714,TRG_2014,GPCR,473.369,0.238,1,4,2,107.915,SPR,6.96,24.4,BindingDB,0.918,6.306,0,0.1995,-1.0318,0.4816,-0.7134,0.3673,0.4934,-0.7334,-1.0023,1.1891,-0.162,-0.8046,0.379,-1.241,-1.143,0.6224,0.4371,0.8257,-0.6344,-0.4582,-0.8497,-0.2471,-2.6751,-0.1283,1.0622
CMPD_10715,TRG_2015,Enzyme,510.487,3.964,1,5,3,187.134,SPR,7.07,23.5,BindingDB,0.379,4.386,0,0.4386,0.3201,0.8256,1.5778,-0.8899,0.0029,-0.4987,-0.2824,1.7557,-0.4214,-1.9046,-1.3294,1.2735,0.0396,2.2566,0.7361,-1.57,-1.0065,-0.0428,-1.2868,-0.5447,-1.2998,0.0024,-2.0331
CMPD_10716,TRG_2016,Enzyme,514.92,1.998,3,4,4,149.974,Functional Assay,7.89,25.3,ChEMBL,0.725,6.602,1,0.8687,-0.6504,-0.1052,1.3261,0.0159,-0.3142,0.9249,-0.3542,-0.0281,-1.5722,0.1328,0.4372,0.0308,1.4239,-0.3975,1.213,1.1058,-0.0736,-1.6121,0.315,-0.6602,-1.4058,0.4947,0.8602
CMPD_10717,TRG_2017,Enzyme,446.669,1.996,1,6,3,176.103,Binding Assay,7.15,25.0,ChEMBL,0.657,6.283,0,0.6789,-0.6541,-0.3428,-0.273,-1.4086,-1.3115,2.1234,0.3747,-3.4703,2.1521,-1.3662,-0.4166,0.5193,1.8529,-0.8485,1.0725,1.2427,-0.3168,0.2651,1.2,0.3892,0.7243,-2.4649,-1.2095
CMPD_10718,TRG_2018,Kinase,431.925,3.923,1,8,4,146.111,HTS,6.84,30.0,BindingDB,0.949,6.241,0,-0.4484,-1.4977,0.2456,0.521,0.6988,-0.2216,0.025,-0.0744,-0.7563,1.3078,0.2716,-0.095,0.5846,0.7434,1.4917,-0.0053,-0.7872,0.2832,0.3617,-0.161,-0.277,1.1276,-0.4096,-0.1669
CMPD_10719,TRG_2019,Transporter,397.402,3.112,1,2,2,106.107,Functional Assay,7.24,23.5,BindingDB,0.902,5.695,0,0.7072,-0.1066,-0.5164,-0.767,1.3729,-0.0342,-0.349,0.7822,-0.6362,-0.0363,1.4379,0.2271,-0.3926,0.1582,-1.1486,-0.3351,-0.1165,-1.2599,-0.9367,0.8949,-0.0459,-0.1118,-0.144,-1.4621
CMPD_10720,TRG_2020,Enzyme,412.269,3.527,2,4,4,184.521,Binding Assay,5.93,22.0,ChEMBL,0.365,5.561,0,-2.0585,0.8796,-0.517,0.5515,1.5011,-0.8829,0.0103,0.5486,-1.4015,-0.3213,-0.1256,-1.0939,2.4205,0.0917,0.6906,1.0798,-1.4181,0.789,1.6136,-1.8494,-1.8509,0.1824,1.2044,0.1746
CMPD_10721,TRG_2021,Kinase,305.905,4.243,0,3,3,71.797,Binding Assay,6.71,26.9,InHouse,0.884,8.391,1,-0.4444,0.862,-0.7013,-0.9418,0.1649,0.5192,1.8762,0.9375,0.4761,-0.624,1.2928,0.8222,1.9777,0.0545,0.9497,-0.7301,-1.113,1.4868,-0.6184,-0.6065,-0.3696,0.9612,-0.5515,0.8483
CMPD_10722,TRG_2022,Kinase,284.544,1.904,3,3,6,0.0,Binding Assay,7.95,25.2,ChEMBL,0.788,7.466,1,-0.6162,0.5209,-0.1939,0.625,1.09,-1.3518,1.936,-0.7168,0.3433,-0.4137,0.1352,-1.883,-0.6098,1.3842,0.8253,-0.0201,-1.1244,-0.4167,1.1887,-3.0397,-0.8569,-1.0225,-0.6083,2.0862
CMPD_10723,TRG_2023,Transporter,349.73,1.398,1,6,7,140.142,Functional Assay,7.11,22.9,ChEMBL,0.869,6.227,0,1.5298,-2.8492,-1.9356,1.0946,1.0473,-0.2177,0.4074,-1.3105,0.6156,0.7061,-0.2118,0.228,1.4156,-0.6532,-0.1341,-0.8292,-1.0453,-0.4333,-1.1296,0.4379,-1.4751,-0.0159,-0.1885,1.0018
CMPD_10724,TRG_2024,IonChannel,336.385,0.547,0,2,3,114.913,Binding Assay,6.91,27.3,ChEMBL,0.247,5.44,0,0.2192,0.208,-0.2178,1.3603,1.2039,0.9927,0.8092,0.5743,-0.181,-2.3374,1.263,1.3195,1.4392,-0.2336,0.0106,0.9097,0.7672,-1.0187,-0.9583,-1.1857,0.1742,-0.1056,-0.5016,0.0172
CMPD_10725,TRG_2025,Enzyme,313.742,1.014,0,4,4,145.471,Binding Assay,7.3,24.2,BindingDB,0.714,8.703,1,0.8675,-0.3177,0.8198,0.7331,0.9232,-0.2578,-2.1925,-0.7377,1.0913,-1.0971,0.6014,-1.0763,1.004,-0.1756,-0.2394,1.5237,0.6283,-1.0816,0.242,-0.2039,0.1944,-0.0132,-0.4721,-1.4102
CMPD_10726,TRG_2026,Kinase,405.711,7.808,1,4,2,86.446,Functional Assay,7.64,29.6,Literature,0.936,6.165,0,-1.0501,1.0414,0.1592,0.2537,0.9764,1.6498,1.0988,-0.4515,-1.2565,-0.9154,1.0988,-1.0847,2.0562,0.0027,0.2987,0.4093,0.7254,0.0502,2.1066,-0.356,0.3285,-0.0977,-1.789,-0.1714
CMPD_10727,TRG_2027,Transporter,426.424,4.74,0,4,2,118.041,Binding Assay,8.0,22.1,ChEMBL,0.913,5.835,0,0.8552,1.0508,-0.7579,-0.1382,-1.3548,1.0079,-0.4564,0.6878,-0.5055,-1.2301,-1.1324,0.2018,0.0231,0.2871,-0.3392,0.1291,-0.2832,1.3272,0.3682,-0.1709,0.1958,-0.4625,-0.4566,0.245
CMPD_10728,TRG_2028,Kinase,357.073,0.068,2,11,4,92.72,SPR,6.93,23.3,BindingDB,0.694,7.701,1,1.5909,-1.0736,1.6459,0.6701,-1.3646,-0.8664,0.5775,-0.5607,-1.1196,-1.461,-0.4408,-0.8802,-0.3732,-0.1943,1.6199,0.0751,-1.3733,1.1414,-0.7624,-1.3461,0.4441,1.4284,0.7824,0.1527
CMPD_10729,TRG_2029,Kinase,468.202,0.12,1,4,1,177.811,Functional Assay,6.94,25.4,BindingDB,0.966,6.618,1,0.6293,-0.6581,-0.2844,0.2621,-1.2127,-0.088,-0.7545,-2.6961,0.5078,-0.5303,2.2722,1.5193,0.0447,1.7761,-1.4245,-1.035,-0.342,-0.6659,0.4635,0.8649,-0.2017,0.3295,-0.6796,2.0915
CMPD_10730,TRG_2030,Kinase,258.665,3.367,0,6,4,103.633,Functional Assay,7.07,29.1,BindingDB,0.662,5.376,0,2.3285,-0.2608,0.0725,-0.8809,-0.2177,0.7663,1.104,-0.5159,-1.1885,0.2164,-0.1176,0.4924,1.0388,-0.3799,0.2148,0.8951,-0.6227,0.1986,0.197,0.3406,0.2171,0.0349,0.4147,1.2846
CMPD_10731,TRG_2031,Enzyme,334.507,3.485,0,2,3,108.944,Binding Assay,7.82,22.9,ChEMBL,0.762,5.227,0,-1.4008,-0.4961,-0.8694,0.1546,-0.7541,0.1753,-0.5951,0.4543,-0.7287,-0.1071,-0.4162,0.0255,0.7894,0.7632,-0.0371,0.8134,1.1934,1.0298,0.4294,-0.652,0.2827,-0.8835,-0.1115,-0.1481
CMPD_10732,TRG_2032,Transporter,292.654,3.488,1,5,11,96.646,Binding Assay,7.23,26.1,BindingDB,0.676,3.903,0,-0.2711,-0.2005,0.009,-0.2491,0.8092,0.7803,-0.1385,-1.6091,-0.2691,-1.4777,0.8414,-0.096,-0.2708,0.7671,-0.9263,-2.2838,-0.8494,-0.9932,0.1089,0.2125,0.0406,1.245,1.3533,-0.6845
CMPD_10733,TRG_2033,IonChannel,200.677,2.041,0,4,3,14.164,Binding Assay,8.5,21.5,BindingDB,0.27,6.448,0,-1.7623,0.944,0.0792,1.8996,-0.247,1.0024,-0.5319,1.3265,1.4342,-0.1231,-1.336,-0.9662,-0.511,1.2819,0.313,-0.4145,-0.1615,-0.4134,-0.5866,2.723,1.4912,0.1877,-1.1766,0.006
CMPD_10734,TRG_2034,GPCR,343.386,2.274,2,5,4,133.763,SPR,7.1,27.8,ChEMBL,0.818,4.49,0,0.6584,-0.5209,-1.5239,-0.5764,0.7984,0.8118,0.2755,-1.1564,2.1444,-1.1013,0.4429,-0.01,0.1388,-0.634,-2.0579,-1.2036,0.4651,-0.9819,-0.208,0.9754,0.5653,3.2063,1.0287,0.544
CMPD_10735,TRG_2035,Enzyme,340.26,3.09,1,5,10,133.643,SPR,8.26,23.0,InHouse,0.557,6.721,1,-0.9198,-0.2671,-0.2944,-0.3076,0.8409,-0.8154,-2.0792,-0.1262,0.2568,-0.5912,-0.8913,0.2156,0.7627,-1.0505,-0.4666,-0.767,0.189,1.8847,0.5751,-1.3221,2.4002,-0.4691,-0.8053,0.2825
CMPD_10736,TRG_2036,GPCR,471.076,2.655,1,9,5,232.967,Binding Assay,6.66,26.9,BindingDB,0.458,4.856,0,0.396,-1.0441,0.5867,0.7328,-2.6967,0.7671,0.6999,-0.7107,-0.8512,-0.9096,-0.9771,-0.1424,-1.1069,0.9299,0.5328,0.1372,-0.5546,-0.6087,1.4495,-0.3488,0.279,0.9627,0.0009,-0.8425
CMPD_10737,TRG_2037,Enzyme,400.465,-1.495,1,4,3,138.971,Functional Assay,6.37,27.0,ChEMBL,0.678,5.446,0,-0.0306,0.3203,0.4701,-1.8322,-3.1249,0.6499,0.217,-0.2547,-0.7644,0.2115,-0.3945,0.6083,-0.0806,-1.5424,1.7754,0.0847,-0.7039,0.821,1.4983,-0.1219,-1.8131,-0.3695,-1.0431,-0.8801
CMPD_10738,TRG_2038,GPCR,268.065,2.086,1,6,3,105.718,Binding Assay,7.14,19.6,Literature,0.563,6.518,1,-1.885,0.1295,0.5357,0.5384,0.2007,-0.5735,0.3871,1.3914,-2.0755,-0.1091,-0.7739,-0.2991,0.3676,0.6661,-0.8899,0.2196,-0.2382,-0.0837,-0.3412,-0.3727,-1.0944,-0.0263,-1.0595,0.9548
CMPD_10739,TRG_2039,GPCR,498.327,0.967,1,6,3,168.602,HTS,7.88,25.6,InHouse,0.885,7.098,1,0.6879,0.5094,1.3089,0.7432,1.1834,0.2469,-0.4258,-1.1503,-0.6635,-0.5555,0.1006,-0.5268,-0.4163,0.0686,-0.9804,0.561,0.2367,-1.5571,0.1187,-0.0311,0.3457,0.3587,1.3416,-0.866
CMPD_10740,TRG_2040,GPCR,447.683,2.815,5,7,3,106.437,HTS,6.91,23.5,Literature,0.628,8.065,1,-0.6789,-0.1019,0.0507,1.4253,-0.9646,0.8901,0.6553,-0.0068,-0.3551,-0.4921,1.1535,-0.3192,0.1778,-0.7811,-0.1592,0.0755,-1.9031,1.175,-0.5376,1.0162,0.2255,-0.6868,-0.6422,-1.4027
CMPD_10741,TRG_2041,GPCR,396.568,7.873,0,3,3,168.946,Functional Assay,6.83,26.5,InHouse,0.525,6.908,1,0.5802,-0.3555,-0.4081,0.3624,-0.9221,0.3566,-0.3972,-1.7002,-0.7769,-0.4069,0.1295,0.55,-1.9636,-0.4189,-0.9046,0.2862,1.513,-0.3887,0.8698,-1.4645,-0.642,-0.3347,-0.5285,-0.5268
CMPD_10742,TRG_2042,Transporter,331.881,3.161,1,3,1,97.335,Functional Assay,7.82,22.4,ChEMBL,0.755,6.996,1,-1.1656,-0.6598,1.9988,0.0382,1.0083,2.1727,-0.9989,1.8363,1.584,-0.4216,-0.3244,-0.101,-1.1969,0.7685,0.6247,0.691,2.3859,0.3654,1.1849,0.5303,0.457,-0.0731,1.2826,-1.5314
CMPD_10743,TRG_2043,IonChannel,273.245,1.936,2,6,4,74.255,SPR,7.62,23.3,ChEMBL,0.944,5.377,0,1.1183,-0.7952,-0.8909,-0.8452,1.1441,0.6103,-1.909,-0.7296,-1.8057,-1.6339,0.3902,-0.1402,-0.2841,-1.1365,0.2014,1.5,-0.3428,1.8959,-0.0631,-0.5202,-0.6912,-0.8178,0.9566,0.9764
CMPD_10744,TRG_2044,Kinase,320.223,4.159,1,3,6,90.674,SPR,6.72,28.6,InHouse,0.643,3.927,0,0.9496,0.4062,1.2553,-0.6415,-1.1337,0.9998,-0.848,-0.1268,1.4306,0.832,0.7868,0.4072,3.0162,-0.3131,-0.7395,-0.9802,1.1369,-0.3011,-0.3838,-1.212,1.5477,-0.9915,0.8573,-1.5659
CMPD_10745,TRG_2045,Enzyme,437.1,3.369,0,7,3,128.492,Functional Assay,6.69,28.4,Literature,0.895,4.195,0,0.924,0.9774,-0.1363,1.2666,-0.0702,-2.5601,0.0571,0.5886,-1.1956,-0.4984,0.1046,1.7509,0.0868,-1.08,0.0482,-1.0341,-0.3095,-0.8726,1.3176,0.0175,-0.8377,1.7207,-0.6598,0.4511
CMPD_10746,TRG_2046,GPCR,500.767,3.256,2,5,4,130.774,HTS,7.7,22.0,BindingDB,0.609,7.097,1,-2.93,-0.0233,0.2432,0.7498,-0.7182,0.3336,-1.5291,-0.3623,-0.9815,0.9526,-0.3251,0.7555,0.725,-0.5848,1.3482,-1.7304,1.604,-0.2063,-0.5625,0.925,-0.2003,1.6025,-0.5065,0.4071
CMPD_10747,TRG_2047,IonChannel,473.459,3.592,1,5,3,150.647,Functional Assay,6.22,30.4,Literature,0.386,4.88,0,-1.4064,-1.6289,0.1284,-0.3401,0.1678,0.1168,0.0149,0.7934,0.0128,-0.7367,0.6107,-0.7576,1.1172,-1.2635,-1.9059,1.5392,-0.9358,1.4156,0.5376,1.6308,0.3835,0.262,0.6259,0.1749
CMPD_10748,TRG_2048,Enzyme,310.892,6.202,1,8,4,89.403,Functional Assay,7.85,17.3,ChEMBL,0.272,8.61,1,1.3985,0.6363,0.0577,0.0576,-1.024,0.9482,-0.4419,0.9953,-0.3891,0.9319,1.3823,-1.4105,-0.8534,-0.7512,0.8471,0.7591,1.6275,-0.5963,1.4718,-0.7283,-0.2826,-0.1642,0.7751,2.5798
CMPD_10749,TRG_2049,IonChannel,260.431,0.464,1,5,4,70.861,SPR,7.62,25.6,BindingDB,0.057,7.038,1,-0.4868,-0.8362,0.95,-0.8242,0.7749,0.2075,0.45,-0.6992,-0.4256,-0.7724,-0.3318,-0.0177,-0.1689,1.2927,-0.8417,0.6927,-0.3053,-0.8465,0.9102,-0.1774,-1.0181,0.7592,0.0401,-0.6472
CMPD_10750,TRG_2050,Kinase,361.271,3.353,0,2,6,127.974,Functional Assay,5.83,21.1,Literature,0.676,7.005,1,-0.3559,0.872,0.4752,-0.4312,-0.8839,-0.0435,-1.4263,-0.8352,-0.1493,0.3568,0.2689,-0.4956,0.5722,-0.897,1.405,2.1824,-0.3902,-1.1428,-0.5922,1.4072,-0.0729,-0.56,0.6083,0.1327
CMPD_10751,TRG_2051,Enzyme,208.525,0.833,0,2,3,65.589,SPR,7.21,26.1,InHouse,0.838,7.468,1,-0.9083,-0.4054,-0.3634,0.2019,-0.4147,-0.2274,-0.5175,0.6076,0.7188,0.3435,-0.1189,-0.7173,0.6725,1.0842,-0.8375,1.4655,-0.4864,-0.7554,0.1107,-0.0313,0.6633,-0.6039,-0.384,0.0342
CMPD_10752,TRG_2052,IonChannel,375.853,3.5,2,3,6,90.591,Binding Assay,6.01,24.2,Literature,0.906,4.309,0,0.9536,0.6106,0.3358,-1.3627,1.3226,0.806,-0.4556,0.6883,-0.2671,0.2333,-0.0851,-0.2045,0.3808,0.2021,-1.4245,0.5005,-0.2901,0.2817,-0.103,-0.8468,1.4649,-2.1432,1.0402,0.2902
CMPD_10753,TRG_2053,GPCR,338.192,0.846,0,5,3,70.916,Binding Assay,6.48,21.9,InHouse,0.803,5.076,0,-0.1402,-0.7174,0.0846,-0.5623,-0.7496,1.2881,-1.1845,0.3539,-0.1498,0.1754,0.3342,1.5629,0.7524,0.7433,-0.2245,-0.8289,0.7458,-1.3783,1.1312,-1.1921,-3.1635,-0.2151,-0.547,0.3276
CMPD_10754,TRG_2054,Kinase,312.717,1.749,3,4,0,97.751,Binding Assay,6.9,22.8,BindingDB,0.85,6.063,0,1.3059,0.1552,0.6426,-0.4302,0.2418,0.5342,1.0388,0.6795,-0.0159,0.3675,1.5153,-0.0122,-0.2806,0.6844,-1.3212,0.2043,-0.9389,2.3222,-2.0287,0.1654,-0.3146,-1.0825,1.2653,-1.3963
CMPD_10755,TRG_2055,Transporter,222.424,1.969,2,7,6,36.862,Functional Assay,6.44,22.6,Literature,0.432,6.975,1,-1.0287,-0.5645,-2.5159,0.4224,-0.0593,0.1579,-0.6738,-0.4138,0.7863,-1.2994,-0.2178,1.3655,-1.3359,-1.3744,0.0174,2.1706,-1.0075,0.7063,1.412,-2.1918,-0.7398,-1.0379,-1.9849,-0.7235
CMPD_10756,TRG_2056,IonChannel,391.088,4.256,4,5,4,84.582,Functional Assay,8.5,25.2,Literature,0.693,6.6,1,1.398,-0.6512,0.6227,-0.3565,-0.3766,-0.4396,0.8151,0.6123,-0.6125,-1.5646,0.4094,1.0479,-0.6951,2.5766,0.6788,-0.8076,0.6272,-0.2991,1.1974,0.8191,0.4017,0.3719,0.3653,1.8144
CMPD_10757,TRG_2057,IonChannel,307.384,4.153,1,4,7,60.036,HTS,7.72,27.9,BindingDB,0.603,6.749,1,0.1355,-1.1208,0.0507,0.853,-2.3047,0.3664,0.6457,0.2407,1.7349,1.1977,2.0321,-1.3512,-0.8724,0.1425,1.0326,1.7955,-1.4226,-0.1594,-0.0507,-0.499,-1.7197,0.2055,-0.6936,0.8115
CMPD_10758,TRG_2058,Enzyme,256.407,0.258,3,2,4,87.121,Functional Assay,8.02,30.9,ChEMBL,0.547,4.081,0,0.4784,1.238,0.0833,-0.2014,-0.9074,0.5493,1.172,-1.9087,-1.4242,-0.5481,-1.6151,1.9913,0.4732,-1.022,0.2595,-1.2256,-1.154,-1.336,2.963,0.9437,0.7398,0.7692,0.6635,-0.2935
CMPD_10759,TRG_2059,Transporter,120.219,2.599,0,6,7,83.807,SPR,7.12,24.5,BindingDB,0.65,7.241,1,1.1124,-0.5402,-0.8333,1.2042,0.0986,-0.0878,0.2217,0.3744,0.883,1.1171,0.0148,-0.7485,0.9986,-0.2859,0.4204,-0.1939,-0.3762,0.8687,0.0522,-0.9298,-0.0685,0.0035,-0.5212,0.3564
CMPD_10760,TRG_2060,Kinase,347.799,1.223,2,6,1,118.25,Binding Assay,7.22,25.9,BindingDB,0.176,6.094,0,0.6567,-1.953,-0.7883,-0.134,0.7181,-0.5984,0.9074,0.483,-0.6374,0.2966,-0.1299,1.0352,-1.2182,-1.4338,2.1902,0.5743,0.4949,-1.1444,-0.324,0.5189,0.0983,-2.2406,0.0145,1.289
CMPD_10761,TRG_2061,GPCR,491.78,0.235,1,7,2,183.007,SPR,8.15,28.6,ChEMBL,0.948,5.676,0,0.3141,-0.4412,-0.5854,1.7646,0.709,-0.0026,0.0997,1.0407,-0.2633,-1.0677,0.4561,-0.9111,-0.8846,0.9368,-1.8771,-0.9132,-0.7541,0.3255,-0.1497,0.8238,-0.0501,-0.554,-0.0345,-0.9881
CMPD_10762,TRG_2062,Kinase,482.901,2.109,1,5,1,142.082,Functional Assay,7.46,23.7,InHouse,0.883,8.901,1,-0.8034,-0.7253,0.7784,0.3674,1.3182,0.2854,1.3841,-1.247,-0.1322,-0.4392,-0.4482,-0.8637,-0.247,-0.0847,0.6924,2.9866,1.014,1.4165,-1.2379,-0.1925,1.4871,0.7938,0.0809,-0.0217
CMPD_10763,TRG_2063,Transporter,313.432,1.945,0,5,4,99.719,Functional Assay,7.57,22.7,ChEMBL,0.284,4.441,0,0.6466,0.0639,-0.2158,-0.2246,0.3638,0.3154,0.465,0.0977,1.1243,-0.4654,1.122,-0.7042,-0.0833,0.3401,-0.8854,0.4625,-1.4263,-2.2189,-0.1916,0.0843,-0.7062,0.3436,-1.4762,0.3042
CMPD_10764,TRG_2064,Kinase,301.823,6.868,1,6,7,156.667,Binding Assay,6.65,30.8,BindingDB,0.527,7.717,1,1.1134,0.6138,0.7294,-1.2064,0.3906,0.6236,-0.1237,-0.7025,0.0525,2.1138,-0.58,0.0571,0.3926,0.5554,-0.8695,0.8988,1.2127,-0.762,0.8383,1.359,2.8387,-0.5251,-0.4361,0.1234
CMPD_10765,TRG_2065,IonChannel,387.502,3.279,0,5,2,149.399,Functional Assay,6.65,24.5,InHouse,0.944,4.595,0,2.3699,1.1495,-2.0528,-1.5549,-1.4229,-1.6285,0.7826,-0.8843,-0.9624,-0.0823,-0.5517,-0.3257,1.0587,-0.5353,0.3286,0.0956,1.3595,0.0092,-0.9622,-0.2326,0.0063,-1.2591,0.7761,-0.4714
CMPD_10766,TRG_2066,Transporter,270.129,0.02,0,4,2,118.52,Functional Assay,7.36,25.7,BindingDB,0.261,4.564,0,0.9744,0.7187,0.6675,0.1948,-1.2117,-0.5643,0.4204,-1.0298,-0.8703,-1.6891,0.1772,0.0882,0.6459,-0.4908,-0.8512,0.711,-0.0296,-0.3617,-0.2729,0.8166,-0.3166,0.7403,0.7414,-0.4858
CMPD_10767,TRG_2067,Enzyme,374.143,1.483,2,3,9,101.675,Functional Assay,7.42,20.2,InHouse,0.205,6.183,0,-0.698,0.5655,0.0231,-0.5001,-0.0841,-0.6055,0.1834,0.6007,-1.4004,0.1179,0.4439,-0.6107,1.4735,0.1754,1.3304,-1.809,-0.2487,-0.5854,0.7715,0.8982,-1.2748,-0.8355,1.0,-0.7511
CMPD_10768,TRG_2068,GPCR,411.286,4.338,0,7,4,123.175,HTS,6.6,23.4,ChEMBL,0.695,8.978,1,-0.1866,0.3409,-0.2286,-1.376,-0.7169,-0.7329,0.9611,-0.1155,-0.8643,-0.5059,-0.8747,-0.0781,-0.8725,-1.1251,3.2966,2.256,0.1293,-1.1345,-0.6921,1.2643,0.1198,-0.6654,-0.5458,0.6953
CMPD_10769,TRG_2069,Enzyme,448.155,6.259,0,8,3,150.673,HTS,7.42,30.7,Literature,0.509,6.255,0,-0.3577,1.6111,1.173,0.8236,-1.4925,-1.8412,-0.3371,-0.6043,-1.3962,-0.3011,-0.892,0.7964,1.6335,-1.9143,-0.2609,-0.4364,0.5182,-0.5815,1.0879,-1.4588,-0.3004,0.0137,0.2818,0.4736
CMPD_10770,TRG_2070,Kinase,341.988,-0.355,3,4,9,78.34,HTS,6.47,26.4,ChEMBL,0.854,6.319,0,-1.5746,0.3963,-2.0009,-0.0932,-0.4825,-0.4377,0.3579,0.0237,0.5455,1.4362,0.8847,0.2459,-0.9344,1.0507,1.4324,0.0897,-0.4097,1.7304,-2.0691,-0.6144,-1.5309,0.2715,-0.4815,1.5969
CMPD_10771,TRG_2071,Enzyme,333.706,-0.884,2,6,2,5.585,Functional Assay,7.21,24.9,ChEMBL,0.41,6.376,0,0.2066,-1.1901,0.5807,-0.5826,1.5732,-0.1004,-1.1189,1.3538,0.717,-0.7947,0.2198,0.5154,0.1771,-1.0026,1.5695,0.1354,-1.6959,-0.105,-0.0568,-0.6079,1.3121,-0.7879,-1.93,-0.8749
CMPD_10772,TRG_2072,Kinase,279.761,5.868,1,10,3,99.787,HTS,6.34,29.2,Literature,0.735,9.114,1,-0.2608,0.6435,0.4698,-1.3504,-0.9667,0.4147,0.0829,1.1001,-0.8803,0.0516,-0.5318,0.8004,-0.8505,-0.3888,1.6707,0.4831,0.8964,-0.45,-0.281,-1.0679,-0.1504,0.7211,2.4861,1.9311
CMPD_10773,TRG_2073,GPCR,283.85,3.201,4,7,3,123.61,SPR,8.0,20.1,InHouse,0.377,5.31,0,-0.8,-0.6921,1.3355,-0.8556,1.5003,-0.2588,-1.0566,0.4076,-0.1749,-1.2395,-0.7573,-0.3281,1.7475,0.1896,-2.8628,1.4208,-0.1038,-0.2074,1.5114,0.6148,-0.2057,1.004,-0.0267,0.3453
CMPD_10774,TRG_2074,Transporter,331.882,0.937,1,6,2,101.773,Binding Assay,7.01,23.8,ChEMBL,0.758,8.289,1,0.8189,-0.4416,-1.1483,0.2717,-0.5314,-0.3154,-0.1838,-1.469,-0.0609,-1.0927,3.9181,0.7645,-0.5852,-0.8032,-1.0034,-1.5562,1.2521,-0.6798,-0.1849,-0.8296,1.3004,-2.4387,0.2782,-2.1581
CMPD_10775,TRG_2075,Kinase,379.389,3.462,1,4,2,89.98,Binding Assay,6.78,31.8,Literature,0.609,7.887,1,-0.3849,-1.6322,-0.7635,0.6398,0.5297,1.2846,0.4075,-0.6403,1.1565,0.4633,0.5611,1.1374,-0.0174,0.9159,0.0093,-0.0208,-0.1005,-0.5209,0.0502,0.1537,0.1651,0.7595,-1.9893,-0.5249
CMPD_10776,TRG_2076,Kinase,423.087,-2.244,2,7,6,113.698,Binding Assay,6.51,24.9,BindingDB,0.704,8.198,1,1.3806,0.1912,1.1564,1.705,1.4405,0.5788,-0.2907,-0.9542,-0.3504,-0.3737,-0.6003,-0.2264,-1.5802,-0.0224,0.1476,1.0234,0.4215,2.3055,1.4672,0.4656,-0.0586,0.1482,0.0474,0.4833
CMPD_10777,TRG_2077,Transporter,285.746,2.506,2,5,1,4.593,Binding Assay,6.45,24.8,Literature,0.353,6.798,1,-0.5437,-0.7819,0.8164,-1.4556,0.4271,-1.2939,0.0488,0.5331,-0.3844,-0.88,-0.6238,-0.6738,0.6192,0.3656,1.0804,0.2196,1.5592,1.2084,0.1084,0.3241,-0.7462,0.6061,2.5749,1.3197
CMPD_10778,TRG_2078,Transporter,469.415,3.09,1,4,10,127.495,Binding Assay,7.46,28.5,BindingDB,0.694,7.169,1,-0.1586,0.4182,-1.1822,0.124,-1.6554,-0.0255,0.8649,0.6357,-0.5652,-0.3918,0.9237,0.9166,-0.5101,0.4404,1.182,-1.9399,-0.5259,0.9912,1.5785,-1.578,0.2113,0.1233,-0.5871,-0.3375
CMPD_10779,TRG_2079,IonChannel,328.31,4.164,1,8,4,53.89,Binding Assay,7.8,28.7,BindingDB,0.827,3.967,0,0.3397,0.9805,0.2609,0.1452,0.581,-0.5494,-1.4373,2.0786,-0.2373,-0.3216,-2.1436,1.8928,-0.2669,-0.0303,-1.4056,-0.2098,-1.0163,-0.8732,0.583,0.3013,-0.3599,-1.9158,0.524,-0.4067
CMPD_10780,TRG_2080,Transporter,348.291,0.675,3,6,4,76.502,SPR,7.74,21.1,BindingDB,0.968,6.459,0,0.9468,0.1712,0.7101,2.0765,0.1553,0.5418,1.0843,0.6442,0.351,0.2229,-1.3303,-1.3928,1.1901,2.2992,0.2305,0.0882,-1.015,0.4986,-0.3761,1.8448,-0.5103,0.1158,-1.494,0.6273
CMPD_10781,TRG_2081,IonChannel,290.223,2.654,3,3,4,40.44,Binding Assay,8.04,26.3,ChEMBL,0.142,6.496,0,-0.0297,-0.0812,-0.2314,0.3909,0.6262,0.1872,-1.2027,1.9341,-0.9836,0.7447,0.246,0.0871,2.3347,0.6446,-0.0955,0.0562,1.2186,0.8112,-1.2313,2.0023,0.7961,-0.0686,0.5935,-0.88
CMPD_10782,TRG_2082,GPCR,156.061,0.834,1,1,1,0.0,Binding Assay,8.25,30.3,BindingDB,0.428,7.399,1,0.6338,-0.7083,-1.4726,1.443,-1.2564,0.1985,0.4645,0.107,0.5475,-1.1627,-1.3195,-0.5105,-0.6737,1.843,-0.117,-2.4288,-0.8709,1.6674,-0.4447,-0.5698,0.2481,-0.5644,0.4389,1.5715
CMPD_10783,TRG_2083,GPCR,420.724,2.96,1,5,6,86.053,SPR,7.77,23.1,BindingDB,0.835,4.943,0,0.6109,0.2651,1.7519,-1.4013,0.7847,1.3171,-0.8827,-1.1591,0.5314,0.5959,0.6523,1.8787,-0.6283,-0.7535,-0.5741,-0.1622,-2.2975,0.8171,-0.1381,-0.1895,0.3055,0.7122,2.1833,-1.1782
CMPD_10784,TRG_2084,Kinase,408.948,0.888,1,2,3,147.997,SPR,6.9,23.9,ChEMBL,0.753,7.78,1,-0.3827,-1.0948,0.9885,-1.4192,-1.2177,-0.9077,0.8269,1.6983,-2.1665,-0.2445,-0.536,-1.1732,0.4646,-1.8319,1.2295,0.8556,-0.6123,0.0855,0.0994,1.133,0.6335,-0.427,0.642,-0.6331
CMPD_10785,TRG_2085,Enzyme,327.494,1.765,2,3,2,77.857,HTS,7.3,25.1,ChEMBL,0.804,7.32,1,-0.6749,-1.1351,0.8293,1.1494,0.5684,0.7704,-0.4369,-0.3756,-0.7922,-0.2873,0.8073,-1.5137,-0.7909,-0.062,-0.993,1.239,0.1333,1.1681,-0.4703,0.5841,0.6111,0.7531,0.8308,0.1465
CMPD_10786,TRG_2086,IonChannel,355.359,0.708,0,5,2,62.291,Functional Assay,5.85,27.1,ChEMBL,0.523,6.937,1,2.0316,0.7782,-1.1495,0.5005,-0.2524,-0.489,-1.2531,-0.0075,-0.0323,0.763,0.0399,0.5799,-0.2113,-1.0205,-1.3799,-0.3704,0.4143,-0.4488,-1.7182,0.6692,-1.4433,-0.2033,-0.7066,-0.4903
CMPD_10787,TRG_2087,GPCR,391.275,3.672,0,4,2,147.543,Functional Assay,7.58,20.7,Literature,0.702,6.908,1,-1.1333,0.9946,0.0965,-0.3569,0.4623,0.1864,-0.7142,0.9742,-0.6554,-1.0711,0.012,-0.7655,0.3118,-0.7911,-0.0391,1.0699,0.8785,0.8709,-0.3431,-0.8875,0.6413,-2.3096,0.3608,-1.0074
CMPD_10788,TRG_2088,GPCR,224.996,4.045,1,7,6,72.658,Binding Assay,7.29,15.7,BindingDB,0.283,7.939,1,-0.0348,-0.6304,-0.7846,0.6203,1.3403,-1.3109,0.7538,0.6301,0.4425,2.438,-0.6601,1.044,1.549,0.1549,0.4031,-0.3737,2.3687,1.8906,0.8021,-0.1013,0.5706,-1.0097,0.5668,0.1483
CMPD_10789,TRG_2089,Enzyme,307.676,2.078,1,7,10,0.0,Binding Assay,8.16,25.6,InHouse,0.76,6.032,0,-0.463,-1.5955,-0.7443,-0.3821,-1.5679,0.571,-2.0756,-0.1035,0.6236,-0.1158,0.4889,0.3317,0.3382,-0.7289,-0.4751,0.0496,0.7337,0.5787,0.676,-1.8452,-0.4541,-0.0291,0.1773,-0.8412
CMPD_10790,TRG_2090,Kinase,413.541,2.569,0,8,3,163.887,Binding Assay,6.75,28.5,Literature,0.383,8.676,1,1.7131,-0.575,1.1578,0.7408,0.6018,-1.3692,-0.1679,-0.8397,-1.9643,0.1707,-0.0987,-1.9444,1.5708,-1.3248,-0.0276,-0.3103,-0.445,0.2983,1.5989,0.6209,-0.2473,-0.0724,-0.9281,0.023
CMPD_10791,TRG_2091,IonChannel,249.657,-0.107,2,2,4,77.78,Binding Assay,7.51,24.1,BindingDB,0.826,5.355,0,-0.3015,1.1369,-1.1989,-0.6851,-0.7302,-1.3108,-1.2106,2.0979,1.7218,-1.2151,-0.7239,-0.0272,-0.7509,-0.1168,0.1191,1.4722,0.7088,0.4272,-2.1847,1.2227,3.1975,1.252,-0.2547,-0.1377
CMPD_10792,TRG_2092,IonChannel,373.485,1.961,2,5,3,142.86,HTS,6.6,23.2,Literature,0.318,4.988,0,-0.4379,1.3536,1.2416,1.7472,0.7004,0.6213,-0.7825,0.0306,0.8425,-0.0808,-0.3809,0.4376,-0.7167,-0.354,-1.3417,0.4518,-0.0497,-1.7469,0.1851,-0.3982,-1.4811,-0.1539,0.4163,-1.0516
CMPD_10793,TRG_2093,IonChannel,241.473,2.41,1,3,4,63.433,Binding Assay,7.13,24.5,ChEMBL,0.519,6.866,1,0.6941,0.1268,-1.1867,-0.432,0.2509,2.4413,0.2619,-0.711,1.2476,-0.7116,-0.6131,1.4507,-1.6541,-2.7278,0.7381,0.0009,-0.1951,-1.7698,-1.2275,0.7713,-0.5852,0.7022,0.4824,-1.4098
CMPD_10794,TRG_2094,Kinase,387.314,7.217,1,7,2,180.382,Binding Assay,6.22,29.8,ChEMBL,0.584,7.202,1,1.2716,0.5156,-0.3004,-0.304,-0.0677,0.4624,-1.0077,0.1517,-2.0845,-0.2055,-0.919,-0.1681,0.9515,-0.2372,0.7889,-0.6765,-0.4993,-0.8766,-1.7704,-0.1852,0.4124,1.1203,0.7907,-1.6741
CMPD_10795,TRG_2095,Enzyme,347.149,0.498,2,4,9,88.869,Binding Assay,8.01,23.0,BindingDB,0.444,5.795,0,0.2693,0.7606,-0.3135,-1.3876,-0.2781,-0.6355,0.1076,0.3715,-0.0823,-0.7291,1.4608,0.4981,-0.2254,-0.0692,1.7923,-0.6117,0.4752,0.8704,-1.7012,0.2203,-1.1153,0.4052,-0.9655,-0.1046
CMPD_10796,TRG_2096,Enzyme,220.789,5.136,2,3,6,0.0,SPR,7.83,26.7,BindingDB,0.179,4.281,0,0.6459,-1.7281,0.3421,-1.1208,0.4268,0.5687,0.7752,-0.2099,-0.7033,1.0543,-0.1649,0.0697,-0.3721,-0.9352,-1.1542,-0.414,0.315,-0.6751,1.0149,0.6322,-0.4237,-0.595,-1.7288,-1.368
CMPD_10797,TRG_2097,IonChannel,443.179,4.294,3,5,3,97.379,Binding Assay,6.92,21.5,Literature,0.319,7.9,1,0.8482,-1.5514,-0.5495,-0.3699,0.4397,-1.1251,0.283,0.7976,1.0617,0.423,-0.5445,0.1825,-1.1178,0.5871,0.0551,0.9335,0.7201,-1.3682,0.5228,0.1883,0.323,-0.5993,0.1257,0.9807
CMPD_10798,TRG_2098,Transporter,291.233,3.005,3,8,4,107.455,Functional Assay,7.36,21.7,BindingDB,0.744,9.218,1,0.3262,-0.8206,0.0329,-2.2315,-1.4656,0.1059,1.0358,0.665,-0.1192,-0.3129,1.2896,0.2743,-0.5935,0.6783,0.145,-0.2171,0.452,0.6371,0.107,-0.4891,0.6574,0.9636,-0.1652,1.8611
CMPD_10799,TRG_2099,Enzyme,285.18,5.666,2,2,2,91.917,Binding Assay,7.22,27.5,ChEMBL,0.522,8.741,1,-0.8491,-0.8079,-1.075,-0.1665,0.061,0.5507,-0.2436,-0.5181,-0.643,-1.1703,0.7368,0.4865,0.8515,-0.8589,1.3574,-0.6684,0.3465,1.882,-0.8517,0.2874,-0.6408,0.6192,-0.3347,0.7032
CMPD_10800,TRG_2000,Transporter,366.046,3.17,0,5,3,104.913,Binding Assay,6.83,29.9,InHouse,0.478,7.177,1,0.7577,0.8727,0.3468,-0.441,-1.4543,-0.102,0.3613,-0.7139,1.3695,0.1407,0.487,0.05,-1.1333,-0.5031,0.294,-0.5506,0.1678,-1.724,0.5823,0.1698,-1.7235,1.3685,-1.0194,-1.5513
CMPD_10801,TRG_2001,Kinase,441.891,3.2,2,5,5,93.112,Binding Assay,7.27,27.7,BindingDB,0.543,7.159,1,-0.7896,-0.6978,-0.1765,-0.9832,-1.4775,-0.2848,-0.0601,-0.6017,1.6073,-2.1717,0.2963,1.5293,-2.6303,-0.345,0.557,-0.5946,2.4599,-0.1046,0.3039,0.5047,1.4363,-0.417,-2.0595,1.4643
CMPD_10802,TRG_2002,IonChannel,268.734,2.404,1,6,2,81.357,Functional Assay,6.93,18.8,ChEMBL,0.795,8.245,1,1.226,-1.1871,0.8891,0.1939,-0.239,0.7053,-1.1677,-1.1468,-0.5093,1.9934,-0.2701,-1.2912,0.6821,-0.1738,-0.7494,0.0261,-0.7038,0.0054,0.6599,0.5678,0.6013,1.0836,-1.4078,0.3546
CMPD_10803,TRG_2003,IonChannel,354.934,4.702,1,3,4,105.905,Binding Assay,7.79,23.7,BindingDB,0.605,6.933,1,-0.0334,0.1979,0.2254,-0.0015,-0.6209,0.221,-0.5955,-0.0007,0.1007,-0.571,-0.2974,0.7709,-0.998,-0.9023,0.3905,0.8984,-1.3559,-1.0893,-0.0694,0.4214,-0.8251,-0.893,-1.1311,0.9352
CMPD_10804,TRG_2004,GPCR,384.305,4.474,2,5,2,114.306,SPR,7.07,25.7,Literature,0.56,5.415,0,-0.9039,0.0881,0.2199,-0.3664,0.6591,-0.7736,-0.8454,-0.8464,-0.7685,-1.1328,0.72,0.1608,-1.8903,0.4938,1.0622,-1.2411,-0.6149,0.8191,-0.2503,0.3985,1.7666,1.928,1.4875,-1.2206
CMPD_10805,TRG_2005,Transporter,405.448,1.374,2,6,5,143.141,Functional Assay,8.5,25.2,InHouse,0.936,6.145,0,0.6424,0.1295,0.0798,0.5304,1.5135,0.5201,0.2654,-1.509,0.6981,0.5428,-0.4143,1.2583,0.1334,1.924,0.833,0.3409,-0.5323,0.3665,-0.5272,0.1136,-1.1169,0.3469,2.2416,1.0319
CMPD_10806,TRG_2006,Enzyme,364.115,0.125,2,4,3,116.505,SPR,7.15,19.2,Literature,0.675,6.062,0,0.8895,0.2222,-0.6443,-0.4634,-1.2203,-0.927,-1.1834,-0.5219,1.9744,-0.7048,-0.6456,1.3539,-0.4809,-0.0644,-0.4051,1.451,-1.9618,-0.3891,-0.6449,-1.6488,-0.8202,-0.6332,0.7171,-0.475
CMPD_10807,TRG_2007,Enzyme,320.638,2.135,0,5,4,86.1,Binding Assay,7.27,21.1,ChEMBL,0.712,6.166,0,-1.8557,0.0721,0.4868,0.1402,-0.679,-1.2583,-0.8263,-0.8811,1.8082,0.5823,0.9776,0.529,-1.4265,0.352,-2.4626,-1.2102,-0.4192,0.0024,-0.4722,-0.9058,-0.4481,0.5137,0.075,-0.6759
CMPD_10808,TRG_2008,GPCR,283.793,1.06,0,4,5,45.035,Binding Assay,7.52,22.6,ChEMBL,0.798,5.032,0,-1.2801,1.0501,1.2162,-0.1414,-0.7166,1.5128,1.221,1.4567,-0.362,-0.8569,-1.2068,-1.0929,-0.8589,-0.016,-1.4017,1.3432,-0.621,-0.3111,-1.1019,0.6744,1.6565,-0.3574,-0.3556,0.2815
CMPD_10809,TRG_2009,Kinase,356.892,2.386,0,8,1,161.467,Binding Assay,7.7,24.8,BindingDB,0.691,6.621,1,0.741,0.4846,0.4236,-0.1331,-0.7734,0.0023,0.5996,-1.1995,1.6981,0.6193,0.0737,-1.1517,0.9039,-1.1873,0.1136,0.1498,0.5165,-0.4081,-2.8353,1.9146,-0.4251,1.0398,0.353,0.0462
CMPD_10810,TRG_2010,Enzyme,264.229,4.727,2,6,3,158.533,Functional Assay,7.25,19.2,InHouse,0.528,7.766,1,0.8736,-1.1565,-0.3918,-0.3602,-1.5967,-1.3564,-0.2318,0.7429,-0.5895,-0.7733,1.8352,1.1748,-1.6886,1.3832,-0.5708,-0.3288,-0.0834,-0.504,-0.1968,-1.6053,1.4011,-0.3416,0.8353,-0.289
CMPD_10811,TRG_2011,Enzyme,116.292,1.677,0,3,3,104.656,Functional Assay,7.5,26.8,ChEMBL,0.958,8.03,1,-2.5679,-0.4805,-2.7232,-1.0942,0.6195,0.0976,0.1603,-0.8213,-1.2402,1.6025,-0.364,-0.8259,0.8679,0.894,0.0086,-0.0737,0.9712,0.2165,-0.5055,0.471,0.7682,-0.4313,-0.0176,-0.2479
CMPD_10812,TRG_2012,Kinase,384.925,2.423,2,4,2,143.441,Functional Assay,7.31,24.7,ChEMBL,0.292,7.875,1,0.3248,-1.7907,-0.9109,-0.2879,-0.0295,1.0022,-0.0202,-0.2129,0.4209,0.522,0.2444,0.4891,0.9913,0.8771,0.3229,0.0856,2.1435,1.3337,-0.4949,-0.8744,0.4972,0.7397,0.0208,1.3356
CMPD_10813,TRG_2013,Enzyme,422.315,2.604,2,5,5,59.691,SPR,6.73,21.9,Literature,0.792,7.747,1,-0.5959,0.1899,0.4377,-0.4509,1.8085,-1.1992,-0.615,-0.6344,-0.1555,0.1677,2.0973,1.2247,-0.4181,0.2876,1.2857,-0.6312,-0.1472,-0.408,-0.7392,1.5237,-0.1473,2.3648,1.8863,0.1769
CMPD_10814,TRG_2014,Enzyme,160.965,4.027,2,5,2,0.0,SPR,6.57,25.6,InHouse,0.91,7.5,1,-0.3986,1.0112,-0.4094,-0.047,0.6988,0.5474,-0.8609,1.4121,1.7453,-0.1853,-0.0487,0.006,0.9514,0.0323,-0.5807,0.478,0.8257,-0.6344,-0.4582,-0.8497,-0.2471,-2.6751,-0.1283,1.0622
CMPD_10815,TRG_2015,IonChannel,269.222,-1.544,1,4,6,58.83,SPR,7.62,20.7,BindingDB,0.703,6.951,1,-0.4095,0.3634,-0.8862,-0.1436,0.6065,0.0402,0.4168,0.5714,-0.2446,-0.1304,0.2171,0.4554,0.6827,-0.3347,0.9886,-0.2625,-1.57,-1.0065,-0.0428,-1.2868,-0.5447,-1.2998,0.0024,-2.0331
CMPD_10816,TRG_2016,IonChannel,399.532,1.408,0,7,2,117.67,Binding Assay,8.11,24.8,ChEMBL,0.766,6.812,1,2.3824,-0.28,-0.6002,-2.3446,0.0891,0.1463,-0.7272,-1.8363,-0.2829,-2.0115,-0.6237,0.5574,1.4979,-0.6344,1.7688,0.7089,1.1058,-0.0736,-1.6121,0.315,-0.6602,-1.4058,0.4947,0.8602
CMPD_10817,TRG_2017,GPCR,514.6,2.88,1,6,3,150.547,Functional Assay,6.22,19.6,ChEMBL,0.247,3.986,0,-1.3017,-0.2111,-1.0505,0.6742,-1.437,-0.7758,-0.3566,-0.508,1.0337,-0.9477,-1.6426,0.6184,-0.6232,-2.0819,0.0276,0.0408,1.2427,-0.3168,0.2651,1.2,0.3892,0.7243,-2.4649,-1.2095
CMPD_10818,TRG_2018,Kinase,351.663,4.66,0,5,6,113.249,Binding Assay,6.34,20.0,ChEMBL,0.932,5.827,0,1.8702,-0.4015,-0.7394,1.8686,-0.6876,0.5924,0.3687,-0.4932,-1.8944,-2.2033,0.3428,0.8268,1.1593,2.8432,0.0695,-0.225,-0.7872,0.2832,0.3617,-0.161,-0.277,1.1276,-0.4096,-0.1669
CMPD_10819,TRG_2019,GPCR,291.76,1.615,0,7,6,31.83,Functional Assay,6.33,23.6,BindingDB,0.736,6.663,1,-0.2888,0.5833,-0.153,0.2667,-1.7685,1.822,-2.1384,-0.17,0.3928,-2.448,1.5647,-0.1418,-0.3928,-2.1951,-1.1398,-0.4068,-0.1165,-1.2599,-0.9367,0.8949,-0.0459,-0.1118,-0.144,-1.4621
CMPD_10820,TRG_2020,Enzyme,335.368,-0.878,0,3,2,164.907,Binding Assay,7.67,22.9,ChEMBL,0.652,4.534,0,1.3211,-1.7689,-1.5415,-1.8578,-0.9517,0.2623,1.7553,-1.0509,-3.279,-0.528,0.7621,-1.2883,-0.3936,-2.218,0.5105,0.4576,-1.4181,0.789,1.6136,-1.8494,-1.8509,0.1824,1.2044,0.1746
CMPD_10821,TRG_2021,Kinase,459.99,3.615,1,8,3,198.207,Binding Assay,7.72,26.2,InHouse,0.905,8.012,1,-0.4309,1.4525,-1.1977,1.3202,1.1125,0.3573,-0.5312,0.0698,1.2277,1.1298,-0.3445,-0.0184,-0.8661,-0.2612,0.5499,1.0413,-1.113,1.4868,-0.6184,-0.6065,-0.3696,0.9612,-0.5515,0.8483
CMPD_10822,TRG_2022,GPCR,298.323,1.356,1,3,3,37.043,HTS,6.61,24.9,Literature,0.597,4.772,0,0.0185,0.9797,-2.0945,-1.0209,0.4171,3.7178,1.5624,0.7488,1.2818,0.5926,-0.0515,1.0913,-2.5039,1.079,-1.0702,-1.2772,-1.1244,-0.4167,1.1887,-3.0397,-0.8569,-1.0225,-0.6083,2.0862
CMPD_10823,TRG_2023,GPCR,286.065,0.359,1,7,6,11.358,Functional Assay,8.5,31.3,ChEMBL,0.637,7.019,1,-0.4305,-0.7531,-1.0609,1.1093,-0.9491,0.2079,-0.2435,-1.3829,-0.466,0.2536,-0.8243,1.3111,-0.8143,-1.6377,-0.3216,1.587,-1.0453,-0.4333,-1.1296,0.4379,-1.4751,-0.0159,-0.1885,1.0018
CMPD_10824,TRG_2024,IonChannel,311.381,1.376,1,3,0,89.824,Binding Assay,6.97,24.2,BindingDB,0.724,9.294,1,-1.4294,2.2927,2.3033,-1.1353,-0.9119,0.9514,0.2537,-1.2609,0.8588,0.5738,1.4766,-1.2802,-0.4606,-0.027,0.0617,0.1746,0.7672,-1.0187,-0.9583,-1.1857,0.1742,-0.1056,-0.5016,0.0172
CMPD_10825,TRG_2025,Enzyme,273.734,2.168,2,5,1,132.604,Binding Assay,8.06,15.1,InHouse,0.453,5.508,0,-1.1737,0.6741,-2.9581,2.25,-1.6094,-0.2097,1.0715,0.3778,0.2029,-0.9037,0.1164,-0.0235,-2.0655,0.6981,2.2144,0.7306,0.6283,-1.0816,0.242,-0.2039,0.1944,-0.0132,-0.4721,-1.4102
CMPD_10826,TRG_2026,GPCR,359.814,1.411,1,1,7,106.657,Functional Assay,7.69,18.9,Literature,0.58,5.603,0,0.1784,-0.3364,0.8363,-1.1528,-1.5155,0.3582,-0.1401,0.3703,0.5204,0.648,0.3276,-0.4135,1.1914,-0.2549,0.1036,-1.9772,0.7254,0.0502,2.1066,-0.356,0.3285,-0.0977,-1.789,-0.1714
CMPD_10827,TRG_2027,GPCR,479.974,-1.47,3,7,6,154.39,HTS,6.63,21.4,Literature,0.921,6.02,0,1.0298,1.5231,0.6411,0.5175,0.9022,0.5372,-1.2975,-0.9842,-0.7297,-1.3072,-1.4795,0.7096,-0.0725,0.3006,-1.7667,-0.3867,-0.2832,1.3272,0.3682,-0.1709,0.1958,-0.4625,-0.4566,0.245
CMPD_10828,TRG_2028,Transporter,375.846,4.115,3,6,2,95.165,Functional Assay,6.95,35.2,ChEMBL,0.82,9.37,1,0.9077,-0.417,-0.6887,1.2962,-0.1126,-3.4661,0.4977,-1.5961,0.7154,-0.9626,-0.019,0.3197,0.2501,0.3829,-0.6612,-1.3632,-1.3733,1.1414,-0.7624,-1.3461,0.4441,1.4284,0.7824,0.1527
CMPD_10829,TRG_2029,GPCR,329.812,4.795,1,3,7,104.795,HTS,6.68,24.9,ChEMBL,0.89,8.287,1,0.12,0.8066,-0.4924,-0.9101,-1.0269,-0.5996,0.3094,-0.4254,-0.3757,-0.5604,-0.3295,0.7985,-1.665,0.7034,-0.4812,1.0166,-0.342,-0.6659,0.4635,0.8649,-0.2017,0.3295,-0.6796,2.0915
CMPD_10830,TRG_2030,Kinase,326.655,3.673,1,1,2,135.776,Binding Assay,6.39,28.3,InHouse,0.905,10.082,1,0.9531,-0.8654,0.0227,0.9177,1.0259,-0.1053,0.5653,-0.3565,0.5675,0.1378,-0.5334,-0.9213,-0.9551,0.7865,-0.4929,1.3272,-0.6227,0.1986,0.197,0.3406,0.2171,0.0349,0.4147,1.2846
CMPD_10831,TRG_2031,GPCR,224.945,0.452,1,3,7,83.968,Functional Assay,7.05,28.0,InHouse,0.805,6.7,1,-0.4812,1.5251,-0.575,-1.309,-0.1561,0.3009,-0.7872,-0.2971,-0.2819,0.9788,-0.2951,0.0023,-0.2576,0.4231,0.56,1.0745,1.1934,1.0298,0.4294,-0.652,0.2827,-0.8835,-0.1115,-0.1481
CMPD_10832,TRG_2032,Kinase,420.649,2.137,0,6,4,149.215,SPR,6.48,21.2,ChEMBL,0.62,5.449,0,-0.4985,1.6619,0.6869,0.1523,-0.452,-1.2697,0.5546,1.4418,0.3164,0.5137,0.256,0.6254,-0.0902,0.4392,0.492,-0.1706,-0.8494,-0.9932,0.1089,0.2125,0.0406,1.245,1.3533,-0.6845
CMPD_10833,TRG_2033,Kinase,343.773,2.488,2,4,2,36.603,Functional Assay,7.1,19.6,BindingDB,0.482,5.294,0,-0.6967,0.3952,0.7035,0.6124,-0.1079,0.6615,-0.5327,-0.157,0.1735,0.0306,0.2403,0.6809,0.1177,-1.323,2.0574,-1.1565,-0.1615,-0.4134,-0.5866,2.723,1.4912,0.1877,-1.1766,0.006
CMPD_10834,TRG_2034,GPCR,335.562,3.578,1,5,6,186.2,Binding Assay,8.36,26.9,InHouse,0.915,5.42,0,1.2083,0.6169,-0.277,-0.6855,-0.7641,1.6911,1.2125,1.3582,-0.1832,0.1196,1.1292,-1.5194,-0.9282,-0.2292,0.0314,-0.583,0.4651,-0.9819,-0.208,0.9754,0.5653,3.2063,1.0287,0.544
CMPD_10835,TRG_2035,GPCR,605.449,3.703,0,5,3,115.584,Functional Assay,7.62,18.3,ChEMBL,0.107,6.705,1,0.8364,-0.2612,0.4077,0.9656,-0.0867,0.4847,-2.8369,-1.049,2.0941,-0.6366,-0.3826,0.1996,-0.813,-1.112,-0.0509,-0.3914,0.189,1.8847,0.5751,-1.3221,2.4002,-0.4691,-0.8053,0.2825
CMPD_10836,TRG_2036,Enzyme,373.9,1.178,1,6,4,118.427,Functional Assay,6.87,27.9,Literature,0.387,7.795,1,0.6501,-1.3155,-0.9053,0.2657,0.3701,0.1963,-0.7999,-0.0613,-0.0581,0.3501,-0.5072,0.7314,-0.6945,-1.1504,0.9172,0.3125,-0.5546,-0.6087,1.4495,-0.3488,0.279,0.9627,0.0009,-0.8425
CMPD_10837,TRG_2037,GPCR,289.857,2.648,0,7,1,80.939,SPR,6.82,24.6,ChEMBL,0.299,5.797,0,0.8665,-0.2074,-0.7192,0.4069,0.808,1.3979,0.823,1.2837,1.7645,0.1003,2.5119,1.5722,-0.818,1.3936,-0.2001,0.8649,-0.7039,0.821,1.4983,-0.1219,-1.8131,-0.3695,-1.0431,-0.8801
CMPD_10838,TRG_2038,IonChannel,315.891,3.323,1,5,3,90.491,SPR,6.96,26.8,InHouse,0.669,6.44,0,0.0121,-1.2157,-0.0274,-0.3061,0.2664,-1.2373,1.3017,0.4041,1.2836,1.3164,1.4157,-0.0381,0.4211,0.3087,-0.1418,0.7618,-0.2382,-0.0837,-0.3412,-0.3727,-1.0944,-0.0263,-1.0595,0.9548
CMPD_10839,TRG_2039,IonChannel,441.876,5.12,1,5,4,167.356,SPR,8.44,25.9,BindingDB,0.476,5.684,0,1.2073,-2.1988,-0.0618,1.0533,-0.116,0.1826,1.5006,0.7025,-0.3231,-0.9569,-0.0459,1.0419,-0.57,0.7644,-0.0234,-1.735,0.2367,-1.5571,0.1187,-0.0311,0.3457,0.3587,1.3416,-0.866
CMPD_10840,TRG_2040,Kinase,359.062,3.768,2,3,3,79.406,Functional Assay,6.55,26.1,ChEMBL,0.773,7.281,1,0.6693,0.7756,-0.7679,-0.061,0.3175,1.1424,-0.9431,0.511,0.9097,0.0623,-0.6679,0.6799,0.0219,0.0303,-0.7302,-0.05,-1.9031,1.175,-0.5376,1.0162,0.2255,-0.6868,-0.6422,-1.4027
CMPD_10841,TRG_2041,Transporter,234.938,3.92,1,4,2,53.173,Binding Assay,7.2,25.3,InHouse,0.583,7.906,1,-1.1592,-1.3321,0.9543,0.1682,-1.1467,1.6218,-0.4639,-0.1782,-0.208,0.8522,0.9678,-0.0218,0.8639,0.8667,-0.4388,1.7885,1.513,-0.3887,0.8698,-1.4645,-0.642,-0.3347,-0.5285,-0.5268
CMPD_10842,TRG_2042,Kinase,423.538,2.651,2,7,5,81.197,Binding Assay,7.48,25.8,InHouse,0.749,7.513,1,-0.9195,1.3252,0.0234,1.4031,-0.5078,1.8123,-0.1341,1.6193,0.3691,0.0622,-0.4451,0.6703,1.2959,-1.4381,-0.0012,0.6046,2.3859,0.3654,1.1849,0.5303,0.457,-0.0731,1.2826,-1.5314
CMPD_10843,TRG_2043,Enzyme,296.548,5.039,0,2,1,133.851,SPR,7.93,25.1,Literature,0.458,8.411,1,-0.1223,-0.9182,0.4042,0.7902,-0.3523,0.4025,-0.5846,0.9106,0.6071,0.3179,1.4513,0.0205,-1.7208,1.6416,0.5972,-0.3041,-0.3428,1.8959,-0.0631,-0.5202,-0.6912,-0.8178,0.9566,0.9764
CMPD_10844,TRG_2044,Kinase,499.864,3.238,2,7,2,160.603,HTS,7.0,20.9,ChEMBL,0.662,5.633,0,-0.2235,1.3818,1.0051,-0.695,0.6284,-0.1115,0.5702,2.1086,0.3741,-0.7233,-1.5677,-0.4635,-0.0081,-1.3858,-1.3505,-1.4654,1.1369,-0.3011,-0.3838,-1.212,1.5477,-0.9915,0.8573,-1.5659
CMPD_10845,TRG_2045,GPCR,436.404,0.95,0,3,1,156.41,Binding Assay,6.62,23.8,InHouse,0.149,5.531,0,-1.3203,-0.447,-0.5399,-0.4188,0.0938,0.3675,-0.1042,-1.5335,-0.9873,0.4573,-0.1099,-0.1164,-0.2669,-0.184,-1.1024,0.8548,-0.3095,-0.8726,1.3176,0.0175,-0.8377,1.7207,-0.6598,0.4511
CMPD_10846,TRG_2046,Kinase,314.214,5.026,2,9,6,126.744,Functional Assay,7.37,31.5,BindingDB,0.78,6.668,1,0.4978,-1.2755,-0.1943,0.2167,0.7742,-0.7681,-0.7388,-0.4112,-0.5328,0.486,-1.1158,-0.1874,0.0762,-1.0396,-0.5885,-1.4295,1.604,-0.2063,-0.5625,0.925,-0.2003,1.6025,-0.5065,0.4071
CMPD_10847,TRG_2047,Enzyme,452.481,3.756,1,9,1,215.401,Binding Assay,7.99,25.9,BindingDB,0.73,3.905,0,-0.3105,-1.0114,0.7961,-0.7484,2.2321,1.2981,-1.3261,1.9942,-0.3463,0.9975,-0.3689,0.4615,-0.5061,-0.3567,2.417,1.9848,-0.9358,1.4156,0.5376,1.6308,0.3835,0.262,0.6259,0.1749
CMPD_10848,TRG_2048,IonChannel,355.428,1.703,1,2,2,179.306,Binding Assay,7.04,28.4,Literature,0.97,8.383,1,1.9651,2.0748,0.1616,0.1059,0.0058,-0.8616,1.2227,-0.5543,0.7485,1.5298,-0.4017,-0.0095,0.0608,1.1417,0.1453,0.0661,1.6275,-0.5963,1.4718,-0.7283,-0.2826,-0.1642,0.7751,2.5798
CMPD_10849,TRG_2049,IonChannel,418.222,1.637,1,7,6,138.388,Functional Assay,6.7,22.1,ChEMBL,0.659,4.704,0,-0.2733,-0.2512,-0.2572,-0.7024,-1.1539,0.0883,0.5305,-1.1929,0.3505,-0.9101,1.0388,0.2836,-0.3444,-0.9478,-1.4884,0.1504,-0.3053,-0.8465,0.9102,-0.1774,-1.0181,0.7592,0.0401,-0.6472
CMPD_10850,TRG_2050,Kinase,388.779,3.034,3,2,3,122.952,Functional Assay,7.27,22.0,ChEMBL,0.898,8.248,1,0.7465,0.3353,-1.0675,-0.2882,0.6153,-0.1652,0.2879,0.0962,1.9357,1.3575,-1.0015,-0.0325,-0.4974,-0.205,0.1489,-0.5146,-0.3902,-1.1428,-0.5922,1.4072,-0.0729,-0.56,0.6083,0.1327
CMPD_10851,TRG_2051,Transporter,282.291,3.334,0,3,2,63.402,Binding Assay,6.23,21.4,BindingDB,0.844,6.437,0,-0.9075,1.1207,1.4316,-0.9305,0.7934,0.8664,0.1093,-0.1828,2.8327,-2.4769,1.3564,0.8789,1.5315,-0.6095,0.5661,-1.3197,-0.4864,-0.7554,0.1107,-0.0313,0.6633,-0.6039,-0.384,0.0342
CMPD_10852,TRG_2052,Kinase,298.516,2.855,2,4,3,119.321,SPR,7.07,21.0,ChEMBL,0.94,7.035,1,-1.1112,0.823,-1.6782,0.7004,0.5806,0.2548,-0.675,0.5596,1.1025,1.4268,0.7028,-2.002,0.6823,-0.5209,1.0472,-0.5635,-0.2901,0.2817,-0.103,-0.8468,1.4649,-2.1432,1.0402,0.2902
CMPD_10853,TRG_2053,Enzyme,432.397,3.06,2,6,2,158.004,SPR,7.91,20.1,Literature,0.859,5.59,0,1.1386,1.2205,-0.4814,1.7162,3.0762,-0.8505,-1.7219,-0.3608,2.1464,-0.4023,-1.0136,1.0428,-1.0214,-1.022,0.9212,-1.1873,0.7458,-1.3783,1.1312,-1.1921,-3.1635,-0.2151,-0.547,0.3276
CMPD_10854,TRG_2054,Kinase,323.218,5.56,1,6,8,67.79,HTS,7.72,25.7,BindingDB,0.203,6.589,1,-0.3526,-0.2423,0.1625,-0.988,0.449,0.4459,0.7843,-0.868,0.9538,1.4404,-0.1126,0.8638,-0.7772,0.5409,-0.4314,-1.1941,-0.9389,2.3222,-2.0287,0.1654,-0.3146,-1.0825,1.2653,-1.3963
CMPD_10855,TRG_2055,Kinase,317.708,4.429,1,3,13,124.104,Binding Assay,7.11,23.9,BindingDB,0.615,6.086,0,-1.618,-0.4046,2.3482,-0.1975,-0.7995,0.051,-0.0758,0.0743,1.1226,0.7695,-0.7261,-0.0059,-0.8671,0.7812,0.6034,-0.3924,-1.0075,0.7063,1.412,-2.1918,-0.7398,-1.0379,-1.9849,-0.7235
CMPD_10856,TRG_2056,Kinase,273.59,2.843,2,3,3,122.411,Functional Assay,8.2,27.6,InHouse,0.811,6.117,0,0.2074,-1.502,-1.1287,-0.2403,-0.2934,-0.6405,0.1226,-1.0134,-0.766,-0.5436,-0.0054,0.6238,-1.1334,1.0597,0.8872,0.6629,0.6272,-0.2991,1.1974,0.8191,0.4017,0.3719,0.3653,1.8144
CMPD_10857,TRG_2057,GPCR,383.888,4.194,2,5,6,70.301,Binding Assay,8.35,24.1,BindingDB,0.181,4.202,0,-1.2652,0.338,1.6958,-0.0611,-0.899,-0.9509,0.6726,-0.8824,0.3194,0.9477,-1.1155,0.6052,0.6733,0.1695,-0.4499,-0.4941,-1.4226,-0.1594,-0.0507,-0.499,-1.7197,0.2055,-0.6936,0.8115
CMPD_10858,TRG_2058,IonChannel,515.002,0.641,1,7,0,162.097,Binding Assay,7.6,17.8,BindingDB,0.564,5.442,0,0.3705,0.2825,0.8098,0.2444,0.1348,1.2471,-0.1158,0.9481,0.4383,0.5415,1.1741,-0.0438,-0.0156,-0.1282,-2.2257,0.1356,-1.154,-1.336,2.963,0.9437,0.7398,0.7692,0.6635,-0.2935
CMPD_10859,TRG_2059,Kinase,264.597,3.216,0,4,4,76.75,Functional Assay,6.32,26.3,ChEMBL,0.817,6.422,0,0.4431,-0.0406,-0.6907,0.4119,1.1109,-0.2736,-1.897,-0.1333,1.2772,-0.4309,-0.3898,-0.3663,0.1513,-0.3821,-1.2832,0.0872,-0.3762,0.8687,0.0522,-0.9298,-0.0685,0.0035,-0.5212,0.3564
CMPD_10860,TRG_2060,Transporter,351.938,5.757,1,5,3,105.366,SPR,6.07,18.9,ChEMBL,0.451,7.874,1,-0.0073,-0.6067,-0.1312,-0.8331,0.2833,0.3838,-1.8832,-0.0564,-0.4384,1.1262,1.3993,0.8244,-0.1007,-0.0021,-0.7179,-0.4545,0.4949,-1.1444,-0.324,0.5189,0.0983,-2.2406,0.0145,1.289
CMPD_10861,TRG_2061,GPCR,462.978,2.108,0,7,1,100.787,Binding Assay,8.03,25.6,ChEMBL,0.944,5.955,0,2.2018,-2.1948,0.1506,0.6782,-0.8344,0.0817,0.4083,0.1923,0.3979,-0.9593,-0.3062,-1.1382,1.4019,-1.5321,0.4167,-1.277,-0.7541,0.3255,-0.1497,0.8238,-0.0501,-0.554,-0.0345,-0.9881
CMPD_10862,TRG_2062,IonChannel,343.629,0.974,2,4,3,30.026,HTS,7.35,22.7,InHouse,0.541,6.725,1,-1.6692,0.9559,-2.0376,-0.3401,-0.8073,1.2233,1.557,-0.7615,0.5372,0.8747,0.0401,0.2302,-0.8099,-0.4517,0.3123,0.9135,1.014,1.4165,-1.2379,-0.1925,1.4871,0.7938,0.0809,-0.0217
CMPD_10863,TRG_2063,GPCR,386.19,1.326,3,3,3,85.64,SPR,8.18,25.7,BindingDB,0.509,5.549,0,-1.3302,1.4644,-0.431,-0.5704,-1.1398,-0.2698,-0.1949,-0.5545,0.3706,-0.1899,0.5317,0.7587,-0.6764,0.2172,-0.6978,-0.1108,-1.4263,-2.2189,-0.1916,0.0843,-0.7062,0.3436,-1.4762,0.3042
CMPD_10864,TRG_2064,GPCR,265.009,0.539,2,2,6,43.684,SPR,6.4,20.7,ChEMBL,0.72,7.606,1,1.1306,-0.579,-2.0586,-0.7611,-0.8527,1.3883,0.4084,-0.4949,-1.904,-0.2135,-1.1515,1.8336,-0.6075,0.0341,-0.1534,-0.0449,1.2127,-0.762,0.8383,1.359,2.8387,-0.5251,-0.4361,0.1234
CMPD_10865,TRG_2065,IonChannel,384.265,1.087,1,6,6,129.408,SPR,7.1,27.3,BindingDB,0.699,6.475,0,0.3864,-0.0913,1.2901,-1.2593,-0.3571,1.2592,-0.6201,-0.7384,1.4742,-0.2681,-0.9294,-0.631,1.0534,-2.3117,2.1852,1.0842,1.3595,0.0092,-0.9622,-0.2326,0.0063,-1.2591,0.7761,-0.4714
CMPD_10866,TRG_2066,Kinase,335.028,1.833,0,4,3,115.289,Binding Assay,7.82,25.1,ChEMBL,0.703,8.906,1,0.9674,0.1788,1.3667,0.3735,-0.8011,2.0126,0.1816,-0.7526,-0.1739,-0.0407,-1.1821,-1.5311,1.4461,-1.0042,-0.9984,-0.199,-0.0296,-0.3617,-0.2729,0.8166,-0.3166,0.7403,0.7414,-0.4858
CMPD_10867,TRG_2067,Kinase,428.858,-0.03,1,5,4,141.161,SPR,6.76,24.0,Literature,0.736,4.127,0,0.9828,-0.7944,-0.1808,0.521,0.9385,-1.4423,-0.6779,1.0676,0.3774,-1.4853,-1.429,0.2737,-1.2883,0.7601,-0.6611,-0.2621,-0.2487,-0.5854,0.7715,0.8982,-1.2748,-0.8355,1.0,-0.7511
CMPD_10868,TRG_2068,Enzyme,444.991,2.528,1,6,7,77.628,Binding Assay,7.81,19.9,ChEMBL,0.458,6.984,1,1.5424,0.0137,1.3306,-1.8728,-0.3017,-0.8634,-0.8555,-0.9518,0.6409,-1.32,-0.1194,-0.5909,-0.5248,-0.7898,-1.0941,-1.3588,0.1293,-1.1345,-0.6921,1.2643,0.1198,-0.6654,-0.5458,0.6953
CMPD_10869,TRG_2069,Enzyme,557.165,4.124,2,6,3,122.367,HTS,7.13,30.4,Literature,0.815,6.356,0,0.5953,1.2988,-0.8916,-0.9977,-0.6515,1.4274,-0.5256,0.6856,0.6378,1.1399,-1.1022,-0.4839,0.3424,0.7855,-0.757,-1.3231,0.5182,-0.5815,1.0879,-1.4588,-0.3004,0.0137,0.2818,0.4736
CMPD_10870,TRG_2070,GPCR,396.371,0.866,3,2,6,94.244,Binding Assay,7.22,22.3,BindingDB,0.637,3.314,0,0.1037,-1.2134,-0.083,0.2986,0.6336,0.8097,-1.3075,-1.0773,0.4784,0.4434,-1.2621,1.0303,-0.7737,0.4005,-0.14,1.0337,-0.4097,1.7304,-2.0691,-0.6144,-1.5309,0.2715,-0.4815,1.5969
CMPD_10871,TRG_2071,GPCR,376.064,5.235,1,5,4,113.745,Binding Assay,6.49,25.8,BindingDB,0.175,6.177,0,0.2398,-0.0789,-1.0739,-1.1256,-0.0426,-1.5304,0.4523,-1.2042,-0.4682,-0.3324,0.694,0.3804,-0.3794,0.7578,-0.6972,1.2372,-1.6959,-0.105,-0.0568,-0.6079,1.3121,-0.7879,-1.93,-0.8749
CMPD_10872,TRG_2072,IonChannel,365.551,3.419,1,4,5,96.261,Functional Assay,7.35,22.2,ChEMBL,0.799,8.304,1,0.8784,-0.4694,1.764,0.3948,0.5762,0.4314,1.9992,1.1913,0.0932,-0.8222,0.0071,0.9065,0.3108,-1.5034,-0.617,1.3073,0.8964,-0.45,-0.281,-1.0679,-0.1504,0.7211,2.4861,1.9311
CMPD_10873,TRG_2073,GPCR,321.747,4.355,1,4,2,108.95,Binding Assay,8.5,36.3,Literature,0.814,4.467,0,0.4552,-2.9029,1.7536,0.3186,1.1328,-1.6453,0.669,-0.895,-0.5995,0.7565,1.0766,-1.1018,-1.3913,0.1907,0.2188,-1.1292,-0.1038,-0.2074,1.5114,0.6148,-0.2057,1.004,-0.0267,0.3453
CMPD_10874,TRG_2074,Kinase,377.079,1.316,0,5,6,152.142,Binding Assay,7.43,25.4,ChEMBL,0.411,7.311,1,-0.0971,0.3304,0.028,-0.7951,0.0476,1.9248,1.1944,-0.2184,0.0945,-0.3124,1.0615,0.8277,0.8519,0.586,-1.305,1.3317,1.2521,-0.6798,-0.1849,-0.8296,1.3004,-2.4387,0.2782,-2.1581
CMPD_10875,TRG_2075,Kinase,326.368,4.038,1,4,6,57.939,Functional Assay,6.72,23.2,BindingDB,0.683,8.759,1,0.135,0.7564,0.9129,1.5664,-1.7501,-1.7298,-0.3267,0.6393,-0.5549,-0.0777,0.8658,-1.1181,-1.4158,-1.3259,0.277,-0.0979,-0.1005,-0.5209,0.0502,0.1537,0.1651,0.7595,-1.9893,-0.5249
CMPD_10876,TRG_2076,Transporter,363.477,0.535,1,4,2,70.592,HTS,8.04,26.8,Literature,0.582,4.456,0,-0.0141,0.7258,-0.171,0.7491,-0.7703,-0.121,-1.223,1.097,1.4651,-1.8428,0.4166,-3.587,0.1758,1.013,-0.3481,0.1965,0.4215,2.3055,1.4672,0.4656,-0.0586,0.1482,0.0474,0.4833
CMPD_10877,TRG_2077,Transporter,455.408,4.102,1,2,2,142.037,Functional Assay,6.74,27.3,Literature,0.78,5.382,0,-0.9701,2.9931,0.1985,-1.119,1.2557,0.6322,-0.3847,2.1753,-0.3155,0.9959,-0.0513,1.7358,-1.7,1.2826,-0.3633,0.9784,1.5592,1.2084,0.1084,0.3241,-0.7462,0.6061,2.5749,1.3197
CMPD_10878,TRG_2078,Kinase,269.477,2.809,2,3,2,77.562,Binding Assay,8.23,26.2,BindingDB,0.779,7.385,1,-0.4381,0.6565,0.4749,-0.081,-0.1028,1.7551,-0.4568,0.0925,-1.0861,0.9993,-0.5177,0.4318,1.9563,1.4403,-1.2051,0.9916,-0.5259,0.9912,1.5785,-1.578,0.2113,0.1233,-0.5871,-0.3375
CMPD_10879,TRG_2079,Kinase,441.19,3.496,1,8,4,162.092,Binding Assay,6.44,24.0,Literature,0.532,6.597,1,-1.1972,-0.2469,-0.4298,1.5521,-1.6327,2.0132,1.249,-1.8538,-1.2207,1.2122,-0.1213,0.1619,0.5049,0.2905,-0.8518,0.8578,-1.0163,-0.8732,0.583,0.3013,-0.3599,-1.9158,0.524,-0.4067
CMPD_10880,TRG_2080,Kinase,455.369,0.384,1,4,5,136.914,Binding Assay,7.36,26.3,InHouse,0.814,6.241,0,0.6356,-0.2359,0.6462,0.1968,-0.6426,-0.4817,0.3781,-1.0137,0.2659,-0.4888,-0.139,1.9963,0.9293,0.1389,1.2093,-0.0724,-1.015,0.4986,-0.3761,1.8448,-0.5103,0.1158,-1.494,0.6273
CMPD_10881,TRG_2081,Transporter,340.555,0.889,2,8,3,171.787,Functional Assay,8.12,24.5,ChEMBL,0.175,3.259,0,-0.4584,1.5239,-1.9766,0.853,-0.7523,-1.7468,0.6724,0.9829,-0.4988,0.5165,-2.0339,0.2219,0.7631,-0.1468,0.2959,-0.2465,1.2186,0.8112,-1.2313,2.0023,0.7961,-0.0686,0.5935,-0.88
CMPD_10882,TRG_2082,Kinase,180.252,3.575,0,4,1,0.0,SPR,6.68,24.9,BindingDB,0.413,5.771,0,-0.4681,0.3893,-0.7236,0.1917,1.0213,-1.4637,0.2826,0.8568,-0.9237,1.0603,-0.3142,-0.5642,-0.5595,-1.7366,-0.8744,0.9119,-0.8709,1.6674,-0.4447,-0.5698,0.2481,-0.5644,0.4389,1.5715
CMPD_10883,TRG_2083,Kinase,301.374,0.793,1,3,6,124.021,Binding Assay,7.25,22.6,ChEMBL,0.309,5.346,0,-0.3189,1.0103,1.7334,1.4516,-0.025,-0.6034,0.0978,-0.5657,-0.2704,-1.0543,-1.1778,0.9218,-0.2021,0.5286,0.3821,-0.6325,-2.2975,0.8171,-0.1381,-0.1895,0.3055,0.7122,2.1833,-1.1782
CMPD_10884,TRG_2084,Transporter,453.76,3.334,2,4,2,144.101,Binding Assay,7.89,20.6,ChEMBL,0.644,5.023,0,0.4854,-0.8303,-1.9338,-0.0584,0.912,1.1661,1.0262,-0.2903,1.3579,-1.107,-0.0403,0.0079,-0.3754,-0.1983,-0.5512,-0.8231,-0.6123,0.0855,0.0994,1.133,0.6335,-0.427,0.642,-0.6331
CMPD_10885,TRG_2085,Kinase,348.171,0.039,1,5,7,48.331,Binding Assay,5.85,26.7,InHouse,0.782,7.647,1,-0.7199,-0.7688,0.4876,0.5005,-0.7228,0.5909,-0.5886,-0.6095,0.5831,0.5524,0.573,-0.4586,0.3671,-1.7324,0.5822,1.1331,0.1333,1.1681,-0.4703,0.5841,0.6111,0.7531,0.8308,0.1465
CMPD_10886,TRG_2086,Transporter,270.056,4.027,2,2,5,0.0,Binding Assay,7.76,26.8,BindingDB,0.633,5.603,0,-1.4121,1.2167,0.9083,-0.8671,-1.2026,0.1927,1.3972,0.1853,2.4671,-1.8042,-1.2806,-0.5442,-0.1,-1.2988,0.227,0.8319,0.4143,-0.4488,-1.7182,0.6692,-1.4433,-0.2033,-0.7066,-0.4903
CMPD_10887,TRG_2087,Kinase,309.618,0.281,0,4,3,47.885,Binding Assay,7.15,28.9,ChEMBL,0.95,6.568,1,0.158,1.6461,-0.9381,1.1096,-0.3415,0.7164,1.1324,0.2222,0.987,0.0808,0.2494,-0.7309,-0.0161,1.4059,-0.9919,1.6934,0.8785,0.8709,-0.3431,-0.8875,0.6413,-2.3096,0.3608,-1.0074
CMPD_10888,TRG_2088,Kinase,417.25,3.494,1,7,3,173.538,SPR,8.07,25.1,Literature,0.389,6.448,0,0.1952,-0.5041,0.1158,-0.1514,-0.8882,0.2548,0.3805,0.1041,-1.6508,0.304,0.9145,-0.2831,-0.5645,-0.9604,0.974,0.0789,2.3687,1.8906,0.8021,-0.1013,0.5706,-1.0097,0.5668,0.1483
CMPD_10889,TRG_2089,Kinase,393.739,3.626,0,3,4,161.931,Binding Assay,6.7,24.4,ChEMBL,0.798,6.726,1,0.7248,0.7599,-1.6281,-0.2627,0.4085,1.5086,-0.827,0.0115,0.9827,-0.0912,-1.7219,0.2055,-1.1817,-0.0747,1.3328,-1.1228,0.7337,0.5787,0.676,-1.8452,-0.4541,-0.0291,0.1773,-0.8412
CMPD_10890,TRG_2090,Transporter,330.885,1.246,1,5,4,94.12,Functional Assay,6.37,20.8,Literature,0.637,6.285,0,-0.5764,0.7068,-0.0582,-0.9558,0.2073,0.6792,-1.1255,0.9094,-1.0631,-0.5173,0.1443,-2.6653,-1.1906,-1.4511,-0.7391,-0.2972,-0.445,0.2983,1.5989,0.6209,-0.2473,-0.0724,-0.9281,0.023
CMPD_10891,TRG_2091,Enzyme,320.654,3.548,1,5,3,81.705,Functional Assay,6.87,24.9,Literature,0.621,6.939,1,1.4034,0.3535,0.7727,-0.5667,-0.7508,0.061,-1.2291,0.5387,-1.7945,1.2035,-0.1089,-0.1828,0.5822,-0.8436,0.5425,-0.21,0.7088,0.4272,-2.1847,1.2227,3.1975,1.252,-0.2547,-0.1377
CMPD_10892,TRG_2092,Enzyme,318.659,2.969,0,2,5,61.354,Binding Assay,6.86,26.1,Literature,0.876,7.879,1,-1.2219,-0.0206,0.9676,0.565,-1.5203,-0.7831,1.8103,-1.2737,-1.6208,1.101,-1.6515,0.7128,-0.3884,1.2786,1.8489,-2.5092,-0.0497,-1.7469,0.1851,-0.3982,-1.4811,-0.1539,0.4163,-1.0516
CMPD_10893,TRG_2093,GPCR,276.207,1.53,0,3,3,75.367,SPR,7.08,19.5,InHouse,0.785,6.503,1,-1.1698,-0.322,-0.0511,-0.7973,-1.0028,-0.2523,-0.6929,0.1141,-0.3094,-0.2323,-0.3652,-0.1137,-0.2519,0.6979,-1.636,-1.1642,-0.1951,-1.7698,-1.2275,0.7713,-0.5852,0.7022,0.4824,-1.4098
CMPD_10894,TRG_2094,Transporter,479.23,0.685,0,7,6,124.803,Functional Assay,6.92,28.2,ChEMBL,0.631,3.333,0,-0.8771,-1.6154,-1.7601,-1.566,1.065,-0.6511,-0.2421,0.7216,-0.8615,0.9944,1.2676,-0.5041,1.398,-1.5529,1.3107,-1.5593,-0.4993,-0.8766,-1.7704,-0.1852,0.4124,1.1203,0.7907,-1.6741
CMPD_10895,TRG_2095,Kinase,324.214,-1.033,1,4,5,165.662,Binding Assay,6.0,22.9,BindingDB,0.767,7.5,1,-0.8283,1.2524,0.6363,0.0262,0.4608,0.3212,-0.7158,0.0111,0.763,-0.1778,-0.3001,0.2055,0.2982,0.3249,0.2121,0.5412,0.4752,0.8704,-1.7012,0.2203,-1.1153,0.4052,-0.9655,-0.1046
CMPD_10896,TRG_2096,GPCR,447.373,3.129,0,5,4,84.75,SPR,7.14,24.4,ChEMBL,0.761,5.947,0,-1.6692,-1.0324,2.2854,-0.4306,-0.1161,0.58,-0.0732,0.38,0.6766,0.2118,-1.3549,-0.6761,1.2664,-0.3144,1.3377,0.2577,0.315,-0.6751,1.0149,0.6322,-0.4237,-0.595,-1.7288,-1.368
CMPD_10897,TRG_2097,Enzyme,471.705,-0.317,1,6,2,157.209,Binding Assay,7.34,26.8,ChEMBL,0.887,8.839,1,0.6509,0.5968,1.3981,-0.6392,1.6798,-0.2049,-1.7369,0.0534,0.2897,-0.7338,1.2921,-0.7316,-0.5002,-1.1104,1.1397,0.1393,0.7201,-1.3682,0.5228,0.1883,0.323,-0.5993,0.1257,0.9807
CMPD_10898,TRG_2098,Kinase,429.865,2.672,3,7,5,199.242,HTS,7.08,25.0,BindingDB,0.763,8.66,1,0.3258,0.05,-0.8989,-0.8071,-1.068,-2.1526,0.776,-1.3897,0.0324,1.0511,-0.1444,1.0644,-0.6739,0.1678,1.0468,-2.2016,0.452,0.6371,0.107,-0.4891,0.6574,0.9636,-0.1652,1.8611
CMPD_10899,TRG_2099,Kinase,315.47,2.026,0,6,5,125.624,Functional Assay,7.37,29.2,ChEMBL,0.62,3.951,0,-1.1652,-0.2555,0.1226,0.091,-1.0659,-0.7508,-0.2696,-0.7082,-0.2815,1.1824,0.9727,0.4744,1.7381,0.1222,1.2175,0.6104,0.3465,1.882,-0.8517,0.2874,-0.6408,0.6192,-0.3347,0.7032
CMPD_10900,TRG_2000,Kinase,382.298,3.722,1,6,6,69.718,Functional Assay,7.25,26.9,Literature,0.905,8.655,1,-0.5991,0.083,0.5854,0.0132,-0.2296,-1.2512,-0.3511,0.1305,-2.222,-0.2674,-1.0687,-0.8648,-3.63,2.2911,1.7145,0.3672,0.1678,-1.724,0.5823,0.1698,-1.7235,1.3685,-1.0194,-1.5513
CMPD_10901,TRG_2001,Kinase,348.064,1.956,3,2,3,42.726,HTS,6.37,24.6,Literature,0.835,7.094,1,1.3625,-0.52,-0.0322,-0.1056,-0.9838,-1.4807,1.2845,-0.515,0.9287,0.5418,-1.0093,1.4155,1.7429,-0.5602,-0.6618,-0.6457,2.4599,-0.1046,0.3039,0.5047,1.4363,-0.417,-2.0595,1.4643
CMPD_10902,TRG_2002,Kinase,277.704,1.907,1,4,8,94.287,SPR,7.02,15.6,ChEMBL,0.947,7.156,1,-2.2191,-0.32,1.4199,1.7082,0.034,1.6155,1.8871,-1.5635,0.6952,-0.0237,-0.2397,0.3931,-0.5337,-0.6731,1.2838,0.6438,-0.7038,0.0054,0.6599,0.5678,0.6013,1.0836,-1.4078,0.3546
CMPD_10903,TRG_2003,IonChannel,375.949,3.817,1,4,6,118.806,Functional Assay,7.27,28.0,BindingDB,0.288,7.323,1,0.6026,1.5793,0.0981,-1.7428,-0.9503,0.007,0.2999,0.6862,-2.7559,-0.8341,0.2623,-0.1203,-2.3989,0.0151,0.594,-0.0036,-1.3559,-1.0893,-0.0694,0.4214,-0.8251,-0.893,-1.1311,0.9352
CMPD_10904,TRG_2004,GPCR,255.677,3.103,1,3,5,125.999,SPR,7.06,21.5,BindingDB,0.354,6.893,1,0.8285,0.7282,0.1545,0.0599,-1.1864,-1.0982,-0.2104,-1.5516,-0.5861,2.2013,-2.6127,1.867,0.4645,2.6506,0.8907,-0.7935,-0.6149,0.8191,-0.2503,0.3985,1.7666,1.928,1.4875,-1.2206
CMPD_10905,TRG_2005,Enzyme,445.014,3.069,1,7,4,155.442,Binding Assay,6.3,27.6,Literature,0.635,5.387,0,-0.2996,0.3347,0.6815,0.3457,-1.8171,-0.6999,1.0985,-0.8257,-1.5987,-0.7774,-1.0087,0.6244,0.3543,0.6194,-1.5026,0.0269,-0.5323,0.3665,-0.5272,0.1136,-1.1169,0.3469,2.2416,1.0319
CMPD_10906,TRG_2006,Enzyme,312.831,3.345,2,4,4,74.456,Functional Assay,7.93,26.5,InHouse,0.64,8.159,1,0.3365,0.9575,-0.3133,-0.2272,0.4049,-0.9368,-0.8393,0.1535,-0.9776,0.7753,0.7351,-0.0522,0.5727,0.6083,-0.5299,0.1865,-1.9618,-0.3891,-0.6449,-1.6488,-0.8202,-0.6332,0.7171,-0.475
CMPD_10907,TRG_2007,GPCR,366.093,-0.264,1,2,9,87.719,Binding Assay,6.62,24.4,ChEMBL,0.891,7.169,1,-0.2756,-0.5316,-0.5089,-1.6124,-1.003,1.6544,-0.1621,0.0192,-0.6672,-0.5387,0.5706,-0.5745,-1.65,-0.061,0.1407,-0.0405,-0.4192,0.0024,-0.4722,-0.9058,-0.4481,0.5137,0.075,-0.6759
CMPD_10908,TRG_2008,GPCR,372.663,3.862,2,5,5,59.553,Binding Assay,6.45,27.9,BindingDB,0.543,7.549,1,-0.7344,-0.8367,-0.9643,0.0218,-1.2352,-1.2469,-1.2137,1.1814,0.3997,-0.6125,-0.3091,0.1737,1.5768,-0.867,2.4236,-0.4196,-0.621,-0.3111,-1.1019,0.6744,1.6565,-0.3574,-0.3556,0.2815
CMPD_10909,TRG_2009,GPCR,329.288,3.602,1,3,8,103.961,SPR,7.22,26.6,BindingDB,0.805,11.274,1,-1.1319,-0.1655,-0.6869,1.37,0.1701,-0.6753,0.3538,-0.3025,1.5308,-0.4671,0.4299,-0.1254,0.1214,0.8364,1.4776,2.5131,0.5165,-0.4081,-2.8353,1.9146,-0.4251,1.0398,0.353,0.0462
CMPD_10910,TRG_2010,IonChannel,396.936,0.67,3,3,3,62.903,Binding Assay,7.01,26.0,Literature,0.956,6.293,0,-1.6441,-0.4146,-0.0306,0.4755,-0.2092,-1.4963,-0.2237,0.0148,-0.4405,1.2466,0.7524,-1.613,-0.4841,0.9216,0.107,0.0442,-0.0834,-0.504,-0.1968,-1.6053,1.4011,-0.3416,0.8353,-0.289
CMPD_10911,TRG_2011,GPCR,312.008,2.061,2,2,5,130.002,Binding Assay,7.56,19.9,ChEMBL,0.958,5.969,0,-1.2486,-0.4688,1.5022,-0.4004,-1.8984,0.1284,-1.8713,-0.2577,-0.0995,1.0053,-0.5794,-1.0166,-0.8867,-1.6923,1.313,0.7266,0.9712,0.2165,-0.5055,0.471,0.7682,-0.4313,-0.0176,-0.2479
CMPD_10912,TRG_2012,IonChannel,419.704,2.429,1,7,2,149.477,SPR,7.72,25.1,ChEMBL,0.478,7.744,1,-1.6954,-0.626,-0.2261,0.2343,-0.4803,1.9921,0.0052,-0.1022,1.1908,1.9314,0.4214,0.0685,0.329,0.1075,0.2104,0.5726,2.1435,1.3337,-0.4949,-0.8744,0.4972,0.7397,0.0208,1.3356
CMPD_10913,TRG_2013,GPCR,242.322,2.258,2,4,5,94.995,Binding Assay,7.63,21.3,Literature,0.26,5.692,0,1.3485,-1.0418,0.0251,0.5342,-0.4661,-0.5735,-0.909,0.4106,-0.3819,0.4997,-0.3737,0.3579,0.4884,-1.0366,0.741,-0.53,-0.1472,-0.408,-0.7392,1.5237,-0.1473,2.3648,1.8863,0.1769
CMPD_10914,TRG_2014,IonChannel,360.11,3.101,2,4,3,55.16,Binding Assay,7.2,21.7,Literature,0.556,5.783,0,-0.5436,0.2209,-1.0921,0.7603,0.1581,2.7099,-0.2072,-0.5522,1.8879,-1.4675,0.7765,-0.5501,1.6797,-0.403,0.328,-0.6902,0.8257,-0.6344,-0.4582,-0.8497,-0.2471,-2.6751,-0.1283,1.0622
CMPD_10915,TRG_2015,GPCR,505.114,5.076,0,6,5,145.536,Functional Assay,7.53,23.9,Literature,0.549,6.881,1,0.2159,-1.8889,0.4975,1.5834,0.2512,0.5237,0.3125,-1.7267,0.5466,0.4236,0.9837,-1.3684,-0.6804,0.4433,1.0529,0.1436,-1.57,-1.0065,-0.0428,-1.2868,-0.5447,-1.2998,0.0024,-2.0331
CMPD_10916,TRG_2016,GPCR,269.973,4.447,1,8,4,65.42,Functional Assay,6.26,29.4,BindingDB,0.835,4.809,0,1.1833,-1.1726,-0.4942,-0.468,0.0534,0.4774,0.049,-1.3889,-0.8441,0.9452,0.055,-0.7007,0.3233,-0.8387,0.4114,-0.2748,1.1058,-0.0736,-1.6121,0.315,-0.6602,-1.4058,0.4947,0.8602
CMPD_10917,TRG_2017,Enzyme,295.78,0.138,0,4,4,92.846,SPR,7.86,26.1,InHouse,0.774,6.121,0,0.0195,0.9377,0.6758,0.4046,0.6563,-0.101,-1.28,-0.6581,0.9601,1.9362,-0.0135,-1.5708,1.2441,-0.2255,-0.1372,0.0851,1.2427,-0.3168,0.2651,1.2,0.3892,0.7243,-2.4649,-1.2095
CMPD_10918,TRG_2018,Transporter,391.113,3.62,1,7,6,138.474,Functional Assay,6.96,26.3,BindingDB,0.372,6.9,1,0.6791,0.3872,0.0186,-1.0976,0.6158,-1.1458,-1.6385,-0.0169,-0.7617,0.6686,1.0155,-0.0659,-0.2179,-1.2755,-0.1355,0.9008,-0.7872,0.2832,0.3617,-0.161,-0.277,1.1276,-0.4096,-0.1669
CMPD_10919,TRG_2019,Kinase,364.367,4.892,0,6,2,88.766,Functional Assay,8.38,27.3,ChEMBL,0.531,6.934,1,0.6761,2.3481,-0.1543,-1.1552,0.9809,-0.5905,0.1101,0.6745,-0.3505,-1.0599,-0.0618,-1.6194,0.4708,0.0593,-0.7459,-2.083,-0.1165,-1.2599,-0.9367,0.8949,-0.0459,-0.1118,-0.144,-1.4621
CMPD_10920,TRG_2020,Enzyme,378.05,3.196,1,3,3,94.376,SPR,7.87,22.4,BindingDB,0.248,5.819,0,-0.9273,0.5658,1.3923,-0.0967,-1.7068,-0.8487,0.43,-1.1247,0.3405,0.7679,-0.3401,-0.1613,-0.2234,-0.5082,-0.8406,-0.1866,-1.4181,0.789,1.6136,-1.8494,-1.8509,0.1824,1.2044,0.1746
CMPD_10921,TRG_2021,GPCR,389.135,4.464,3,3,5,143.938,Functional Assay,7.08,20.3,ChEMBL,0.6,9.496,1,-0.4097,-0.076,-0.2306,0.1318,0.1783,0.1025,-0.0479,-0.6491,-1.6038,1.7678,-0.0188,-1.1439,-0.5343,-0.1761,-1.0779,-1.8563,-1.113,1.4868,-0.6184,-0.6065,-0.3696,0.9612,-0.5515,0.8483
CMPD_10922,TRG_2022,Enzyme,400.778,6.122,3,7,7,75.053,Functional Assay,7.21,19.7,ChEMBL,0.574,5.945,0,0.4166,-0.9711,1.9051,1.7556,0.6675,-0.3158,1.9006,0.3102,-0.017,0.6888,1.9437,-1.7117,-1.3257,0.1574,0.4013,1.4021,-1.1244,-0.4167,1.1887,-3.0397,-0.8569,-1.0225,-0.6083,2.0862
CMPD_10923,TRG_2023,Transporter,438.776,4.343,3,5,3,101.766,HTS,7.91,25.7,Literature,0.324,7.101,1,1.4332,-1.2692,0.5546,-0.842,-0.9382,-1.2292,1.0713,-0.2244,-0.1476,-0.6101,0.6729,-0.6926,-1.3618,-0.2245,-0.854,0.2548,-1.0453,-0.4333,-1.1296,0.4379,-1.4751,-0.0159,-0.1885,1.0018
CMPD_10924,TRG_2024,GPCR,382.785,2.949,1,8,1,115.069,Binding Assay,5.84,28.0,ChEMBL,0.752,6.76,1,1.467,0.869,0.2037,0.5662,0.3215,1.8257,-0.1559,1.6183,0.6811,-0.8435,1.0097,-0.3007,0.0995,1.2867,-0.0823,0.1792,0.7672,-1.0187,-0.9583,-1.1857,0.1742,-0.1056,-0.5016,0.0172
CMPD_10925,TRG_2025,Kinase,330.699,4.381,0,7,3,135.199,Binding Assay,7.1,27.7,Literature,0.67,6.44,0,-0.7047,0.7839,-0.4366,0.4789,-0.8907,-0.1753,0.7377,-0.8106,-0.6122,1.2208,-1.2814,-1.15,-1.7324,2.1443,0.196,1.1509,0.6283,-1.0816,0.242,-0.2039,0.1944,-0.0132,-0.4721,-1.4102
CMPD_10926,TRG_2026,GPCR,403.806,2.761,1,7,5,82.391,Binding Assay,8.22,22.5,ChEMBL,0.388,6.3,0,-0.3595,0.2441,1.9074,1.54,-0.361,0.9751,-1.4616,-0.9088,0.9208,-1.6956,-1.4089,-1.0868,2.0311,1.2725,0.8321,-0.5621,0.7254,0.0502,2.1066,-0.356,0.3285,-0.0977,-1.789,-0.1714
CMPD_10927,TRG_2027,IonChannel,501.991,2.543,1,8,4,222.185,Functional Assay,7.71,29.1,ChEMBL,0.563,3.85,0,-1.0838,-2.5294,-0.7292,-1.351,-1.0211,0.9127,2.0486,-0.3259,-0.6931,1.5691,-0.6845,-1.2604,0.127,0.8139,-1.0508,0.0437,-0.2832,1.3272,0.3682,-0.1709,0.1958,-0.4625,-0.4566,0.245
CMPD_10928,TRG_2028,IonChannel,339.389,1.867,1,4,5,47.79,Binding Assay,6.7,31.1,BindingDB,0.866,7.282,1,0.1774,-0.4768,0.134,-0.0418,0.7371,1.5041,-1.5716,-0.686,0.3516,-0.8234,-0.253,-2.8252,-0.2043,-0.23,-0.8687,0.0434,-1.3733,1.1414,-0.7624,-1.3461,0.4441,1.4284,0.7824,0.1527
CMPD_10929,TRG_2029,GPCR,272.038,5.314,2,1,2,143.622,Functional Assay,7.39,26.8,InHouse,0.921,7.92,1,0.5847,-1.298,0.8576,0.58,0.2114,-0.8849,-0.5144,-0.2399,-0.6042,-0.8225,1.6253,0.4265,-1.7202,-1.5496,-0.3625,0.804,-0.342,-0.6659,0.4635,0.8649,-0.2017,0.3295,-0.6796,2.0915
CMPD_10930,TRG_2030,Kinase,438.566,1.027,0,9,2,179.554,SPR,6.61,29.5,BindingDB,0.59,5.287,0,-0.3114,1.2055,-0.8461,1.1386,0.211,0.2766,1.9776,-1.618,-0.5147,-0.4833,-1.6961,0.8976,-0.4938,0.5427,-0.2647,0.3868,-0.6227,0.1986,0.197,0.3406,0.2171,0.0349,0.4147,1.2846
CMPD_10931,TRG_2031,Enzyme,340.37,5.258,0,4,5,44.907,Functional Assay,7.0,27.6,Literature,0.265,3.171,0,-0.7347,-2.8295,0.1284,-1.6584,2.7997,0.6429,0.6361,0.8247,1.4049,1.0378,0.2773,0.7079,0.8961,-0.7365,-1.547,1.134,1.1934,1.0298,0.4294,-0.652,0.2827,-0.8835,-0.1115,-0.1481
CMPD_10932,TRG_2032,Enzyme,176.186,3.4,2,4,4,0.0,Binding Assay,7.4,24.3,ChEMBL,0.836,8.526,1,-1.1182,-1.1667,-0.8137,1.5046,-0.1952,-0.3873,1.9001,-0.0556,-0.287,-2.3546,-0.2638,1.1906,1.5912,-0.5375,0.2957,0.7512,-0.8494,-0.9932,0.1089,0.2125,0.0406,1.245,1.3533,-0.6845
CMPD_10933,TRG_2033,IonChannel,417.794,-0.019,0,5,3,154.133,SPR,7.51,23.0,Literature,0.802,6.675,1,-0.2259,2.4673,-0.3751,-0.0123,0.7537,1.9288,1.3412,0.5794,1.0341,0.7733,-0.23,1.3653,-0.0706,1.5555,-0.9639,-3.2394,-0.1615,-0.4134,-0.5866,2.723,1.4912,0.1877,-1.1766,0.006
CMPD_10934,TRG_2034,Kinase,307.174,3.162,3,3,10,77.056,Binding Assay,7.64,20.2,ChEMBL,0.917,9.335,1,-1.0463,1.7921,0.4873,-0.2611,-1.3048,0.6287,-0.8949,0.9821,-0.268,-1.2546,-0.6828,-0.3158,1.0676,-0.5543,1.3205,-2.3775,0.4651,-0.9819,-0.208,0.9754,0.5653,3.2063,1.0287,0.544
CMPD_10935,TRG_2035,GPCR,342.757,-1.28,0,6,5,62.549,SPR,7.94,23.7,Literature,0.661,7.375,1,-1.1868,-1.5393,0.1792,0.7487,0.1728,-1.4101,-0.1777,-0.0315,-0.5648,-0.0326,0.949,1.3541,-0.0705,0.4016,-0.6774,0.1428,0.189,1.8847,0.5751,-1.3221,2.4002,-0.4691,-0.8053,0.2825
CMPD_10936,TRG_2036,Kinase,376.558,3.626,0,4,4,185.436,Functional Assay,6.48,24.3,BindingDB,0.505,7.092,1,-0.5979,0.644,-0.4923,-1.5328,-0.7877,-0.2647,0.6364,0.23,-1.0548,-0.9327,-2.1598,-0.5665,1.4745,-0.0009,1.1996,0.8002,-0.5546,-0.6087,1.4495,-0.3488,0.279,0.9627,0.0009,-0.8425
CMPD_10937,TRG_2037,Enzyme,365.24,4.093,0,4,4,61.816,Binding Assay,7.21,24.4,InHouse,0.643,5.817,0,-2.6919,0.7005,-1.9981,0.4618,0.208,0.2008,-0.3496,0.9088,1.7657,-0.4685,1.4201,-0.1419,-0.3901,0.8826,0.291,-0.8111,-0.7039,0.821,1.4983,-0.1219,-1.8131,-0.3695,-1.0431,-0.8801
CMPD_10938,TRG_2038,Kinase,406.756,1.434,0,4,6,92.949,HTS,6.69,24.7,InHouse,0.934,3.657,0,-0.0165,-0.9387,-0.7215,-0.4622,0.3271,-0.1978,-0.1608,0.8307,-0.5241,-0.0122,-0.5401,-0.0856,-0.0497,-1.4438,0.3446,0.6614,-0.2382,-0.0837,-0.3412,-0.3727,-1.0944,-0.0263,-1.0595,0.9548
CMPD_10939,TRG_2039,IonChannel,315.161,2.722,0,6,4,70.212,Binding Assay,6.96,18.1,ChEMBL,0.618,5.149,0,-0.0471,-0.8603,-0.2181,1.7305,-0.6294,0.8346,-0.4854,-0.2299,-0.4887,0.4164,0.915,-1.4504,0.3192,0.6268,0.214,-0.9461,0.2367,-1.5571,0.1187,-0.0311,0.3457,0.3587,1.3416,-0.866
CMPD_10940,TRG_2040,GPCR,391.048,6.017,0,5,1,5.337,HTS,6.75,27.3,Literature,0.576,6.562,1,1.5808,-0.8697,0.167,1.078,1.6085,-0.4248,0.2463,0.9317,0.1128,-0.355,-0.7687,-0.7344,-1.0656,0.4099,-0.9616,2.1021,-1.9031,1.175,-0.5376,1.0162,0.2255,-0.6868,-0.6422,-1.4027
CMPD_10941,TRG_2041,IonChannel,329.236,1.59,2,4,2,102.426,Binding Assay,7.5,27.7,ChEMBL,0.487,5.734,0,1.6911,0.3865,-1.5292,-0.4526,1.5975,-0.8568,-0.3085,0.5315,-0.9482,-1.5863,-1.2136,-1.3487,-0.7406,0.7215,1.2065,-1.3158,1.513,-0.3887,0.8698,-1.4645,-0.642,-0.3347,-0.5285,-0.5268
CMPD_10942,TRG_2042,Transporter,409.105,0.594,2,7,3,86.269,Binding Assay,7.83,26.1,ChEMBL,0.471,3.908,0,0.945,-0.6339,-0.4278,0.511,-1.234,0.2666,0.5986,0.259,0.0494,-0.9201,1.4888,1.475,-0.2554,1.3968,0.2935,-0.0934,2.3859,0.3654,1.1849,0.5303,0.457,-0.0731,1.2826,-1.5314
CMPD_10943,TRG_2043,Enzyme,399.229,5.167,1,3,7,152.19,Binding Assay,7.86,21.5,InHouse,0.31,5.828,0,-1.3389,-0.7553,0.241,-0.0764,-0.4818,0.5619,0.2366,1.402,0.2698,-1.4509,-0.1123,0.6382,-0.8281,1.2074,0.6468,1.6146,-0.3428,1.8959,-0.0631,-0.5202,-0.6912,-0.8178,0.9566,0.9764
CMPD_10944,TRG_2044,Kinase,275.165,6.033,1,4,4,120.2,Binding Assay,6.54,26.1,ChEMBL,0.952,9.585,1,-0.8701,-0.6866,-0.8197,1.4561,-0.4196,-2.1279,1.0224,-2.3394,-0.8572,0.3125,0.4379,-0.3083,0.3449,1.2021,0.1718,0.116,1.1369,-0.3011,-0.3838,-1.212,1.5477,-0.9915,0.8573,-1.5659
CMPD_10945,TRG_2045,Kinase,436.879,2.507,1,4,3,140.332,SPR,7.13,25.1,ChEMBL,0.954,7.58,1,0.6493,1.6222,0.0022,-1.1192,0.6626,-1.5252,-1.0632,-0.3087,-1.3373,0.5125,0.3749,-2.0123,-1.4831,-2.6211,-0.4966,1.5357,-0.3095,-0.8726,1.3176,0.0175,-0.8377,1.7207,-0.6598,0.4511
CMPD_10946,TRG_2046,Kinase,307.123,4.321,0,2,9,101.859,Functional Assay,6.52,26.4,BindingDB,0.414,6.465,0,0.2885,-0.7911,-1.7051,0.8128,-0.1334,0.873,0.8199,-0.594,2.1263,-0.7106,0.4912,-0.3972,0.07,-0.3075,0.0522,-0.8153,1.604,-0.2063,-0.5625,0.925,-0.2003,1.6025,-0.5065,0.4071
CMPD_10947,TRG_2047,Enzyme,414.645,4.915,1,4,5,130.937,SPR,6.5,29.7,InHouse,0.119,4.917,0,0.8789,0.2479,0.6343,-2.1209,-0.9086,-0.5264,-0.3769,-0.8731,-0.5707,0.0432,0.8955,0.6467,0.1082,1.2439,-0.6249,-0.7941,-0.9358,1.4156,0.5376,1.6308,0.3835,0.262,0.6259,0.1749
CMPD_10948,TRG_2048,Enzyme,379.383,1.164,5,5,3,85.799,Binding Assay,6.8,24.5,ChEMBL,0.159,3.707,0,-0.2129,-0.5499,-0.8136,0.2934,0.6106,-0.053,0.0684,-0.6548,-0.6097,1.1327,-1.8665,-0.4675,0.5901,0.394,0.6338,-1.2783,1.6275,-0.5963,1.4718,-0.7283,-0.2826,-0.1642,0.7751,2.5798
CMPD_10949,TRG_2049,IonChannel,497.055,1.626,3,2,3,124.523,Binding Assay,7.41,25.5,BindingDB,0.965,7.13,1,-0.0501,-0.6996,-0.429,-0.3307,1.2881,-2.2409,-0.7224,-0.4155,0.1097,0.106,0.1744,0.8239,-0.5061,1.1384,0.522,-0.337,-0.3053,-0.8465,0.9102,-0.1774,-1.0181,0.7592,0.0401,-0.6472
CMPD_10950,TRG_2050,IonChannel,332.123,4.716,3,6,3,152.566,Functional Assay,7.51,22.4,InHouse,0.296,5.734,0,-0.3645,-0.6301,-0.1924,1.7224,-0.0213,0.73,1.0061,-0.5104,0.7332,-1.7977,-0.3963,-0.2319,0.7619,1.645,0.0095,0.8426,-0.3902,-1.1428,-0.5922,1.4072,-0.0729,-0.56,0.6083,0.1327
CMPD_10951,TRG_2051,Transporter,322.055,5.533,0,6,5,126.026,Binding Assay,7.59,27.8,Literature,0.557,6.288,0,-0.331,0.5267,0.0779,-0.965,1.0969,1.6364,0.3083,0.1064,-0.2808,1.3111,1.1628,0.9252,-0.1439,0.3975,-0.2963,-0.5547,-0.4864,-0.7554,0.1107,-0.0313,0.6633,-0.6039,-0.384,0.0342
CMPD_10952,TRG_2052,Kinase,348.446,3.513,1,2,3,112.777,Functional Assay,7.56,27.1,Literature,0.376,7.206,1,-0.7768,0.8265,-1.2838,0.7397,0.7611,0.2918,-0.7751,-0.3036,-1.9721,-0.2038,1.3054,-0.1386,1.2199,0.7336,0.0457,-0.5316,-0.2901,0.2817,-0.103,-0.8468,1.4649,-2.1432,1.0402,0.2902
CMPD_10953,TRG_2053,Enzyme,325.746,0.916,2,1,5,121.726,Functional Assay,6.69,25.6,InHouse,0.956,7.654,1,0.0266,-0.4026,1.1211,0.4742,-1.6354,-0.1841,0.7578,-0.1994,-1.8296,-0.0874,-1.9876,-0.8584,-0.5171,-0.4258,0.0083,0.027,0.7458,-1.3783,1.1312,-1.1921,-3.1635,-0.2151,-0.547,0.3276
CMPD_10954,TRG_2054,GPCR,413.995,6.077,1,4,5,121.755,Binding Assay,7.91,21.8,InHouse,0.494,5.916,0,-0.1714,-0.1229,1.1143,-1.0737,0.1515,0.0593,0.1889,0.1335,0.3899,-0.9162,1.2095,0.1283,-1.0584,0.7219,1.1759,-0.3174,-0.9389,2.3222,-2.0287,0.1654,-0.3146,-1.0825,1.2653,-1.3963
CMPD_10955,TRG_2055,GPCR,220.695,1.544,2,5,2,73.606,SPR,7.68,23.0,BindingDB,0.547,7.998,1,-0.5967,1.3326,-0.4282,0.5441,1.4995,-2.8412,-0.5234,0.3188,-1.1515,1.8368,-1.1782,0.7548,1.3822,1.0315,0.4475,-0.2276,-1.0075,0.7063,1.412,-2.1918,-0.7398,-1.0379,-1.9849,-0.7235
CMPD_10956,TRG_2056,IonChannel,265.705,1.897,1,1,2,103.492,SPR,6.95,19.5,ChEMBL,0.766,7.576,1,-1.1143,-2.4191,-0.1032,-0.9301,0.3301,-1.3265,1.3193,-1.9655,-0.0862,2.0412,-0.1562,0.2231,0.1882,-1.5897,1.3742,0.24,0.6272,-0.2991,1.1974,0.8191,0.4017,0.3719,0.3653,1.8144
CMPD_10957,TRG_2057,Kinase,264.576,3.116,2,4,2,0.0,Functional Assay,6.98,22.9,InHouse,0.514,8.277,1,2.6125,1.6918,-0.485,-0.7461,0.8523,-0.9166,0.635,-0.6784,-0.0778,-1.4002,0.7311,3.1835,0.0923,-1.4888,-0.2848,-0.7882,-1.4226,-0.1594,-0.0507,-0.499,-1.7197,0.2055,-0.6936,0.8115
CMPD_10958,TRG_2058,Kinase,426.025,5.297,1,6,1,164.053,Binding Assay,6.81,27.1,Literature,0.565,7.021,1,0.0883,0.2421,0.7004,1.947,0.6809,-0.7529,1.0302,-0.1457,0.0474,0.346,1.2841,-1.2151,1.6664,1.0502,-1.9005,-0.1295,-1.154,-1.336,2.963,0.9437,0.7398,0.7692,0.6635,-0.2935
CMPD_10959,TRG_2059,Transporter,486.849,4.037,2,4,4,179.428,Binding Assay,6.42,26.2,InHouse,0.59,3.922,0,-1.434,-1.3912,-0.3985,-1.0667,0.0239,0.5512,0.6159,-0.0697,0.1889,-1.0348,-0.8641,-0.4649,1.258,-0.0588,-0.2509,-0.2207,-0.3762,0.8687,0.0522,-0.9298,-0.0685,0.0035,-0.5212,0.3564
CMPD_10960,TRG_2060,Kinase,341.644,3.247,1,6,1,71.266,Binding Assay,7.6,25.5,ChEMBL,0.985,7.316,1,-0.1869,-0.7506,0.7376,0.7675,0.4358,0.3312,-0.6169,-0.5696,1.2155,0.3386,0.6418,-1.183,1.0789,-2.0253,0.8332,-0.0035,0.4949,-1.1444,-0.324,0.5189,0.0983,-2.2406,0.0145,1.289
CMPD_10961,TRG_2061,IonChannel,336.494,3.334,1,7,4,150.712,Binding Assay,7.69,29.5,BindingDB,0.507,4.773,0,1.0799,0.5855,-1.9485,0.3522,0.192,0.222,-1.4184,-0.6791,-0.9153,-0.7433,-1.1614,0.1366,0.2862,-0.502,0.5289,1.1159,-0.7541,0.3255,-0.1497,0.8238,-0.0501,-0.554,-0.0345,-0.9881
CMPD_10962,TRG_2062,Kinase,355.604,2.578,3,3,8,17.989,Binding Assay,6.64,25.9,BindingDB,0.747,6.651,1,0.7852,0.9634,1.2415,0.2412,0.7712,0.8703,0.6776,0.8069,-0.2849,-1.8999,-1.1428,-0.3734,0.4909,1.0938,1.2878,-0.941,1.014,1.4165,-1.2379,-0.1925,1.4871,0.7938,0.0809,-0.0217
CMPD_10963,TRG_2063,GPCR,442.95,3.505,1,5,3,147.003,SPR,6.46,23.3,InHouse,0.762,5.916,0,1.2437,0.0883,1.0687,0.2755,-1.3692,1.4136,2.7684,0.3982,-1.9259,1.1908,0.9498,-0.295,-0.1657,-2.7733,1.7684,1.2021,-1.4263,-2.2189,-0.1916,0.0843,-0.7062,0.3436,-1.4762,0.3042
CMPD_10964,TRG_2064,GPCR,275.812,-2.053,2,6,3,84.341,Functional Assay,6.64,22.9,InHouse,0.675,5.745,0,-1.0896,0.5363,-0.5707,-0.8128,-0.1284,-1.6139,0.1531,0.0548,-1.9316,-0.4182,0.2429,0.9645,-0.5679,0.8589,1.2639,-0.8712,1.2127,-0.762,0.8383,1.359,2.8387,-0.5251,-0.4361,0.1234
CMPD_10965,TRG_2065,GPCR,369.07,1.966,3,6,3,98.342,Functional Assay,7.27,24.3,BindingDB,0.141,8.083,1,1.2432,1.3738,-0.1178,0.5779,1.166,-0.3134,1.0856,1.8382,-0.102,0.6133,0.1209,-0.2412,1.782,0.9203,1.5832,-0.6874,1.3595,0.0092,-0.9622,-0.2326,0.0063,-1.2591,0.7761,-0.4714
CMPD_10966,TRG_2066,Transporter,428.016,2.934,1,3,5,129.179,Binding Assay,6.37,23.6,ChEMBL,0.72,6.761,1,-0.5082,-0.4489,0.1905,1.2306,-0.8212,0.7224,0.0732,0.9631,-1.9051,-0.7241,-0.153,-0.1408,-0.4125,0.9247,0.3335,-1.1879,-0.0296,-0.3617,-0.2729,0.8166,-0.3166,0.7403,0.7414,-0.4858
CMPD_10967,TRG_2067,GPCR,390.088,0.428,0,6,3,140.335,HTS,7.88,27.9,Literature,0.18,5.487,0,-0.151,-0.299,-0.4693,0.4472,0.1047,-0.8824,0.057,1.0589,0.0042,1.7282,0.5858,-2.0829,-0.5715,0.8353,2.6368,0.2778,-0.2487,-0.5854,0.7715,0.8982,-1.2748,-0.8355,1.0,-0.7511
CMPD_10968,TRG_2068,IonChannel,365.167,3.195,3,6,4,37.327,Binding Assay,7.84,26.3,InHouse,0.592,7.057,1,0.0682,-0.9752,-1.192,0.6828,1.1871,1.0279,-3.4331,0.3862,1.0,-0.513,0.2718,-0.1295,-0.765,1.658,0.9411,-0.0089,0.1293,-1.1345,-0.6921,1.2643,0.1198,-0.6654,-0.5458,0.6953
CMPD_10969,TRG_2069,GPCR,430.084,2.132,2,5,8,169.064,SPR,7.45,24.0,ChEMBL,0.896,7.248,1,-0.3921,0.7146,-0.5056,2.3014,-1.4011,0.1175,-0.3837,0.4526,1.4281,1.9034,-1.0028,0.5248,1.2251,-0.2249,-1.436,0.9723,0.5182,-0.5815,1.0879,-1.4588,-0.3004,0.0137,0.2818,0.4736
CMPD_10970,TRG_2070,Transporter,133.741,5.66,1,1,5,23.711,HTS,7.69,24.2,ChEMBL,0.783,7.226,1,-0.7633,0.2218,-0.0724,0.1398,-1.4321,0.2067,-0.8731,2.0091,0.6204,-1.3833,-1.6012,-0.469,1.1778,0.4671,-0.3383,0.1954,-0.4097,1.7304,-2.0691,-0.6144,-1.5309,0.2715,-0.4815,1.5969
CMPD_10971,TRG_2071,Enzyme,404.23,5.331,2,10,5,161.887,SPR,7.24,27.1,Literature,0.794,6.113,0,-0.5449,-1.855,-1.8782,0.3514,-0.7812,-0.1712,1.0333,0.303,-0.2083,-0.4701,1.9553,-0.2405,1.504,-0.0569,-0.2181,0.1683,-1.6959,-0.105,-0.0568,-0.6079,1.3121,-0.7879,-1.93,-0.8749
CMPD_10972,TRG_2072,Transporter,297.674,1.662,0,1,1,115.043,HTS,7.48,28.0,Literature,0.388,6.986,1,-0.0392,-0.6614,-0.2201,1.1575,0.2176,-0.0558,0.0928,0.6477,-1.2174,1.5023,-0.5822,-0.9778,1.7048,-0.2118,-0.4504,-0.2266,0.8964,-0.45,-0.281,-1.0679,-0.1504,0.7211,2.4861,1.9311
CMPD_10973,TRG_2073,Kinase,203.549,2.228,0,2,5,43.822,Functional Assay,6.42,19.5,BindingDB,0.287,5.407,0,-0.2536,0.4252,1.1006,1.0239,1.3386,-0.1248,-0.9291,0.1097,-0.6449,-1.2118,-0.0122,0.5896,-0.4315,0.9445,0.37,-1.0645,-0.1038,-0.2074,1.5114,0.6148,-0.2057,1.004,-0.0267,0.3453
CMPD_10974,TRG_2074,Kinase,390.896,2.367,0,3,7,114.096,Binding Assay,8.03,24.5,ChEMBL,0.502,6.385,0,0.2042,-0.6688,-1.1196,-1.7377,0.8431,-0.116,-0.2712,-1.053,0.0677,0.7734,0.777,1.395,-0.0797,-1.5891,0.3402,-0.2003,1.2521,-0.6798,-0.1849,-0.8296,1.3004,-2.4387,0.2782,-2.1581
CMPD_10975,TRG_2075,GPCR,459.893,1.687,2,3,7,137.145,Binding Assay,6.91,25.3,ChEMBL,0.536,6.276,0,1.1532,-0.1477,0.969,0.553,-0.1735,-0.8236,1.2694,-1.1774,-1.027,0.7552,-0.4923,1.1837,0.16,-1.3422,0.1001,-0.0056,-0.1005,-0.5209,0.0502,0.1537,0.1651,0.7595,-1.9893,-0.5249
CMPD_10976,TRG_2076,IonChannel,339.004,2.851,0,7,2,165.952,Binding Assay,7.12,26.6,ChEMBL,0.885,5.139,0,-0.3738,-0.8732,-0.8004,0.8507,2.4817,0.5392,1.1319,0.6653,0.0229,-1.4949,-0.2993,0.2126,1.0238,-0.4437,-0.7446,-0.966,0.4215,2.3055,1.4672,0.4656,-0.0586,0.1482,0.0474,0.4833
CMPD_10977,TRG_2077,Kinase,426.23,1.135,2,9,3,82.251,Binding Assay,8.5,25.3,BindingDB,0.753,5.899,0,1.2538,0.4267,-1.1646,-0.1165,1.4014,-0.3867,-1.0784,-0.4401,2.3064,0.4314,-1.5388,-0.1633,0.3743,-0.4127,-0.4495,0.3724,1.5592,1.2084,0.1084,0.3241,-0.7462,0.6061,2.5749,1.3197
CMPD_10978,TRG_2078,GPCR,478.982,0.465,1,4,2,126.172,Functional Assay,7.07,26.2,BindingDB,0.923,7.481,1,-0.0552,-0.1931,0.2719,0.6066,-1.3503,-1.1866,0.8047,0.3704,1.2487,0.8788,0.1342,-0.8942,1.1628,-0.6877,1.0088,1.1858,-0.5259,0.9912,1.5785,-1.578,0.2113,0.1233,-0.5871,-0.3375
CMPD_10979,TRG_2079,IonChannel,455.193,3.621,0,6,3,73.27,Binding Assay,7.64,24.3,BindingDB,0.325,7.045,1,0.2888,-2.2287,0.1383,1.4828,0.695,-0.5711,-0.6912,-0.0918,-0.3369,-1.1059,0.2929,0.6692,1.0562,-0.2552,-0.6604,1.4529,-1.0163,-0.8732,0.583,0.3013,-0.3599,-1.9158,0.524,-0.4067
CMPD_10980,TRG_2080,GPCR,481.197,3.633,0,2,7,149.315,SPR,7.51,22.6,InHouse,0.309,7.998,1,0.4382,-0.2199,-1.2446,1.139,2.1006,-1.8421,1.4162,-1.0747,-1.2864,0.0141,0.471,1.0707,-0.2225,1.3748,0.4391,0.0567,-1.015,0.4986,-0.3761,1.8448,-0.5103,0.1158,-1.494,0.6273
CMPD_10981,TRG_2081,Transporter,409.37,1.052,2,9,3,97.871,Binding Assay,6.4,27.4,ChEMBL,0.086,7.218,1,-0.5171,0.4658,0.6534,-0.4212,-1.8825,-0.3023,0.2898,0.2587,-0.0396,0.1902,1.1173,0.6438,0.6942,-1.0897,1.0215,2.1026,1.2186,0.8112,-1.2313,2.0023,0.7961,-0.0686,0.5935,-0.88
CMPD_10982,TRG_2082,Kinase,356.035,4.112,2,5,4,86.724,Functional Assay,6.6,27.4,ChEMBL,0.694,5.603,0,-0.1148,-0.0136,0.1408,-0.2113,1.0391,-2.378,0.4019,-2.1414,1.7972,-0.9375,-0.42,0.1069,1.1137,0.014,0.2237,-0.6878,-0.8709,1.6674,-0.4447,-0.5698,0.2481,-0.5644,0.4389,1.5715
CMPD_10983,TRG_2083,Kinase,221.843,1.363,1,2,4,125.94,HTS,8.42,27.0,ChEMBL,0.258,6.388,0,-0.4047,1.2163,1.4196,-0.3542,1.1346,0.6224,0.6828,1.5676,0.0674,-0.5617,-0.0179,0.8059,0.3844,0.0154,-0.2596,0.55,-2.2975,0.8171,-0.1381,-0.1895,0.3055,0.7122,2.1833,-1.1782
CMPD_10984,TRG_2084,Transporter,330.315,2.956,0,3,7,66.16,Binding Assay,7.55,27.5,ChEMBL,0.875,4.065,0,0.6599,0.4359,0.3806,0.5976,2.3412,-1.5827,-3.3557,0.2074,-0.0731,0.6654,-0.9878,0.2659,0.6346,-1.0865,0.1855,0.1042,-0.6123,0.0855,0.0994,1.133,0.6335,-0.427,0.642,-0.6331
CMPD_10985,TRG_2085,GPCR,282.54,3.977,4,10,1,78.381,SPR,7.19,22.1,ChEMBL,0.244,8.21,1,0.2033,1.9271,2.1548,1.015,0.2502,-0.2028,2.0481,-0.6292,1.0713,2.1511,-0.152,-0.4781,1.8595,-0.3423,-1.426,1.2633,0.1333,1.1681,-0.4703,0.5841,0.6111,0.7531,0.8308,0.1465
CMPD_10986,TRG_2086,Transporter,523.675,2.439,0,4,4,138.759,SPR,6.88,23.5,BindingDB,0.557,7.119,1,-0.5668,0.5069,-1.2257,0.3678,0.6259,-0.1923,1.4216,-0.8115,0.2125,-0.3738,0.9384,0.797,-0.4449,0.9955,-0.1283,-0.5789,0.4143,-0.4488,-1.7182,0.6692,-1.4433,-0.2033,-0.7066,-0.4903
CMPD_10987,TRG_2087,GPCR,335.929,3.319,2,6,4,84.946,Binding Assay,7.39,28.4,InHouse,0.754,8.095,1,-2.1958,1.1183,-0.9816,-2.3252,-0.3685,1.1843,1.7249,0.6992,0.7239,1.9051,-1.9791,0.7297,-0.5767,-0.6633,-1.0346,0.8402,0.8785,0.8709,-0.3431,-0.8875,0.6413,-2.3096,0.3608,-1.0074
CMPD_10988,TRG_2088,Kinase,359.856,1.57,3,6,5,218.828,Functional Assay,7.45,26.1,InHouse,0.213,6.847,1,0.0473,-0.3919,-0.6035,0.9948,0.1486,-0.682,0.1229,0.1952,0.1398,-0.1781,1.999,-0.3806,0.2657,-1.5195,-1.2425,-0.8628,2.3687,1.8906,0.8021,-0.1013,0.5706,-1.0097,0.5668,0.1483
CMPD_10989,TRG_2089,Enzyme,394.119,2.146,2,5,1,48.837,Binding Assay,7.34,25.2,InHouse,0.318,3.846,0,1.5871,-0.6148,-1.1169,-2.1825,0.3816,0.6855,0.8705,-0.863,1.5765,0.3417,0.4201,0.6742,-0.8602,-1.3065,1.5941,-0.5177,0.7337,0.5787,0.676,-1.8452,-0.4541,-0.0291,0.1773,-0.8412
CMPD_10990,TRG_2090,Transporter,353.488,2.129,1,4,1,131.809,SPR,7.84,24.2,InHouse,0.732,6.007,0,0.7897,0.2534,0.3686,-2.1391,-0.5434,1.0005,-2.4725,-0.6938,2.0121,-0.464,0.8046,-1.2367,-1.6617,0.0148,0.4339,0.5292,-0.445,0.2983,1.5989,0.6209,-0.2473,-0.0724,-0.9281,0.023
CMPD_10991,TRG_2091,Transporter,485.604,1.156,1,8,2,242.776,Functional Assay,6.68,28.8,InHouse,0.789,6.339,0,0.3918,0.8442,0.5228,0.6393,-1.0558,-2.054,1.3602,-1.3968,-0.7379,-0.0563,-0.078,0.5967,0.2445,0.7396,-0.7217,0.517,0.7088,0.4272,-2.1847,1.2227,3.1975,1.252,-0.2547,-0.1377
CMPD_10992,TRG_2092,GPCR,300.188,2.182,1,3,1,133.22,Functional Assay,6.6,19.7,ChEMBL,0.375,3.239,0,2.0503,0.3549,-1.5336,-1.2419,-0.638,0.7316,-0.9617,0.4113,0.3438,0.9965,-0.3785,0.1608,0.3935,-1.0566,-1.1188,-0.0516,-0.0497,-1.7469,0.1851,-0.3982,-1.4811,-0.1539,0.4163,-1.0516
CMPD_10993,TRG_2093,IonChannel,365.569,-0.288,1,2,4,111.548,SPR,7.83,25.9,Literature,0.27,4.21,0,-0.5634,-0.7404,2.2788,0.4531,-1.3777,-0.3166,0.5247,-0.5166,0.2517,-0.5101,1.1827,-1.1338,-1.1446,-0.0934,-0.3038,0.9283,-0.1951,-1.7698,-1.2275,0.7713,-0.5852,0.7022,0.4824,-1.4098
CMPD_10994,TRG_2094,GPCR,290.602,1.616,0,4,2,40.27,Binding Assay,8.47,24.8,ChEMBL,0.734,8.153,1,-0.2566,-0.6707,-0.1456,-1.0052,1.1776,0.1403,2.0159,1.271,-0.4518,-0.2781,2.1759,0.9976,-2.3696,0.5624,0.2283,-1.7684,-0.4993,-0.8766,-1.7704,-0.1852,0.4124,1.1203,0.7907,-1.6741
CMPD_10995,TRG_2095,Kinase,244.398,1.987,2,3,1,125.51,SPR,7.71,21.2,ChEMBL,0.625,8.213,1,-1.8331,-0.0034,-0.6076,0.9837,-0.8171,-0.4637,-0.6887,-0.2152,-1.9453,-0.9417,-1.2522,0.7282,1.3448,0.2686,0.121,0.2999,0.4752,0.8704,-1.7012,0.2203,-1.1153,0.4052,-0.9655,-0.1046
CMPD_10996,TRG_2096,Enzyme,301.058,2.039,0,2,3,127.811,HTS,7.98,29.8,ChEMBL,0.612,6.791,1,-0.3572,0.4115,-2.5948,-0.0279,-1.1112,-1.1391,0.33,-0.4973,-0.9499,0.2125,0.5019,-0.6688,-0.4224,0.768,-0.5497,-2.0409,0.315,-0.6751,1.0149,0.6322,-0.4237,-0.595,-1.7288,-1.368
CMPD_10997,TRG_2097,Kinase,347.037,2.065,3,4,2,42.923,HTS,7.16,16.9,Literature,0.58,6.835,1,0.4279,-0.5961,-1.0624,-1.6318,-0.7649,0.6138,0.749,-0.735,0.4265,-1.2264,0.4747,1.9863,-0.5769,-0.5824,0.6923,1.432,0.7201,-1.3682,0.5228,0.1883,0.323,-0.5993,0.1257,0.9807
CMPD_10998,TRG_2098,Enzyme,315.656,2.389,1,8,2,81.885,SPR,7.36,25.4,Literature,0.442,9.845,1,-1.331,1.0454,-0.1743,0.6439,0.3179,0.8937,-1.7214,-0.5595,-0.9481,1.0867,-0.2776,0.7269,2.2414,0.3982,1.1536,-1.8092,0.452,0.6371,0.107,-0.4891,0.6574,0.9636,-0.1652,1.8611
CMPD_10999,TRG_2099,GPCR,294.606,3.363,0,2,4,40.138,Binding Assay,7.35,26.6,InHouse,0.58,8.177,1,-0.5771,-0.2649,-0.9421,-0.2856,-0.6221,-0.8498,0.232,-0.8868,-1.5965,-0.1577,-1.4151,1.3877,-1.0016,-1.174,1.4754,-0.3983,0.3465,1.882,-0.8517,0.2874,-0.6408,0.6192,-0.3347,0.7032
